"word","kjv_count","priority","lookup_candidates","sample_references","supplemental_help"
"israel","2575","high","israel","Genesis 32:28; Genesis 32:32; Genesis 34:7; Genesis 35:10; Genesis 35:10","Easton; Nave"
"david","1064","high","david","Ruth 4:17; Ruth 4:22; 1 Samuel 16:13; 1 Samuel 16:19; 1 Samuel 16:20","Easton; Nave"
"jesus","983","high","jesus; jesu","Matthew 1:1; Matthew 1:16; Matthew 1:18; Matthew 1:21; Matthew 1:25","Easton; Nave"
"moses","847","high","moses; mos; mose","Exodus 2:10; Exodus 2:11; Exodus 2:14; Exodus 2:15; Exodus 2:15","Easton"
"judah","816","high","judah","Genesis 29:35; Genesis 35:23; Genesis 37:26; Genesis 38:1; Genesis 38:2","Easton; Nave"
"jerusalem","814","high","jerusalem","Joshua 10:1; Joshua 10:3; Joshua 10:5; Joshua 10:23; Joshua 12:10","Easton; Nave"
"egypt","611","high","egypt","Genesis 12:10; Genesis 12:11; Genesis 12:14; Genesis 13:1; Genesis 13:10","Easton"
"saul","420","high","saul","Genesis 36:37; Genesis 36:38; 1 Samuel 9:2; 1 Samuel 9:3; 1 Samuel 9:3","Easton"
"jacob","377","high","jacob","Genesis 25:26; Genesis 25:27; Genesis 25:28; Genesis 25:29; Genesis 25:30","Easton; Nave"
"aaron","350","high","aaron","Exodus 4:14; Exodus 4:27; Exodus 4:28; Exodus 4:29; Exodus 4:30","Easton; Nave"
"solomon","304","high","solomon","2 Samuel 5:14; 2 Samuel 12:24; 1 Kings 1:10; 1 Kings 1:11; 1 Kings 1:12","Easton; Nave"
"babylon","294","high","babylon","2 Kings 17:24; 2 Kings 17:30; 2 Kings 20:12; 2 Kings 20:14; 2 Kings 20:17","Easton; Nave"
"pharaoh","273","high","pharaoh","Genesis 12:15; Genesis 12:15; Genesis 12:15; Genesis 12:17; Genesis 12:18","Easton; Nave"
"philistines","254","high","philistines; philistine","Genesis 21:32; Genesis 21:34; Genesis 26:1; Genesis 26:8; Genesis 26:14","Easton; Nave"
"abraham","250","high","abraham","Genesis 17:5; Genesis 17:9; Genesis 17:15; Genesis 17:17; Genesis 17:18","Easton; Nave"
"joseph","250","high","joseph","Genesis 30:24; Genesis 30:25; Genesis 33:2; Genesis 33:7; Genesis 35:24","Easton; Nave"
"joshua","216","high","joshua","Exodus 17:9; Exodus 17:10; Exodus 17:13; Exodus 17:14; Exodus 24:13","Easton; Nave"
"jordan","197","high","jordan","Genesis 13:10; Genesis 13:11; Genesis 32:10; Genesis 50:10; Genesis 50:11","Easton; Nave"
"ephraim","176","high","ephraim","Genesis 41:52; Genesis 46:20; Genesis 48:1; Genesis 48:5; Genesis 48:13","Easton; Nave"
"moab","168","high","moab","Genesis 19:37; Genesis 36:35; Exodus 15:15; Numbers 21:11; Numbers 21:13","Easton"
"paul","162","high","paul","Acts 13:9; Acts 13:13; Acts 13:16; Acts 13:43; Acts 13:45","Easton; Nave"
"peter","162","high","peter","Matthew 4:18; Matthew 8:14; Matthew 10:2; Matthew 14:28; Matthew 14:29","Easton; Nave"
"jeremiah","147","high","jeremiah","2 Kings 23:31; 2 Kings 24:18; 1 Chronicles 5:24; 1 Chronicles 12:4; 1 Chronicles 12:10","Easton; Nave"
"manasseh","147","high","manasseh","Genesis 41:51; Genesis 46:20; Genesis 48:1; Genesis 48:5; Genesis 48:13","Easton; Nave"
"joab","145","high","joab","1 Samuel 26:6; 2 Samuel 2:13; 2 Samuel 2:14; 2 Samuel 2:14; 2 Samuel 2:18","Easton; Nave"
"samuel","142","high","samuel","1 Samuel 1:20; 1 Samuel 2:18; 1 Samuel 2:21; 1 Samuel 2:26; 1 Samuel 3:1","Easton; Nave"
"john","133","high","john","Matthew 3:1; Matthew 3:4; Matthew 3:13; Matthew 3:14; Matthew 4:12","Easton; Nave"
"isaac","132","high","isaac","Genesis 17:19; Genesis 17:21; Genesis 21:3; Genesis 21:4; Genesis 21:5","Easton; Nave"
"hezekiah","128","high","hezekiah","2 Kings 16:20; 2 Kings 18:1; 2 Kings 18:9; 2 Kings 18:10; 2 Kings 18:13","Easton; Nave"
"samaria","124","high","samaria","1 Kings 13:32; 1 Kings 16:24; 1 Kings 16:24; 1 Kings 16:28; 1 Kings 16:29","Easton; Nave"
"jonathan","121","high","jonathan","Judges 18:30; 1 Samuel 13:2; 1 Samuel 13:3; 1 Samuel 13:16; 1 Samuel 13:22","Easton; Nave"
"assyria","118","high","assyria","Genesis 2:14; Genesis 25:18; 2 Kings 15:19; 2 Kings 15:20; 2 Kings 15:20","Easton; Nave"
"absalom","108","high","absalom","2 Samuel 3:3; 2 Samuel 13:1; 2 Samuel 13:4; 2 Samuel 13:20; 2 Samuel 13:20","Easton"
"jeroboam","104","high","jeroboam","1 Kings 11:26; 1 Kings 11:28; 1 Kings 11:29; 1 Kings 11:31; 1 Kings 11:40","Easton"
"gilead","101","high","gilead","Genesis 31:21; Genesis 31:23; Genesis 31:25; Genesis 37:25; Numbers 26:29","Easton; Nave"
"esau","100","high","esau","Genesis 25:25; Genesis 25:26; Genesis 25:27; Genesis 25:28; Genesis 25:29","Easton; Nave"
"ahab","94","high","ahab","1 Kings 16:28; 1 Kings 16:29; 1 Kings 16:29; 1 Kings 16:30; 1 Kings 16:33","Easton"
"ammon","91","high","ammon","Genesis 19:38; Numbers 21:24; Numbers 21:24; Deuteronomy 2:19; Deuteronomy 2:19","Easton; Nave"
"canaan","91","high","canaan","Genesis 9:18; Genesis 9:22; Genesis 9:25; Genesis 9:26; Genesis 9:27","Easton"
"edom","86","high","edom","Genesis 25:30; Genesis 32:3; Genesis 36:1; Genesis 36:8; Genesis 36:16","Easton; Nave"
"jehoshaphat","85","high","jehoshaphat","2 Samuel 8:16; 2 Samuel 20:24; 1 Kings 4:3; 1 Kings 4:17; 1 Kings 15:24","Easton; Nave"
"daniel","83","high","daniel","1 Chronicles 3:1; Ezra 8:2; Nehemiah 10:6; Ezekiel 14:14; Ezekiel 14:20","Easton; Nave"
"simon","76","high","simon","Matthew 4:18; Matthew 10:2; Matthew 10:4; Matthew 13:55; Matthew 16:16","Easton; Nave"
"selah","75","high","selah","2 Kings 14:7; Psalms 3:2; Psalms 3:4; Psalms 3:8; Psalms 4:2","Easton; Nave"
"syria","75","high","syria","Judges 10:6; 2 Samuel 8:6; 2 Samuel 8:12; 2 Samuel 15:8; 1 Kings 10:29","Easton; Nave"
"eleazar","74","high","eleazar","Exodus 6:23; Exodus 6:25; Exodus 28:1; Leviticus 10:6; Leviticus 10:12","Easton"
"reuben","74","high","reuben","Genesis 29:32; Genesis 30:14; Genesis 35:22; Genesis 35:23; Genesis 37:21","Easton; Nave"
"amorites","73","high","amorites; amorite","Genesis 14:7; Genesis 15:16; Genesis 15:21; Exodus 3:8; Exodus 3:17","Easton"
"hebron","73","high","hebron","Genesis 13:18; Genesis 23:2; Genesis 23:19; Genesis 35:27; Genesis 37:14","Easton; Nave"
"galilee","72","high","galilee","Joshua 20:7; Joshua 21:32; 1 Kings 9:11; 2 Kings 15:29; 1 Chronicles 6:76","Easton; Nave"
"levi","72","high","levi","Genesis 29:34; Genesis 34:25; Genesis 34:30; Genesis 35:23; Genesis 46:11","Easton; Nave"
"lebanon","71","high","lebanon","Deuteronomy 1:7; Deuteronomy 3:25; Deuteronomy 11:24; Joshua 1:4; Joshua 9:1","Easton; Nave"
"elijah","69","high","elijah","1 Kings 17:1; 1 Kings 17:13; 1 Kings 17:15; 1 Kings 17:16; 1 Kings 17:18","Easton; Nave"
"abimelech","66","high","abimelech","Genesis 20:2; Genesis 20:3; Genesis 20:4; Genesis 20:8; Genesis 20:9","Easton"
"bethel","66","high","bethel","Genesis 12:8; Genesis 12:8; Genesis 13:3; Genesis 13:3; Genesis 28:19","Easton; Nave"
"chaldeans","66","high","chaldeans; chaldean; chaldeane","Job 1:17; Isaiah 23:13; Isaiah 43:14; Isaiah 47:1; Isaiah 47:5","Nave"
"jericho","64","high","jericho","Numbers 22:1; Numbers 26:3; Numbers 26:63; Numbers 31:12; Numbers 33:48","Easton; Nave"
"shechem","64","high","shechem","Genesis 33:18; Genesis 33:19; Genesis 34:2; Genesis 34:4; Genesis 34:6","Easton; Nave"
"abner","63","high","abner","1 Samuel 14:50; 1 Samuel 14:51; 1 Samuel 17:55; 1 Samuel 17:55; 1 Samuel 17:55","Easton; Nave"
"balaam","63","high","balaam","Numbers 22:5; Numbers 22:7; Numbers 22:8; Numbers 22:9; Numbers 22:10","Easton; Nave"
"zedekiah","62","high","zedekiah","1 Kings 22:11; 1 Kings 22:24; 2 Kings 24:17; 2 Kings 24:18; 2 Kings 24:20","Easton; Nave"
"abram","61","high","abram; abraham","Genesis 11:26; Genesis 11:27; Genesis 11:29; Genesis 11:29; Genesis 11:31","Easton; Nave"
"syrians","61","high","syrians; syria; syrian; syriane","2 Samuel 8:5; 2 Samuel 8:5; 2 Samuel 8:6; 2 Samuel 8:13; 2 Samuel 10:6","Easton; Nave"
"damascus","60","high","damascus; damascu","Genesis 14:15; Genesis 15:2; 2 Samuel 8:5; 2 Samuel 8:6; 1 Kings 11:24","Easton; Nave"
"mordecai","60","high","mordecai","Ezra 2:2; Nehemiah 7:7; Esther 2:5; Esther 2:7; Esther 2:10","Easton; Nave"
"nebuchadnezzar","60","high","nebuchadnezzar","2 Kings 24:1; 2 Kings 24:10; 2 Kings 24:11; 2 Kings 25:1; 2 Kings 25:8","Easton"
"bashan","59","high","bashan","Numbers 21:33; Numbers 21:33; Numbers 32:33; Deuteronomy 1:4; Deuteronomy 3:1","Easton; Nave"
"jehu","59","high","jehu","1 Kings 16:1; 1 Kings 16:7; 1 Kings 16:12; 1 Kings 19:16; 1 Kings 19:17","Easton"
"elisha","58","high","elisha","1 Kings 19:16; 1 Kings 19:17; 1 Kings 19:19; 2 Kings 2:1; 2 Kings 2:2","Easton; Nave"
"esther","56","high","esther","Esther 2:7; Esther 2:8; Esther 2:10; Esther 2:11; Esther 2:15","Easton; Nave"
"pilate","56","high","pilate","Matthew 27:2; Matthew 27:13; Matthew 27:17; Matthew 27:22; Matthew 27:24","Nave"
"canaanites","55","high","canaanites; canaanite","Genesis 10:18; Genesis 10:19; Genesis 15:21; Genesis 24:3; Genesis 24:37","Easton; Nave"
"laban","55","high","laban","Genesis 24:29; Genesis 24:29; Genesis 24:50; Genesis 25:20; Genesis 27:43","Easton; Nave"
"mary","54","high","mary","Matthew 1:16; Matthew 1:18; Matthew 1:20; Matthew 2:11; Matthew 13:55","Easton; Nave"
"haman","53","high","haman","Esther 3:1; Esther 3:2; Esther 3:4; Esther 3:5; Esther 3:5","Easton; Nave"
"josiah","53","high","josiah","1 Kings 13:2; 2 Kings 21:24; 2 Kings 21:26; 2 Kings 22:1; 2 Kings 22:3","Easton; Nave"
"noah","53","high","noah","Genesis 5:29; Genesis 5:30; Genesis 5:32; Genesis 5:32; Genesis 6:8","Easton; Nave"
"zadok","53","high","zadok","2 Samuel 8:17; 2 Samuel 15:24; 2 Samuel 15:25; 2 Samuel 15:27; 2 Samuel 15:29","Easton; Nave"
"jehoiada","52","high","jehoiada","2 Samuel 8:18; 2 Samuel 20:23; 2 Samuel 23:20; 2 Samuel 23:22; 1 Kings 1:8","Easton"
"naphtali","50","high","naphtali","Genesis 30:8; Genesis 35:25; Genesis 46:24; Genesis 49:21; Exodus 1:4","Easton; Nave"
"rehoboam","50","high","rehoboam","1 Kings 11:43; 1 Kings 12:1; 1 Kings 12:3; 1 Kings 12:6; 1 Kings 12:12","Easton; Nave"
"simeon","50","high","simeon","Genesis 29:33; Genesis 34:25; Genesis 34:30; Genesis 35:23; Genesis 42:24","Easton; Nave"
"azariah","49","high","azariah","1 Kings 4:2; 1 Kings 4:5; 2 Kings 14:21; 2 Kings 15:1; 2 Kings 15:6","Easton"
"joash","49","high","joash","Judges 6:11; Judges 6:29; Judges 6:30; Judges 6:31; Judges 7:14","Easton; Nave"
"gibeah","48","high","gibeah","Joshua 15:57; Judges 19:12; Judges 19:13; Judges 19:14; Judges 19:15","Easton"
"ishmael","48","high","ishmael","Genesis 16:11; Genesis 16:15; Genesis 16:16; Genesis 17:18; Genesis 17:20","Easton; Nave"
"sodom","48","high","sodom","Genesis 10:19; Genesis 13:10; Genesis 13:12; Genesis 13:13; Genesis 14:2","Easton; Nave"
"rachel","47","high","rachel","Genesis 29:6; Genesis 29:9; Genesis 29:10; Genesis 29:11; Genesis 29:12","Easton; Nave"
"zebulun","45","high","zebulun","Genesis 30:20; Genesis 35:23; Genesis 46:14; Genesis 49:13; Exodus 1:3","Easton; Nave"
"herod","44","high","herod","Matthew 2:1; Matthew 2:3; Matthew 2:7; Matthew 2:12; Matthew 2:13","Nave"
"issachar","44","high","issachar","Genesis 30:18; Genesis 35:23; Genesis 46:13; Genesis 49:14; Exodus 1:3","Easton; Nave"
"asher","43","high","asher","Genesis 30:13; Genesis 35:26; Genesis 46:17; Genesis 49:20; Exodus 1:4","Easton"
"balak","43","high","balak","Numbers 22:2; Numbers 22:4; Numbers 22:7; Numbers 22:10; Numbers 22:13","Easton; Nave"
"judaea","43","high","judaea; judea","Matthew 2:1; Matthew 2:5; Matthew 2:22; Matthew 3:1; Matthew 3:5","Easton; Nave"
"ahaz","42","high","ahaz","2 Kings 15:38; 2 Kings 16:1; 2 Kings 16:2; 2 Kings 16:5; 2 Kings 16:7","Easton"
"benaiah","42","high","benaiah","2 Samuel 8:18; 2 Samuel 20:23; 2 Samuel 23:20; 2 Samuel 23:22; 2 Samuel 23:30","Easton; Nave"
"james","42","high","james; jame","Matthew 4:21; Matthew 10:2; Matthew 10:3; Matthew 13:55; Matthew 17:1","Easton; Nave"
"nathan","42","high","nathan","2 Samuel 5:14; 2 Samuel 7:2; 2 Samuel 7:3; 2 Samuel 7:4; 2 Samuel 7:17","Easton; Nave"
"shimei","42","high","shimei","Numbers 3:18; 2 Samuel 16:5; 2 Samuel 16:7; 2 Samuel 16:13; 2 Samuel 19:16","Easton; Nave"
"gilgal","41","high","gilgal","Deuteronomy 11:30; Joshua 4:19; Joshua 4:20; Joshua 5:9; Joshua 5:10","Easton; Nave"
"shemaiah","41","high","shemaiah","1 Kings 12:22; 1 Chronicles 3:22; 1 Chronicles 3:22; 1 Chronicles 4:37; 1 Chronicles 5:4","Easton; Nave"
"amaziah","40","high","amaziah","2 Kings 12:21; 2 Kings 13:12; 2 Kings 14:1; 2 Kings 14:8; 2 Kings 14:9","Easton; Nave"
"ephah","39","high","ephah","Genesis 25:4; Exodus 16:36; Leviticus 5:11; Leviticus 6:20; Leviticus 19:36","Easton; Nave"
"gideon","39","high","gideon","Judges 6:11; Judges 6:13; Judges 6:19; Judges 6:22; Judges 6:22","Easton; Nave"
"merari","39","high","merari","Genesis 46:11; Exodus 6:16; Exodus 6:19; Numbers 3:17; Numbers 3:20","Easton; Nave"
"midian","39","high","midian","Genesis 25:2; Genesis 25:4; Genesis 36:35; Exodus 2:15; Exodus 2:16","Easton; Nave"
"samson","39","high","samson","Judges 13:24; Judges 14:1; Judges 14:3; Judges 14:5; Judges 14:7","Easton; Nave"
"sarah","39","high","sarah","Genesis 17:15; Genesis 17:17; Genesis 17:19; Genesis 17:21; Genesis 18:6","Easton; Nave"
"seir","39","high","seir","Genesis 14:6; Genesis 32:3; Genesis 33:14; Genesis 33:16; Genesis 36:8","Easton"
"zechariah","39","high","zechariah","1 Chronicles 5:7; 1 Chronicles 9:21; 1 Chronicles 9:37; 1 Chronicles 15:18; 1 Chronicles 15:20","Easton; Nave"
"heshbon","38","high","heshbon","Numbers 21:25; Numbers 21:26; Numbers 21:27; Numbers 21:28; Numbers 21:30","Easton; Nave"
"ahaziah","37","high","ahaziah","1 Kings 22:40; 1 Kings 22:49; 1 Kings 22:51; 2 Kings 1:2; 2 Kings 1:18","Easton"
"gibeon","37","high","gibeon","Joshua 9:3; Joshua 9:17; Joshua 10:1; Joshua 10:2; Joshua 10:4","Easton"
"jehoiakim","37","high","jehoiakim","2 Kings 23:34; 2 Kings 23:35; 2 Kings 23:36; 2 Kings 24:1; 2 Kings 24:5","Easton; Nave"
"saviour","37","high","saviour","2 Samuel 22:3; 2 Kings 13:5; Psalms 106:21; Isaiah 19:20; Isaiah 43:3","Easton; Nave"
"sihon","37","high","sihon","Numbers 21:21; Numbers 21:23; Numbers 21:23; Numbers 21:26; Numbers 21:27","Easton; Nave"
"sinai","37","high","sinai","Exodus 16:1; Exodus 19:1; Exodus 19:2; Exodus 19:11; Exodus 19:18","Easton"
"tyre","37","high","tyre","Joshua 19:29; 2 Samuel 5:11; 2 Samuel 24:7; 1 Kings 5:1; 1 Kings 7:13","Easton; Nave"
"caleb","36","high","caleb","Numbers 13:6; Numbers 13:30; Numbers 14:6; Numbers 14:24; Numbers 14:30","Easton"
"jezreel","36","high","jezreel","Joshua 15:56; Joshua 17:16; Joshua 19:18; Judges 6:33; 1 Samuel 25:43","Easton; Nave"
"philip","36","high","philip","Matthew 10:3; Matthew 14:3; Mark 3:18; Mark 6:17; Luke 3:1","Easton; Nave"
"ramah","36","high","ramah","Joshua 18:25; Joshua 19:29; Joshua 19:36; Judges 4:5; Judges 19:13","Nave"
"eli","35","high","eli","1 Samuel 1:3; 1 Samuel 1:9; 1 Samuel 1:12; 1 Samuel 1:13; 1 Samuel 1:14","Easton; Nave"
"asaph","34","high","asaph","2 Kings 18:18; 2 Kings 18:37; 1 Chronicles 6:39; 1 Chronicles 6:39; 1 Chronicles 9:15","Easton; Nave"
"beersheba","34","high","beersheba","Genesis 21:14; Genesis 21:31; Genesis 21:32; Genesis 21:33; Genesis 22:19","Easton; Nave"
"hamath","34","high","hamath","Numbers 13:21; Numbers 34:8; Joshua 13:5; Judges 3:3; 2 Samuel 8:9","Easton; Nave"
"hilkiah","34","high","hilkiah","2 Kings 18:18; 2 Kings 18:26; 2 Kings 18:37; 2 Kings 22:4; 2 Kings 22:8","Easton"
"leah","34","high","leah","Genesis 29:16; Genesis 29:17; Genesis 29:23; Genesis 29:24; Genesis 29:25","Easton; Nave"
"judas","33","high","judas; juda","Matthew 1:2; Matthew 1:3; Matthew 10:4; Matthew 13:55; Matthew 26:14","Easton; Nave"
"philistine","33","high","philistine; philistines","1 Samuel 17:8; 1 Samuel 17:10; 1 Samuel 17:11; 1 Samuel 17:16; 1 Samuel 17:23","Easton; Nave"
"shiloh","33","high","shiloh","Genesis 49:10; Joshua 18:1; Joshua 18:8; Joshua 18:9; Joshua 18:10","Easton; Nave"
"gath","32","high","gath","Joshua 11:22; 1 Samuel 5:8; 1 Samuel 6:17; 1 Samuel 7:14; 1 Samuel 17:4","Easton"
"gedaliah","32","high","gedaliah","2 Kings 25:22; 2 Kings 25:23; 2 Kings 25:23; 2 Kings 25:24; 2 Kings 25:25","Easton; Nave"
"isaiah","32","high","isaiah","2 Kings 19:2; 2 Kings 19:5; 2 Kings 19:6; 2 Kings 19:20; 2 Kings 20:1","Easton; Nave"
"kohath","32","high","kohath","Genesis 46:11; Exodus 6:16; Exodus 6:18; Exodus 6:18; Numbers 3:17","Easton; Nave"
"sheba","32","high","sheba","Genesis 10:7; Genesis 10:28; Genesis 25:3; Joshua 19:2; 2 Samuel 20:1","Easton; Nave"
"shittim","32","high","shittim","Exodus 25:5; Exodus 25:10; Exodus 25:13; Exodus 25:23; Exodus 25:28","Easton; Nave"
"abiathar","31","high","abiathar","1 Samuel 22:20; 1 Samuel 22:21; 1 Samuel 22:22; 1 Samuel 23:6; 1 Samuel 23:9","Easton"
"ahasuerus","31","high","ahasuerus; ahasueru","Ezra 4:6; Esther 1:1; Esther 1:1; Esther 1:2; Esther 1:9","Easton"
"nebuchadrezzar","31","high","nebuchadrezzar","Jeremiah 21:2; Jeremiah 21:7; Jeremiah 22:25; Jeremiah 24:1; Jeremiah 25:1","Easton; Nave"
"caesar","30","high","caesar","Matthew 22:17; Matthew 22:21; Matthew 22:21; Matthew 22:21; Mark 12:14","Easton; Nave"
"elias","30","high","elias; elia","Matthew 11:14; Matthew 16:14; Matthew 17:3; Matthew 17:4; Matthew 17:10","Easton"
"jeshua","30","high","jeshua","1 Chronicles 24:11; 2 Chronicles 31:15; Ezra 2:2; Ezra 2:6; Ezra 2:36","Easton; Nave"
"micah","30","high","micah","Judges 17:1; Judges 17:4; Judges 17:5; Judges 17:8; Judges 17:9","Easton"
"rebekah","30","high","rebekah","Genesis 22:23; Genesis 24:15; Genesis 24:29; Genesis 24:30; Genesis 24:45","Easton"
"shaphan","30","high","shaphan","2 Kings 22:3; 2 Kings 22:8; 2 Kings 22:8; 2 Kings 22:9; 2 Kings 22:10","Easton; Nave"
"barnabas","29","high","barnabas; barnaba","Acts 4:36; Acts 9:27; Acts 11:22; Acts 11:25; Acts 11:30","Easton"
"hananiah","29","high","hananiah","1 Chronicles 3:19; 1 Chronicles 3:21; 1 Chronicles 8:24; 1 Chronicles 25:4; 1 Chronicles 25:23","Easton"
"jephthah","29","high","jephthah","Judges 11:1; Judges 11:1; Judges 11:2; Judges 11:3; Judges 11:3","Easton; Nave"
"joram","29","high","joram","2 Samuel 8:10; 2 Samuel 8:10; 2 Kings 8:16; 2 Kings 8:21; 2 Kings 8:23","Easton; Nave"
"merchants","29","high","merchants; merchant; merchante","1 Kings 10:15; 1 Kings 10:28; 2 Chronicles 1:16; 2 Chronicles 9:14; Nehemiah 3:31","Easton; Nave"
"nazareth","29","high","nazareth; nazar; nazare","Matthew 2:23; Matthew 4:13; Matthew 21:11; Matthew 26:71; Mark 1:9","Easton; Nave"
"persia","29","high","persia","2 Chronicles 36:20; 2 Chronicles 36:22; 2 Chronicles 36:22; 2 Chronicles 36:23; Ezra 1:1","Easton"
"amnon","28","high","amnon","2 Samuel 3:2; 2 Samuel 13:1; 2 Samuel 13:2; 2 Samuel 13:2; 2 Samuel 13:3","Easton; Nave"
"baasha","28","high","baasha","1 Kings 15:16; 1 Kings 15:17; 1 Kings 15:19; 1 Kings 15:21; 1 Kings 15:22","Easton"
"elam","28","high","elam","Genesis 10:22; Genesis 14:1; Genesis 14:9; 1 Chronicles 1:17; 1 Chronicles 8:24","Easton; Nave"
"straight","28","high","straight","Joshua 6:5; Joshua 6:20; 1 Samuel 6:12; 2 Chronicles 32:30; Psalms 5:8","Nave"
"uriah","28","high","uriah","2 Samuel 11:3; 2 Samuel 11:6; 2 Samuel 11:6; 2 Samuel 11:7; 2 Samuel 11:8","Easton; Nave"
"benhadad","27","high","benhadad","1 Kings 15:18; 1 Kings 15:20; 1 Kings 20:1; 1 Kings 20:2; 1 Kings 20:5","Easton; Nave"
"johanan","27","high","johanan","2 Kings 25:23; 1 Chronicles 3:15; 1 Chronicles 3:24; 1 Chronicles 6:9; 1 Chronicles 6:10","Easton; Nave"
"shallum","27","high","shallum","2 Kings 15:10; 2 Kings 15:13; 2 Kings 15:14; 2 Kings 15:15; 2 Kings 22:14","Easton; Nave"
"uzziah","27","high","uzziah","2 Kings 15:13; 2 Kings 15:30; 2 Kings 15:32; 2 Kings 15:34; 1 Chronicles 6:24","Easton; Nave"
"adonijah","26","high","adonijah","2 Samuel 3:4; 1 Kings 1:5; 1 Kings 1:7; 1 Kings 1:8; 1 Kings 1:9","Easton"
"baruch","26","high","baruch","Nehemiah 3:20; Nehemiah 10:6; Nehemiah 11:5; Jeremiah 32:12; Jeremiah 32:13","Easton; Nave"
"carmel","26","high","carmel","Joshua 12:22; Joshua 15:55; Joshua 19:26; 1 Samuel 15:12; 1 Samuel 25:2","Easton"
"ezra","26","high","ezra","1 Chronicles 4:17; Ezra 7:1; Ezra 7:6; Ezra 7:10; Ezra 7:11","Easton; Nave"
"hittite","26","high","hittite; hittites","Genesis 23:10; Genesis 25:9; Genesis 26:34; Genesis 26:34; Genesis 36:2","Easton; Nave"
"korah","26","high","korah","Genesis 36:5; Genesis 36:14; Genesis 36:16; Genesis 36:18; Exodus 6:21","Easton; Nave"
"macedonia","26","high","macedonia","Acts 16:9; Acts 16:9; Acts 16:10; Acts 16:12; Acts 18:5","Easton; Nave"
"zeruiah","26","high","zeruiah","1 Samuel 26:6; 2 Samuel 2:13; 2 Samuel 2:18; 2 Samuel 3:39; 2 Samuel 8:16","Easton"
"abishai","25","high","abishai","1 Samuel 26:6; 1 Samuel 26:6; 1 Samuel 26:7; 1 Samuel 26:8; 1 Samuel 26:9","Easton; Nave"
"arnon","25","high","arnon","Numbers 21:13; Numbers 21:13; Numbers 21:14; Numbers 21:24; Numbers 21:26","Easton"
"darius","25","high","darius; dariu","Ezra 4:5; Ezra 4:24; Ezra 5:5; Ezra 5:6; Ezra 5:7","Easton; Nave"
"fulness","25","high","fulness; fulnes; fulnese","Numbers 18:27; Deuteronomy 33:16; 1 Chronicles 16:32; Job 20:22; Psalms 16:11","Easton"
"jebusites","25","high","jebusites; jebusite","Genesis 15:21; Exodus 3:8; Exodus 3:17; Exodus 13:5; Exodus 23:23","Easton; Nave"
"maaseiah","25","high","maaseiah","1 Chronicles 15:18; 1 Chronicles 15:20; 2 Chronicles 23:1; 2 Chronicles 26:11; 2 Chronicles 28:7","Easton"
"meshullam","25","high","meshullam","2 Kings 22:3; 1 Chronicles 3:19; 1 Chronicles 5:13; 1 Chronicles 8:17; 1 Chronicles 9:7","Easton; Nave"
"nebat","25","high","nebat","1 Kings 11:26; 1 Kings 12:2; 1 Kings 12:15; 1 Kings 15:1; 1 Kings 16:3","Easton"
"phinehas","25","high","phinehas; phineha","Exodus 6:25; Numbers 25:7; Numbers 25:11; Numbers 31:6; Joshua 22:13","Easton; Nave"
"amalek","24","high","amalek","Genesis 36:12; Genesis 36:16; Exodus 17:8; Exodus 17:9; Exodus 17:10","Easton; Nave"
"amalekites","24","high","amalekites; amalekite","Genesis 14:7; Numbers 13:29; Numbers 14:25; Numbers 14:43; Numbers 14:45","Easton"
"armour","24","high","armour","1 Samuel 14:1; 1 Samuel 14:6; 1 Samuel 17:38; 1 Samuel 17:39; 1 Samuel 17:54","Easton"
"boaz","24","high","boaz","Ruth 2:1; Ruth 2:3; Ruth 2:4; Ruth 2:5; Ruth 2:8","Easton; Nave"
"jotham","24","high","jotham","Judges 9:5; Judges 9:7; Judges 9:21; Judges 9:57; 2 Kings 15:5","Easton; Nave"
"lachish","24","high","lachish","Joshua 10:3; Joshua 10:5; Joshua 10:23; Joshua 10:31; Joshua 10:32","Easton; Nave"
"midianites","24","high","midianites; midianite","Genesis 37:28; Genesis 37:36; Numbers 25:17; Numbers 31:2; Numbers 31:3","Easton"
"tamar","24","high","tamar","Genesis 38:6; Genesis 38:11; Genesis 38:11; Genesis 38:13; Genesis 38:24","Easton"
"tarshish","24","high","tarshish","Genesis 10:4; 1 Chronicles 1:7; 2 Chronicles 9:21; 2 Chronicles 9:21; 2 Chronicles 20:36","Easton; Nave"
"cyrus","23","high","cyrus; cyru","2 Chronicles 36:22; 2 Chronicles 36:22; 2 Chronicles 36:23; Ezra 1:1; Ezra 1:1","Easton; Nave"
"hazael","23","high","hazael","1 Kings 19:15; 1 Kings 19:17; 2 Kings 8:8; 2 Kings 8:9; 2 Kings 8:12","Easton"
"hiram","23","high","hiram","2 Samuel 5:11; 1 Kings 5:1; 1 Kings 5:1; 1 Kings 5:2; 1 Kings 5:7","Easton; Nave"
"jehoahaz","23","high","jehoahaz","2 Kings 10:35; 2 Kings 13:1; 2 Kings 13:4; 2 Kings 13:7; 2 Kings 13:8","Easton; Nave"
"jehoram","23","high","jehoram","1 Kings 22:50; 2 Kings 1:17; 2 Kings 1:17; 2 Kings 3:1; 2 Kings 3:6","Easton; Nave"
"mizpah","23","high","mizpah","Genesis 31:49; 1 Kings 15:22; 2 Kings 25:23; 2 Kings 25:25; 2 Chronicles 16:6","Easton; Nave"
"mizpeh","23","high","mizpeh; mizpah","Joshua 11:3; Joshua 11:8; Joshua 15:38; Joshua 18:26; Judges 10:17","Easton; Nave"
"ekron","22","high","ekron","Joshua 13:3; Joshua 15:11; Joshua 15:45; Joshua 15:46; Joshua 19:43","Easton; Nave"
"hittites","22","high","hittites; hittite","Genesis 15:20; Exodus 3:8; Exodus 3:17; Exodus 13:5; Exodus 23:23","Easton; Nave"
"machir","22","high","machir","Genesis 50:23; Numbers 26:29; Numbers 26:29; Numbers 27:1; Numbers 32:39","Easton; Nave"
"nabal","22","high","nabal","1 Samuel 25:3; 1 Samuel 25:4; 1 Samuel 25:5; 1 Samuel 25:9; 1 Samuel 25:10","Easton; Nave"
"naboth","22","high","naboth","1 Kings 21:1; 1 Kings 21:2; 1 Kings 21:3; 1 Kings 21:4; 1 Kings 21:6","Easton; Nave"
"tyrus","22","high","tyrus; tyru","Jeremiah 25:22; Jeremiah 27:3; Jeremiah 47:4; Ezekiel 26:2; Ezekiel 26:3","KJV rare-term help"
"zerubbabel","22","high","zerubbabel","1 Chronicles 3:19; 1 Chronicles 3:19; Ezra 2:2; Ezra 3:2; Ezra 3:8","Easton; Nave"
"achish","21","high","achish","1 Samuel 21:10; 1 Samuel 21:11; 1 Samuel 21:12; 1 Samuel 21:14; 1 Samuel 27:2","Easton; Nave"
"ashdod","21","high","ashdod","Joshua 11:22; Joshua 15:46; Joshua 15:47; 1 Samuel 5:1; 1 Samuel 5:3","Easton"
"asia","21","high","asia","Acts 2:9; Acts 6:9; Acts 16:6; Acts 19:10; Acts 19:22","Easton; Nave"
"bethshemesh","21","high","bethshemesh","Joshua 15:10; Joshua 19:22; Joshua 19:38; Joshua 21:16; Judges 1:33","Easton; Nave"
"counsellors","21","high","counsellors; counsellor; counsellore","2 Chronicles 22:4; Ezra 4:5; Ezra 7:14; Ezra 7:15; Ezra 7:28","Easton; Nave"
"eliab","21","high","eliab","Numbers 1:9; Numbers 2:7; Numbers 7:24; Numbers 7:29; Numbers 10:16","Easton; Nave"
"elkanah","21","high","elkanah","Exodus 6:24; 1 Samuel 1:1; 1 Samuel 1:4; 1 Samuel 1:8; 1 Samuel 1:19","Easton; Nave"
"esaias","21","high","esaias; esaia","Matthew 3:3; Matthew 4:14; Matthew 8:17; Matthew 12:17; Matthew 13:14","Easton"
"euphrates","21","high","euphrates; euphrate","Genesis 2:14; Genesis 15:18; Deuteronomy 1:7; Deuteronomy 11:24; Joshua 1:4","Easton; Nave"
"ithamar","21","high","ithamar","Exodus 6:23; Exodus 28:1; Exodus 38:21; Leviticus 10:6; Leviticus 10:12","Easton; Nave"
"kish","21","high","kish","1 Samuel 9:1; 1 Samuel 9:3; 1 Samuel 9:3; 1 Samuel 10:11; 1 Samuel 10:21","Easton; Nave"
"naomi","21","high","naomi","Ruth 1:2; Ruth 1:3; Ruth 1:8; Ruth 1:11; Ruth 1:19","Easton; Nave"
"shoes","21","high","shoes; shoe","Exodus 3:5; Exodus 12:11; Deuteronomy 33:25; Joshua 9:5; Joshua 9:13","Easton; Nave"
"shushan","21","high","shushan","Nehemiah 1:1; Esther 1:2; Esther 1:5; Esther 2:3; Esther 2:5","Easton"
"sisera","21","high","sisera","Judges 4:2; Judges 4:7; Judges 4:9; Judges 4:12; Judges 4:13","Easton; Nave"
"zidon","21","high","zidon","Genesis 49:13; Joshua 11:8; Joshua 19:28; Judges 1:31; Judges 10:6","Easton"
"abijah","20","high","abijah","1 Kings 14:1; 1 Chronicles 24:10; 2 Chronicles 11:20; 2 Chronicles 11:22; 2 Chronicles 12:16","Easton"
"ahijah","20","high","ahijah","1 Kings 11:29; 1 Kings 11:30; 1 Kings 12:15; 1 Kings 14:2; 1 Kings 14:4","Easton"
"ahikam","20","high","ahikam","2 Kings 22:12; 2 Kings 22:14; 2 Kings 25:22; 2 Chronicles 34:20; Jeremiah 26:24","Easton"
"ahithophel","20","high","ahithophel","2 Samuel 15:12; 2 Samuel 15:31; 2 Samuel 15:31; 2 Samuel 15:34; 2 Samuel 16:15","Easton; Nave"
"cain","20","high","cain","Genesis 4:1; Genesis 4:2; Genesis 4:3; Genesis 4:5; Genesis 4:5","Easton; Nave"
"ethiopia","20","high","ethiopia","Genesis 2:13; 2 Kings 19:9; Esther 1:1; Esther 8:9; Job 28:19","Easton; Nave"
"joel","20","high","joel","1 Samuel 8:2; 1 Chronicles 4:35; 1 Chronicles 5:4; 1 Chronicles 5:8; 1 Chronicles 5:12","Easton; Nave"
"nadab","20","high","nadab","Exodus 6:23; Exodus 24:1; Exodus 24:9; Exodus 28:1; Leviticus 10:1","Easton; Nave"
"nethaniah","20","high","nethaniah","2 Kings 25:23; 2 Kings 25:25; 1 Chronicles 25:2; 1 Chronicles 25:12; 2 Chronicles 17:8","Easton; Nave"
"obadiah","20","high","obadiah","1 Kings 18:3; 1 Kings 18:3; 1 Kings 18:4; 1 Kings 18:5; 1 Kings 18:6","Easton; Nave"
"obededom","20","high","obededom","2 Samuel 6:10; 2 Samuel 6:11; 2 Samuel 6:11; 2 Samuel 6:12; 2 Samuel 6:12","Easton"
"seraiah","20","high","seraiah","2 Samuel 8:17; 2 Kings 25:18; 2 Kings 25:23; 1 Chronicles 4:13; 1 Chronicles 4:14","Easton; Nave"
"zerah","20","high","zerah","Genesis 36:13; Genesis 36:17; Genesis 36:33; Genesis 46:12; Numbers 26:13","Easton"
"amon","19","medium","amon","1 Kings 22:26; 2 Kings 21:18; 2 Kings 21:19; 2 Kings 21:23; 2 Kings 21:24","Easton; Nave"
"antioch","19","medium","antioch","Acts 6:5; Acts 11:19; Acts 11:20; Acts 11:22; Acts 11:26","Easton"
"gaza","19","medium","gaza","Genesis 10:19; Joshua 10:41; Joshua 11:22; Joshua 15:47; Judges 1:18","Easton; Nave"
"gomorrah","19","medium","gomorrah","Genesis 10:19; Genesis 13:10; Genesis 14:2; Genesis 14:8; Genesis 14:10","Easton; Nave"
"haran","19","medium","haran","Genesis 11:26; Genesis 11:27; Genesis 11:27; Genesis 11:28; Genesis 11:29","Easton"
"hazor","19","medium","hazor","Joshua 11:1; Joshua 11:10; Joshua 11:10; Joshua 11:11; Joshua 11:13","Easton; Nave"
"jonah","19","medium","jonah","2 Kings 14:25; Jonah 1:1; Jonah 1:3; Jonah 1:5; Jonah 1:7","Easton; Nave"
"moabites","19","medium","moabites; moabite","Genesis 19:37; Numbers 22:4; Deuteronomy 2:9; Deuteronomy 2:11; Deuteronomy 2:29","Easton; Nave"
"ramothgilead","19","medium","ramothgilead","1 Kings 4:13; 1 Kings 22:4; 1 Kings 22:6; 1 Kings 22:12; 1 Kings 22:15","Easton"
"armourbearer","18","medium","armourbearer","Judges 9:54; 1 Samuel 14:7; 1 Samuel 14:12; 1 Samuel 14:12; 1 Samuel 14:13","Easton"
"asahel","18","medium","asahel","2 Samuel 2:18; 2 Samuel 2:18; 2 Samuel 2:19; 2 Samuel 2:20; 2 Samuel 2:21","Easton"
"baalim","18","medium","baalim","Judges 2:11; Judges 3:7; Judges 8:33; Judges 10:6; Judges 10:10","Easton"
"gershon","18","medium","gershon","Genesis 46:11; Exodus 6:16; Exodus 6:17; Numbers 3:17; Numbers 3:18","Easton; Nave"
"hangings","18","medium","hangings; hanging; hanginge","Exodus 27:9; Exodus 27:11; Exodus 27:12; Exodus 27:14; Exodus 27:15","Easton; Nave"
"hezron","18","medium","hezron","Genesis 46:9; Genesis 46:12; Exodus 6:14; Numbers 26:6; Numbers 26:21","Easton; Nave"
"keilah","18","medium","keilah","Joshua 15:44; 1 Samuel 23:1; 1 Samuel 23:2; 1 Samuel 23:3; 1 Samuel 23:4","Easton; Nave"
"kirjathjearim","18","medium","kirjathjearim","Joshua 9:17; Joshua 15:9; Joshua 15:60; Joshua 18:14; Joshua 18:15","Easton; Nave"
"libnah","18","medium","libnah","Numbers 33:20; Numbers 33:21; Joshua 10:29; Joshua 10:29; Joshua 10:31","Easton; Nave"
"maachah","18","medium","maachah","Genesis 22:24; 1 Kings 2:39; 1 Kings 15:2; 1 Kings 15:10; 1 Kings 15:13","Easton; Nave"
"manoah","18","medium","manoah","Judges 13:2; Judges 13:8; Judges 13:9; Judges 13:9; Judges 13:11","Easton"
"micaiah","18","medium","micaiah","1 Kings 22:8; 1 Kings 22:9; 1 Kings 22:13; 1 Kings 22:14; 1 Kings 22:15","Easton"
"michal","18","medium","michal","1 Samuel 14:49; 1 Samuel 18:20; 1 Samuel 18:27; 1 Samuel 18:28; 1 Samuel 19:11","Easton; Nave"
"nethinims","18","medium","nethinims; nethinim; nethinime","1 Chronicles 9:2; Ezra 2:43; Ezra 2:58; Ezra 2:70; Ezra 7:7","Easton; Nave"
"nineveh","18","medium","nineveh","Genesis 10:11; Genesis 10:12; 2 Kings 19:36; Isaiah 37:37; Jonah 1:2","Easton"
"omri","18","medium","omri","1 Kings 16:16; 1 Kings 16:17; 1 Kings 16:21; 1 Kings 16:22; 1 Kings 16:22","Easton; Nave"
"perizzites","18","medium","perizzites; perizzite","Genesis 15:20; Genesis 34:30; Exodus 3:8; Exodus 3:17; Exodus 23:23","Easton; Nave; KJV rare-term help"
"succoth","18","medium","succoth","Genesis 33:17; Genesis 33:17; Exodus 12:37; Exodus 13:20; Numbers 33:5","Easton; Nave"
"tirzah","18","medium","tirzah","Numbers 26:33; Numbers 27:1; Numbers 36:11; Joshua 12:24; Joshua 17:3","Nave"
"abigail","17","medium","abigail","1 Samuel 25:3; 1 Samuel 25:14; 1 Samuel 25:18; 1 Samuel 25:23; 1 Samuel 25:32","Easton"
"athaliah","17","medium","athaliah","2 Kings 8:26; 2 Kings 11:1; 2 Kings 11:2; 2 Kings 11:3; 2 Kings 11:13","Easton; Nave"
"caesarea","17","medium","caesarea","Matthew 16:13; Mark 8:27; Acts 8:40; Acts 9:30; Acts 10:1","Easton"
"elah","17","medium","elah","Genesis 36:41; 1 Samuel 17:2; 1 Samuel 17:19; 1 Samuel 21:9; 1 Kings 4:18","Easton"
"eliashib","17","medium","eliashib","1 Chronicles 3:24; 1 Chronicles 24:12; Ezra 10:6; Ezra 10:24; Ezra 10:27","Easton"
"elishama","17","medium","elishama","Numbers 1:10; Numbers 2:18; Numbers 7:48; Numbers 7:53; Numbers 10:22","Easton; Nave"
"ephesus","17","medium","ephesus; ephesu","Acts 18:19; Acts 18:21; Acts 18:24; Acts 19:1; Acts 19:17","Easton; Nave"
"horeb","17","medium","horeb","Exodus 3:1; Exodus 17:6; Exodus 33:6; Deuteronomy 1:2; Deuteronomy 1:6","Easton; Nave"
"jehoash","17","medium","jehoash","2 Kings 11:21; 2 Kings 12:1; 2 Kings 12:2; 2 Kings 12:4; 2 Kings 12:6","Easton; Nave"
"kadesh","17","medium","kadesh","Genesis 14:7; Genesis 16:14; Genesis 20:1; Numbers 13:26; Numbers 20:1","Easton; Nave"
"naaman","17","medium","naaman","Genesis 46:21; Numbers 26:40; Numbers 26:40; 2 Kings 5:1; 2 Kings 5:2","Easton; Nave"
"nahor","17","medium","nahor","Genesis 11:22; Genesis 11:23; Genesis 11:24; Genesis 11:25; Genesis 11:26","Easton; Nave"
"sarai","17","medium","sarai","Genesis 11:29; Genesis 11:30; Genesis 11:31; Genesis 12:5; Genesis 12:11","Easton"
"shem","17","medium","shem","Genesis 5:32; Genesis 6:10; Genesis 7:13; Genesis 9:18; Genesis 9:23","Easton"
"timotheus","17","medium","timotheus; timotheu","Acts 16:1; Acts 17:14; Acts 17:15; Acts 18:5; Acts 19:22","Easton"
"abel","16","medium","abel","Genesis 4:2; Genesis 4:2; Genesis 4:4; Genesis 4:4; Genesis 4:8","Easton; Nave"
"ahimelech","16","medium","ahimelech","1 Samuel 21:1; 1 Samuel 21:1; 1 Samuel 21:2; 1 Samuel 21:8; 1 Samuel 22:9","Easton"
"amariah","16","medium","amariah","1 Chronicles 6:7; 1 Chronicles 6:7; 1 Chronicles 6:11; 1 Chronicles 6:11; 1 Chronicles 6:52","Easton"
"amasa","16","medium","amasa","2 Samuel 17:25; 2 Samuel 17:25; 2 Samuel 19:13; 2 Samuel 20:4; 2 Samuel 20:5","Easton; Nave"
"anathoth","16","medium","anathoth","Joshua 21:18; 1 Kings 2:26; 1 Chronicles 6:60; 1 Chronicles 7:8; Ezra 2:23","Easton"
"aroer","16","medium","aroer","Numbers 32:34; Deuteronomy 2:36; Deuteronomy 3:12; Deuteronomy 4:48; Joshua 12:2","Easton; Nave"
"capernaum","16","medium","capernaum","Matthew 4:13; Matthew 8:5; Matthew 11:23; Matthew 17:24; Mark 1:21","Easton; Nave"
"convocation","16","medium","convocation","Exodus 12:16; Exodus 12:16; Leviticus 23:3; Leviticus 23:7; Leviticus 23:8","Easton; Nave"
"heman","16","medium","heman","1 Kings 4:31; 1 Chronicles 2:6; 1 Chronicles 6:33; 1 Chronicles 15:17; 1 Chronicles 15:19","Easton; Nave"
"hivites","16","medium","hivites; hivite","Exodus 3:8; Exodus 3:17; Exodus 13:5; Exodus 23:23; Deuteronomy 7:1","Easton"
"hur","16","medium","hur","Exodus 17:10; Exodus 17:12; Exodus 24:14; Exodus 31:2; Exodus 35:30","Easton; Nave"
"jehiel","16","medium","jehiel","1 Chronicles 9:35; 1 Chronicles 11:44; 1 Chronicles 15:18; 1 Chronicles 15:20; 1 Chronicles 16:5","Easton; Nave"
"jephunneh","16","medium","jephunneh","Numbers 13:6; Numbers 14:6; Numbers 14:30; Numbers 14:38; Numbers 26:65","Easton; Nave"
"mattaniah","16","medium","mattaniah","2 Kings 24:17; 1 Chronicles 9:15; 1 Chronicles 25:4; 1 Chronicles 25:16; 2 Chronicles 20:14","Easton; Nave"
"musick","16","medium","musick; music","1 Samuel 18:6; 1 Chronicles 15:16; 2 Chronicles 5:13; 2 Chronicles 7:6; 2 Chronicles 23:13","Easton; Nave"
"rabshakeh","16","medium","rabshakeh","2 Kings 18:17; 2 Kings 18:19; 2 Kings 18:26; 2 Kings 18:27; 2 Kings 18:28","Easton; Nave"
"reubenites","16","medium","reubenites; reubenite","Numbers 26:7; Deuteronomy 3:12; Deuteronomy 3:16; Deuteronomy 4:43; Deuteronomy 29:8","Nave"
"uzziel","16","medium","uzziel","Exodus 6:18; Exodus 6:22; Leviticus 10:4; Numbers 3:19; Numbers 3:30","Easton; Nave"
"ziba","16","medium","ziba","2 Samuel 9:2; 2 Samuel 9:2; 2 Samuel 9:3; 2 Samuel 9:4; 2 Samuel 9:9","Easton; Nave"
"abednego","15","medium","abednego","Daniel 1:7; Daniel 2:49; Daniel 3:12; Daniel 3:13; Daniel 3:14","Easton; Nave"
"ahimaaz","15","medium","ahimaaz","1 Samuel 14:50; 2 Samuel 15:27; 2 Samuel 15:36; 2 Samuel 17:17; 2 Samuel 17:20","Easton"
"ahitub","15","medium","ahitub","1 Samuel 14:3; 1 Samuel 22:9; 1 Samuel 22:11; 1 Samuel 22:12; 1 Samuel 22:20","Easton"
"amram","15","medium","amram","Exodus 6:18; Exodus 6:20; Exodus 6:20; Numbers 3:19; Numbers 26:58","Easton; Nave"
"artaxerxes","15","medium","artaxerxes; artaxerx; artaxerxe","Ezra 4:7; Ezra 4:7; Ezra 4:8; Ezra 4:11; Ezra 4:23","Easton; Nave"
"bani","15","medium","bani","2 Samuel 23:36; 1 Chronicles 6:46; 1 Chronicles 9:4; Ezra 2:10; Ezra 10:29","Easton; Nave"
"eliakim","15","medium","eliakim","2 Kings 18:18; 2 Kings 18:26; 2 Kings 18:37; 2 Kings 19:2; 2 Kings 23:34","Easton; Nave"
"eliezer","15","medium","eliezer","Genesis 15:2; Exodus 18:4; 1 Chronicles 7:8; 1 Chronicles 15:24; 1 Chronicles 23:15","Easton; Nave"
"eliphaz","15","medium","eliphaz","Genesis 36:4; Genesis 36:10; Genesis 36:11; Genesis 36:12; Genesis 36:12","Easton; Nave"
"goshen","15","medium","goshen","Genesis 45:10; Genesis 46:28; Genesis 46:28; Genesis 46:29; Genesis 46:34","Easton; Nave"
"hashabiah","15","medium","hashabiah","1 Chronicles 6:45; 1 Chronicles 9:14; 1 Chronicles 25:3; 1 Chronicles 25:19; 1 Chronicles 26:30","Easton; Nave"
"kohathites","15","medium","kohathites; kohathite","Numbers 3:27; Numbers 3:30; Numbers 4:18; Numbers 4:34; Numbers 4:37","Easton"
"lazarus","15","medium","lazarus; lazaru","Luke 16:20; Luke 16:23; Luke 16:24; Luke 16:25; John 11:1","Easton; Nave"
"magicians","15","medium","magicians; magician; magiciane","Genesis 41:8; Genesis 41:24; Exodus 7:11; Exodus 7:22; Exodus 8:7","Easton; Nave"
"mephibosheth","15","medium","mephibosheth; mephibosh; mephiboshe","2 Samuel 4:4; 2 Samuel 9:6; 2 Samuel 9:6; 2 Samuel 9:10; 2 Samuel 9:11","Easton; Nave"
"meshach","15","medium","meshach","Daniel 1:7; Daniel 2:49; Daniel 3:12; Daniel 3:13; Daniel 3:14","Easton"
"michael","15","medium","michael","Numbers 13:13; 1 Chronicles 5:13; 1 Chronicles 5:14; 1 Chronicles 6:40; 1 Chronicles 7:3","Easton; Nave"
"miriam","15","medium","miriam","Exodus 15:20; Exodus 15:21; Numbers 12:1; Numbers 12:4; Numbers 12:5","Easton; Nave"
"nebuzaradan","15","medium","nebuzaradan","2 Kings 25:8; 2 Kings 25:11; 2 Kings 25:20; Jeremiah 39:9; Jeremiah 39:10","Easton; Nave"
"sceptre","15","medium","sceptre","Genesis 49:10; Numbers 24:17; Esther 4:11; Esther 5:2; Esther 5:2","Easton"
"shadrach","15","medium","shadrach","Daniel 1:7; Daniel 2:49; Daniel 3:12; Daniel 3:13; Daniel 3:14","Easton; Nave"
"tobiah","15","medium","tobiah","Ezra 2:60; Nehemiah 2:10; Nehemiah 2:19; Nehemiah 4:3; Nehemiah 4:7","Easton; Nave"
"winepress","15","medium","winepress; winepres; wineprese","Numbers 18:27; Numbers 18:30; Deuteronomy 15:14; Judges 6:11; Judges 7:25","Easton; Nave"
"ziklag","15","medium","ziklag","Joshua 15:31; Joshua 19:5; 1 Samuel 27:6; 1 Samuel 27:6; 1 Samuel 30:1","Easton; Nave"
"zimri","15","medium","zimri","Numbers 25:14; 1 Kings 16:9; 1 Kings 16:10; 1 Kings 16:12; 1 Kings 16:15","Easton; Nave"
"amorite","14","medium","amorite; amorites","Genesis 10:16; Genesis 14:13; Genesis 48:22; Exodus 33:2; Exodus 34:11","Easton"
"barak","14","medium","barak","Judges 4:6; Judges 4:8; Judges 4:9; Judges 4:10; Judges 4:12","Easton; Nave"
"bethhoron","14","medium","bethhoron","Joshua 10:10; Joshua 10:11; Joshua 16:3; Joshua 16:5; Joshua 18:13","Easton"
"canaanite","14","medium","canaanite","Genesis 12:6; Genesis 13:7; Genesis 38:2; Exodus 23:28; Exodus 33:2","Easton"
"colour","14","medium","colour","Leviticus 13:55; Numbers 11:7; Numbers 11:7; Proverbs 23:31; Ezekiel 1:4","Easton"
"counsellor","14","medium","counsellor","2 Samuel 15:12; 1 Chronicles 26:14; 1 Chronicles 27:32; 1 Chronicles 27:33; 2 Chronicles 22:3","Easton; Nave"
"debir","14","medium","debir","Joshua 10:3; Joshua 10:38; Joshua 10:39; Joshua 11:21; Joshua 12:13","Easton"
"gershom","14","medium","gershom","Exodus 2:22; Exodus 18:3; Judges 18:30; 1 Chronicles 6:16; 1 Chronicles 6:17","Easton; Nave"
"hadad","14","medium","hadad","Genesis 36:35; Genesis 36:36; 1 Kings 11:14; 1 Kings 11:17; 1 Kings 11:17","Easton; Nave"
"heber","14","medium","heber","Genesis 46:17; Numbers 26:45; Judges 4:11; Judges 4:17; Judges 4:17","Easton; Nave"
"heth","14","medium","heth","Genesis 10:15; Genesis 23:3; Genesis 23:5; Genesis 23:7; Genesis 23:10","Easton; Nave"
"hushai","14","medium","hushai","2 Samuel 15:32; 2 Samuel 15:37; 2 Samuel 16:16; 2 Samuel 16:16; 2 Samuel 16:17","Easton"
"iddo","14","medium","iddo","1 Kings 4:14; 1 Chronicles 6:21; 1 Chronicles 27:21; 2 Chronicles 9:29; 2 Chronicles 12:15","Easton"
"jebusite","14","medium","jebusite; jebusites","Genesis 10:16; Exodus 33:2; Exodus 34:11; Joshua 9:1; Joshua 11:3","Easton; Nave"
"jeduthun","14","medium","jeduthun","1 Chronicles 9:16; 1 Chronicles 16:38; 1 Chronicles 16:41; 1 Chronicles 16:42; 1 Chronicles 16:42","Easton; Nave"
"jerubbaal","14","medium","jerubbaal","Judges 6:32; Judges 7:1; Judges 8:29; Judges 8:35; Judges 9:1","Easton"
"medes","14","medium","medes; mede","2 Kings 17:6; 2 Kings 18:11; Ezra 6:2; Esther 1:19; Isaiah 13:17","Easton; Nave"
"nethaneel","14","medium","nethaneel","Numbers 1:8; Numbers 2:5; Numbers 7:18; Numbers 7:23; Numbers 10:15","Easton; Nave"
"pashur","14","medium","pashur","1 Chronicles 9:12; Ezra 2:38; Ezra 10:22; Nehemiah 7:41; Nehemiah 10:3","Easton; Nave"
"rimmon","14","medium","rimmon","Joshua 15:32; Judges 20:45; Judges 20:47; Judges 20:47; Judges 21:13","Easton; Nave"
"sadducees","14","medium","sadducees; sadducee","Matthew 3:7; Matthew 16:1; Matthew 16:6; Matthew 16:11; Matthew 16:12","Easton; Nave"
"sidon","14","medium","sidon","Genesis 10:15; Genesis 10:19; Matthew 11:21; Matthew 11:22; Matthew 15:21","Easton; Nave"
"state","14","medium","state","Genesis 43:7; 2 Chronicles 24:13; Esther 1:7; Esther 2:18; Psalms 39:5","Nave"
"threshold","14","medium","threshold","Judges 19:27; 1 Samuel 5:4; 1 Samuel 5:5; 1 Kings 14:17; Ezekiel 9:3","Easton"
"abinadab","13","medium","abinadab","1 Samuel 7:1; 1 Samuel 16:8; 1 Samuel 17:13; 1 Samuel 31:2; 2 Samuel 6:3","Easton; Nave"
"alms","13","medium","alms; alm; alme","Matthew 6:1; Matthew 6:2; Matthew 6:3; Matthew 6:4; Luke 11:41","Easton; Nave"
"amminadab","13","medium","amminadab","Exodus 6:23; Numbers 1:7; Numbers 2:3; Numbers 7:12; Numbers 7:17","Easton"
"amoz","13","medium","amoz","2 Kings 19:2; 2 Kings 19:20; 2 Kings 20:1; 2 Chronicles 26:22; 2 Chronicles 32:20","Easton; Nave"
"andrew","13","medium","andrew","Matthew 4:18; Matthew 10:2; Mark 1:16; Mark 1:29; Mark 3:18","Easton"
"assyrian","13","medium","assyrian","Isaiah 10:5; Isaiah 10:24; Isaiah 14:25; Isaiah 19:23; Isaiah 23:13","KJV rare-term help"
"bela","13","medium","bela","Genesis 14:2; Genesis 14:8; Genesis 36:32; Genesis 36:33; Numbers 26:38","Easton; Nave"
"dagon","13","medium","dagon","Judges 16:23; 1 Samuel 5:2; 1 Samuel 5:2; 1 Samuel 5:3; 1 Samuel 5:3","Easton; Nave"
"eber","13","medium","eber","Genesis 10:21; Genesis 10:24; Genesis 10:25; Genesis 11:14; Genesis 11:15","Easton; Nave"
"edomites","13","medium","edomites; edomite","Genesis 36:9; Genesis 36:43; 1 Kings 11:1; 1 Kings 11:17; 2 Kings 8:21","Nave"
"eglon","13","medium","eglon","Joshua 10:3; Joshua 10:5; Joshua 10:23; Joshua 10:34; Joshua 10:36","Easton"
"ephron","13","medium","ephron","Genesis 23:8; Genesis 23:10; Genesis 23:10; Genesis 23:13; Genesis 23:14","Easton; Nave"
"ethiopians","13","medium","ethiopians; ethiopia; ethiopian; ethiopiane","2 Chronicles 12:3; 2 Chronicles 14:12; 2 Chronicles 14:12; 2 Chronicles 14:13; 2 Chronicles 16:8","Easton; Nave"
"festus","13","medium","festus; festu","Acts 24:27; Acts 25:1; Acts 25:4; Acts 25:9; Acts 25:12","Nave"
"geba","13","medium","geba","Joshua 21:17; 1 Samuel 13:3; 2 Samuel 5:25; 1 Kings 15:22; 2 Kings 23:8","Easton; Nave"
"gezer","13","medium","gezer","Joshua 10:33; Joshua 12:12; Joshua 16:3; Joshua 16:10; Joshua 21:21","Easton"
"hamor","13","medium","hamor","Genesis 33:19; Genesis 34:2; Genesis 34:4; Genesis 34:6; Genesis 34:8","Easton; Nave"
"hannah","13","medium","hannah","1 Samuel 1:2; 1 Samuel 1:2; 1 Samuel 1:5; 1 Samuel 1:5; 1 Samuel 1:8","Easton; Nave"
"hermon","13","medium","hermon","Deuteronomy 3:8; Deuteronomy 3:9; Deuteronomy 4:48; Joshua 11:3; Joshua 11:17","Easton"
"hinnom","13","medium","hinnom","Joshua 15:8; Joshua 15:8; Joshua 18:16; Joshua 18:16; 2 Kings 23:10","Easton; Nave"
"jedaiah","13","medium","jedaiah","1 Chronicles 4:37; 1 Chronicles 9:10; 1 Chronicles 24:7; Ezra 2:36; Nehemiah 3:10","Easton; Nave"
"joppa","13","medium","joppa","2 Chronicles 2:16; Ezra 3:7; Jonah 1:3; Acts 9:36; Acts 9:38","Easton; Nave"
"kareah","13","medium","kareah","Jeremiah 40:8; Jeremiah 40:13; Jeremiah 40:15; Jeremiah 40:16; Jeremiah 41:11","Easton; Nave"
"mahanaim","13","medium","mahanaim","Genesis 32:2; Joshua 13:26; Joshua 13:30; Joshua 21:38; 2 Samuel 2:8","Easton; Nave"
"martha","13","medium","martha","Luke 10:38; Luke 10:40; Luke 10:41; Luke 10:41; John 11:1","Easton; Nave"
"mitre","13","medium","mitre","Exodus 28:4; Exodus 28:37; Exodus 28:37; Exodus 28:39; Exodus 29:6","Easton"
"nebo","13","medium","nebo","Numbers 32:3; Numbers 32:38; Numbers 33:47; Deuteronomy 32:49; Deuteronomy 34:1","Easton; Nave"
"obed","13","medium","obed","Ruth 4:17; Ruth 4:21; Ruth 4:22; 1 Chronicles 2:12; 1 Chronicles 2:12","Easton; Nave"
"ophir","13","medium","ophir","Genesis 10:29; 1 Kings 9:28; 1 Kings 10:11; 1 Kings 10:11; 1 Kings 22:48","Easton"
"rabbah","13","medium","rabbah","Joshua 13:25; Joshua 15:60; 2 Samuel 11:1; 2 Samuel 12:26; 2 Samuel 12:27","Easton"
"rechab","13","medium","rechab","2 Samuel 4:2; 2 Samuel 4:5; 2 Samuel 4:6; 2 Samuel 4:9; 2 Kings 10:15","Easton; Nave"
"remaliah","13","medium","remaliah","2 Kings 15:25; 2 Kings 15:27; 2 Kings 15:30; 2 Kings 15:32; 2 Kings 15:37","Easton"
"ruth","13","medium","ruth","Ruth 1:4; Ruth 1:14; Ruth 1:16; Ruth 1:22; Ruth 2:2","Easton; Nave"
"sennacherib","13","medium","sennacherib","2 Kings 18:13; 2 Kings 19:16; 2 Kings 19:20; 2 Kings 19:36; 2 Chronicles 32:1","Easton; Nave"
"silas","13","medium","silas; sila","Acts 15:22; Acts 15:27; Acts 15:32; Acts 15:34; Acts 15:40","Easton; Nave"
"titus","13","medium","titus; titu","2 Corinthians 2:13; 2 Corinthians 7:6; 2 Corinthians 7:13; 2 Corinthians 7:14; 2 Corinthians 8:6","Easton; Nave"
"abihu","12","medium","abihu","Exodus 6:23; Exodus 24:1; Exodus 24:9; Exodus 28:1; Leviticus 10:1","Easton"
"agrippa","12","medium","agrippa","Acts 25:13; Acts 25:22; Acts 25:23; Acts 25:24; Acts 25:26","Nave"
"anah","12","medium","anah","Genesis 36:2; Genesis 36:14; Genesis 36:18; Genesis 36:20; Genesis 36:24","Easton; Nave"
"archers","12","medium","archers; archer; archere","Genesis 49:23; Judges 5:11; 1 Samuel 31:3; 1 Samuel 31:3; 1 Chronicles 8:40","Easton"
"barzillai","12","medium","barzillai","2 Samuel 17:27; 2 Samuel 19:31; 2 Samuel 19:32; 2 Samuel 19:33; 2 Samuel 19:34","Easton; Nave"
"colours","12","medium","colours; colour; coloure","Genesis 37:3; Genesis 37:23; Genesis 37:32; Judges 5:30; Judges 5:30","Easton"
"enoch","12","medium","enoch","Genesis 4:17; Genesis 4:17; Genesis 4:18; Genesis 5:18; Genesis 5:19","Easton; Nave"
"gehazi","12","medium","gehazi","2 Kings 4:12; 2 Kings 4:14; 2 Kings 4:25; 2 Kings 4:27; 2 Kings 4:29","Easton"
"hadarezer","12","medium","hadarezer","2 Samuel 10:16; 2 Samuel 10:16; 2 Samuel 10:19; 1 Chronicles 18:3; 1 Chronicles 18:5","Easton; Nave"
"hagar","12","medium","hagar","Genesis 16:1; Genesis 16:3; Genesis 16:4; Genesis 16:8; Genesis 16:15","Easton"
"hanan","12","medium","hanan","1 Chronicles 8:23; 1 Chronicles 8:38; 1 Chronicles 9:44; 1 Chronicles 11:43; Ezra 2:46","Easton; Nave"
"huram","12","medium","huram","1 Chronicles 8:5; 2 Chronicles 2:3; 2 Chronicles 2:11; 2 Chronicles 2:12; 2 Chronicles 2:13","Nave"
"ishbosheth","12","medium","ishbosheth; ishbosh; ishboshe","2 Samuel 2:8; 2 Samuel 2:10; 2 Samuel 2:12; 2 Samuel 2:15; 2 Samuel 3:7","Easton; Nave"
"jabesh","12","medium","jabesh","1 Samuel 11:1; 1 Samuel 11:3; 1 Samuel 11:5; 1 Samuel 11:9; 1 Samuel 11:10","Easton"
"jabeshgilead","12","medium","jabeshgilead","Judges 21:8; Judges 21:9; Judges 21:10; Judges 21:12; Judges 21:14","Easton; Nave"
"jonadab","12","medium","jonadab","2 Samuel 13:3; 2 Samuel 13:3; 2 Samuel 13:5; 2 Samuel 13:32; 2 Samuel 13:35","Easton; Nave"
"jonas","12","medium","jonas; jona","Matthew 12:39; Matthew 12:40; Matthew 12:41; Matthew 12:41; Matthew 16:4","Easton; Nave"
"kedar","12","medium","kedar","Genesis 25:13; 1 Chronicles 1:29; Psalms 120:5; Solomon's Song 1:5; Isaiah 21:16","Easton; Nave"
"lamech","12","medium","lamech","Genesis 4:18; Genesis 4:19; Genesis 4:23; Genesis 4:23; Genesis 4:24","Easton; Nave"
"magdalene","12","medium","magdalene","Matthew 27:56; Matthew 27:61; Matthew 28:1; Mark 15:40; Mark 15:47","Easton; Nave"
"merchant","12","medium","merchant","Genesis 23:16; Proverbs 31:24; Solomon's Song 3:6; Isaiah 23:11; Ezekiel 27:3","Easton; Nave"
"ornan","12","medium","ornan","1 Chronicles 21:15; 1 Chronicles 21:18; 1 Chronicles 21:20; 1 Chronicles 21:20; 1 Chronicles 21:21","Nave"
"pharez","12","medium","pharez","Genesis 38:29; Genesis 46:12; Genesis 46:12; Numbers 26:20; Numbers 26:21","Easton; Nave"
"shephatiah","12","medium","shephatiah","2 Samuel 3:4; 1 Chronicles 3:3; 1 Chronicles 12:5; 1 Chronicles 27:16; 2 Chronicles 21:2","Easton; Nave"
"syrian","12","medium","syrian; syria","Genesis 25:20; Genesis 25:20; Genesis 28:5; Genesis 31:20; Genesis 31:24","Easton; Nave"
"thomas","12","medium","thomas; thoma","Matthew 10:3; Mark 3:18; Luke 6:15; John 11:16; John 14:5","Easton; Nave"
"watchmen","12","medium","watchmen","1 Samuel 14:16; 2 Kings 17:9; 2 Kings 18:8; Solomon's Song 3:3; Solomon's Song 5:7","Nave"
"zalmunna","12","medium","zalmunna","Judges 8:5; Judges 8:6; Judges 8:7; Judges 8:10; Judges 8:12","Easton"
"zebah","12","medium","zebah","Judges 8:5; Judges 8:6; Judges 8:7; Judges 8:10; Judges 8:12","Easton"
"zebedee","12","medium","zebedee","Matthew 4:21; Matthew 4:21; Matthew 10:2; Matthew 20:20; Matthew 26:37","Easton"
"zichri","12","medium","zichri","Exodus 6:21; 1 Chronicles 8:19; 1 Chronicles 8:23; 1 Chronicles 8:27; 1 Chronicles 9:15","Easton; Nave"
"abiram","11","medium","abiram","Numbers 16:1; Numbers 16:12; Numbers 16:24; Numbers 16:25; Numbers 16:27","Easton"
"achaia","11","medium","achaia","Acts 18:12; Acts 18:27; Acts 19:21; Romans 15:26; Romans 16:5","Easton; Nave"
"ananias","11","medium","ananias; anania","Acts 5:1; Acts 5:3; Acts 5:5; Acts 9:10; Acts 9:10","Easton"
"ashtaroth","11","medium","ashtaroth","Joshua 9:10; Joshua 12:4; Joshua 13:12; Joshua 13:31; Judges 2:13","Easton"
"axe","11","medium","axe","Deuteronomy 19:5; Deuteronomy 20:19; Judges 9:48; 1 Samuel 13:20; 1 Kings 6:7","Easton"
"barabbas","11","medium","barabbas; barabba","Matthew 27:16; Matthew 27:17; Matthew 27:20; Matthew 27:21; Matthew 27:26","Easton"
"beriah","11","medium","beriah","Genesis 46:17; Genesis 46:17; Numbers 26:44; Numbers 26:45; 1 Chronicles 7:23","Easton; Nave"
"bethany","11","medium","bethany","Matthew 21:17; Matthew 26:6; Mark 11:1; Mark 11:11; Mark 11:12","Easton; Nave"
"bilhah","11","medium","bilhah","Genesis 29:29; Genesis 30:3; Genesis 30:4; Genesis 30:5; Genesis 30:7","Easton; Nave"
"dedan","11","medium","dedan","Genesis 10:7; Genesis 25:3; Genesis 25:3; 1 Chronicles 1:9; 1 Chronicles 1:32","Easton"
"elihu","11","medium","elihu","1 Samuel 1:1; 1 Chronicles 12:20; 1 Chronicles 26:7; 1 Chronicles 27:18; Job 32:2","Easton"
"haggai","11","medium","haggai","Ezra 5:1; Ezra 6:14; Haggai 1:1; Haggai 1:3; Haggai 1:12","Easton; Nave"
"hanani","11","medium","hanani","1 Kings 16:1; 1 Kings 16:7; 1 Chronicles 25:4; 1 Chronicles 25:25; 2 Chronicles 16:7","Easton; Nave"
"hanun","11","medium","hanun","2 Samuel 10:1; 2 Samuel 10:2; 2 Samuel 10:3; 2 Samuel 10:4; 1 Chronicles 19:2","Easton"
"harim","11","medium","harim","1 Chronicles 24:8; Ezra 2:32; Ezra 2:39; Ezra 10:21; Ezra 10:31","Easton; Nave"
"hoshea","11","medium","hoshea","Deuteronomy 32:44; 2 Kings 15:30; 2 Kings 17:1; 2 Kings 17:3; 2 Kings 17:4","Easton; Nave"
"iscariot","11","medium","iscariot","Matthew 10:4; Matthew 26:14; Mark 3:19; Mark 14:10; Luke 6:16","KJV rare-term help"
"japheth","11","medium","japheth; japh; japhe","Genesis 5:32; Genesis 6:10; Genesis 7:13; Genesis 9:18; Genesis 9:23","Easton; Nave"
"jazer","11","medium","jazer","Numbers 32:1; Numbers 32:3; Joshua 13:25; Joshua 21:39; 2 Samuel 24:5","KJV rare-term help"
"jehoiachin","11","medium","jehoiachin","2 Kings 24:6; 2 Kings 24:8; 2 Kings 24:12; 2 Kings 24:15; 2 Kings 25:27","Easton; Nave"
"jeiel","11","medium","jeiel","1 Chronicles 5:7; 1 Chronicles 15:18; 1 Chronicles 15:21; 1 Chronicles 16:5; 1 Chronicles 16:5","Easton"
"joah","11","medium","joah","2 Kings 18:18; 2 Kings 18:26; 2 Kings 18:37; 1 Chronicles 6:21; 1 Chronicles 26:4","Easton; Nave"
"kedesh","11","medium","kedesh","Joshua 12:22; Joshua 15:23; Joshua 19:37; Joshua 20:7; Joshua 21:32","Easton; Nave"
"kenaz","11","medium","kenaz","Genesis 36:11; Genesis 36:15; Genesis 36:42; Joshua 15:17; Judges 1:13","Easton; Nave"
"kidron","11","medium","kidron","2 Samuel 15:23; 1 Kings 2:37; 1 Kings 15:13; 2 Kings 23:4; 2 Kings 23:6","Easton; Nave"
"mahli","11","medium","mahli","Numbers 3:20; 1 Chronicles 6:19; 1 Chronicles 6:29; 1 Chronicles 6:47; 1 Chronicles 23:21","Nave"
"megiddo","11","medium","megiddo","Joshua 12:21; Joshua 17:11; Judges 1:27; Judges 5:19; 1 Kings 4:12","Easton; Nave"
"milcah","11","medium","milcah","Genesis 11:29; Genesis 11:29; Genesis 22:20; Genesis 22:23; Genesis 24:15","KJV rare-term help"
"paran","11","medium","paran","Genesis 21:21; Numbers 10:12; Numbers 12:16; Numbers 13:3; Numbers 13:26","Easton"
"pekah","11","medium","pekah","2 Kings 15:25; 2 Kings 15:27; 2 Kings 15:29; 2 Kings 15:30; 2 Kings 15:31","Easton; Nave"
"rezin","11","medium","rezin","2 Kings 15:37; 2 Kings 16:5; 2 Kings 16:6; 2 Kings 16:9; Ezra 2:48","Easton; Nave"
"riblah","11","medium","riblah","Numbers 34:11; 2 Kings 23:33; 2 Kings 25:6; 2 Kings 25:20; 2 Kings 25:21","Easton; Nave"
"shelah","11","medium","shelah","Genesis 38:5; Genesis 38:11; Genesis 38:14; Genesis 38:26; Genesis 46:12","Easton; Nave"
"teman","11","medium","teman","Genesis 36:11; Genesis 36:15; Genesis 36:42; 1 Chronicles 1:36; 1 Chronicles 1:53","Easton"
"terah","11","medium","terah","Genesis 11:24; Genesis 11:25; Genesis 11:26; Genesis 11:27; Genesis 11:27","Easton; Nave"
"urijah","11","medium","urijah","2 Kings 16:10; 2 Kings 16:11; 2 Kings 16:11; 2 Kings 16:15; 2 Kings 16:16","Easton; Nave"
"uzzi","11","medium","uzzi","1 Chronicles 6:5; 1 Chronicles 6:6; 1 Chronicles 6:51; 1 Chronicles 7:2; 1 Chronicles 7:3","Easton; Nave"
"zacharias","11","medium","zacharias; zacharia","Matthew 23:35; Luke 1:5; Luke 1:12; Luke 1:13; Luke 1:18","Easton"
"zelophehad","11","medium","zelophehad","Numbers 26:33; Numbers 26:33; Numbers 27:1; Numbers 27:7; Numbers 36:2","Easton; Nave"
"zobah","11","medium","zobah","1 Samuel 14:47; 2 Samuel 8:3; 2 Samuel 8:5; 2 Samuel 8:12; 2 Samuel 23:36","Easton; Nave"
"adar","10","medium","adar","Joshua 15:3; Ezra 6:15; Esther 3:7; Esther 3:13; Esther 8:12","Easton"
"ammihud","10","medium","ammihud","Numbers 1:10; Numbers 2:18; Numbers 7:48; Numbers 7:53; Numbers 10:22","Easton"
"apollos","10","medium","apollos; apollo","Acts 18:24; Acts 19:1; 1 Corinthians 1:12; 1 Corinthians 3:4; 1 Corinthians 3:5","Easton; Nave"
"aram","10","medium","aram","Genesis 10:22; Genesis 10:23; Genesis 22:21; Numbers 23:7; 1 Chronicles 1:17","Easton; Nave"
"arphaxad","10","medium","arphaxad","Genesis 10:22; Genesis 10:24; Genesis 11:10; Genesis 11:11; Genesis 11:12","Easton"
"assyrians","10","medium","assyrians; assyrian; assyriane","2 Kings 19:35; Isaiah 19:23; Isaiah 37:36; Lamentations 5:6; Ezekiel 16:28","KJV rare-term help"
"baanah","10","medium","baanah","2 Samuel 4:2; 2 Samuel 4:5; 2 Samuel 4:6; 2 Samuel 4:9; 2 Samuel 23:29","Easton"
"bathsheba","10","medium","bathsheba","2 Samuel 11:3; 2 Samuel 12:24; 1 Kings 1:11; 1 Kings 1:15; 1 Kings 1:16","Easton"
"belteshazzar","10","medium","belteshazzar","Daniel 1:7; Daniel 2:26; Daniel 4:8; Daniel 4:9; Daniel 4:18","Easton; Nave"
"beor","10","medium","beor","Genesis 36:32; Numbers 22:5; Numbers 24:3; Numbers 24:15; Numbers 31:8","Easton; Nave"
"berechiah","10","medium","berechiah","1 Chronicles 3:20; 1 Chronicles 9:16; 1 Chronicles 15:17; 1 Chronicles 15:23; 2 Chronicles 28:12","Easton; Nave"
"bethuel","10","medium","bethuel","Genesis 22:22; Genesis 22:23; Genesis 24:15; Genesis 24:24; Genesis 24:47","Easton; Nave"
"bracelets","10","medium","bracelets; bracelet; bracelete","Genesis 24:22; Genesis 24:30; Genesis 24:47; Genesis 38:18; Genesis 38:25","Easton; Nave"
"cornelius","10","medium","cornelius; corneliu","Acts 10:1; Acts 10:3; Acts 10:7; Acts 10:17; Acts 10:21","Easton; Nave"
"cushi","10","medium","cushi","2 Samuel 18:21; 2 Samuel 18:21; 2 Samuel 18:22; 2 Samuel 18:23; 2 Samuel 18:31","Nave"
"dathan","10","medium","dathan","Numbers 16:1; Numbers 16:12; Numbers 16:24; Numbers 16:25; Numbers 16:27","Easton; Nave"
"deborah","10","medium","deborah","Genesis 35:8; Judges 4:4; Judges 4:5; Judges 4:9; Judges 4:10","Easton; Nave"
"ehud","10","medium","ehud","Judges 3:15; Judges 3:16; Judges 3:20; Judges 3:20; Judges 3:21","Easton; Nave"
"eliel","10","medium","eliel","1 Chronicles 5:24; 1 Chronicles 6:34; 1 Chronicles 8:20; 1 Chronicles 8:22; 1 Chronicles 11:46","Easton; Nave"
"ezer","10","medium","ezer","Genesis 36:21; Genesis 36:27; Genesis 36:30; 1 Chronicles 1:38; 1 Chronicles 1:42","Easton; Nave"
"gerar","10","medium","gerar","Genesis 10:19; Genesis 20:1; Genesis 20:2; Genesis 26:1; Genesis 26:6","Easton"
"immer","10","medium","immer","1 Chronicles 9:12; 1 Chronicles 24:14; Ezra 2:37; Ezra 2:59; Ezra 10:20","Easton; Nave"
"jair","10","medium","jair","Numbers 32:41; Deuteronomy 3:14; Joshua 13:30; Judges 10:3; Judges 10:5","Easton; Nave"
"jeroham","10","medium","jeroham","1 Samuel 1:1; 1 Chronicles 6:27; 1 Chronicles 6:34; 1 Chronicles 8:27; 1 Chronicles 9:8","Easton; Nave"
"jethro","10","medium","jethro","Exodus 3:1; Exodus 4:18; Exodus 4:18; Exodus 18:1; Exodus 18:2","Easton; Nave"
"juda","10","medium","juda","Matthew 2:6; Matthew 2:6; Mark 6:3; Luke 1:39; Luke 3:26","Easton"
"kadeshbarnea","10","medium","kadeshbarnea; kadesh","Numbers 32:8; Numbers 34:4; Deuteronomy 1:2; Deuteronomy 1:19; Deuteronomy 2:14","Easton; Nave"
"mamre","10","medium","mamre","Genesis 13:18; Genesis 14:13; Genesis 14:24; Genesis 18:1; Genesis 23:17","Easton; Nave"
"millo","10","medium","millo","Judges 9:6; Judges 9:20; Judges 9:20; 2 Samuel 5:9; 1 Kings 9:15","Easton; Nave"
"neriah","10","medium","neriah","Jeremiah 32:12; Jeremiah 32:16; Jeremiah 36:4; Jeremiah 36:8; Jeremiah 36:14","Nave"
"padanaram","10","medium","padanaram","Genesis 25:20; Genesis 28:2; Genesis 28:5; Genesis 28:6; Genesis 28:7","Easton; Nave"
"pigeons","10","medium","pigeons; pigeon; pigeone","Leviticus 1:14; Leviticus 5:7; Leviticus 5:11; Leviticus 12:8; Leviticus 14:22","Easton; Nave"
"rahab","10","medium","rahab","Joshua 2:1; Joshua 2:3; Joshua 6:17; Joshua 6:23; Joshua 6:25","Easton; Nave"
"rehob","10","medium","rehob","Numbers 13:21; Joshua 19:28; Joshua 19:30; Joshua 21:31; Judges 1:31","Easton; Nave"
"reuel","10","medium","reuel","Genesis 36:4; Genesis 36:10; Genesis 36:13; Genesis 36:17; Genesis 36:17","Easton; Nave"
"sanballat","10","medium","sanballat","Nehemiah 2:10; Nehemiah 2:19; Nehemiah 4:1; Nehemiah 4:7; Nehemiah 6:1","Easton; Nave"
"shelemiah","10","medium","shelemiah","1 Chronicles 26:14; Ezra 10:39; Ezra 10:41; Nehemiah 3:30; Nehemiah 13:13","Easton; Nave"
"shoe","10","medium","shoe","Deuteronomy 25:9; Deuteronomy 25:10; Deuteronomy 29:5; Joshua 5:15; Ruth 4:7","Easton; Nave"
"uzza","10","medium","uzza","2 Kings 21:18; 2 Kings 21:26; 1 Chronicles 6:29; 1 Chronicles 8:7; 1 Chronicles 13:7","Easton; Nave"
"vashti","10","medium","vashti","Esther 1:9; Esther 1:11; Esther 1:12; Esther 1:15; Esther 1:16","Easton; Nave"
"zephaniah","10","medium","zephaniah","2 Kings 25:18; 1 Chronicles 6:36; Jeremiah 21:1; Jeremiah 29:25; Jeremiah 29:29","Easton; Nave"
"zidonians","10","medium","zidonians; zidon; zidonian; zidoniane","Judges 10:12; Judges 18:7; Judges 18:7; 1 Kings 11:1; 1 Kings 11:5","Easton"
"zin","10","medium","zin","Numbers 13:21; Numbers 20:1; Numbers 27:14; Numbers 27:14; Numbers 33:36","Easton; Nave"
"ziph","10","medium","ziph","Joshua 15:24; Joshua 15:55; 1 Samuel 23:14; 1 Samuel 23:15; 1 Samuel 23:24","Easton; Nave"
"zoar","10","medium","zoar","Genesis 13:10; Genesis 14:2; Genesis 14:8; Genesis 19:22; Genesis 19:23","Easton; Nave"
"adaiah","9","medium","adaiah","2 Kings 22:1; 1 Chronicles 6:41; 1 Chronicles 8:21; 1 Chronicles 9:12; 2 Chronicles 23:1","Nave"
"anak","9","medium","anak","Numbers 13:22; Numbers 13:28; Numbers 13:33; Deuteronomy 9:2; Joshua 15:13","Easton"
"anakims","9","medium","anakims; anakim; anakime","Deuteronomy 1:28; Deuteronomy 2:10; Deuteronomy 2:11; Deuteronomy 2:21; Deuteronomy 9:2","Easton"
"araunah","9","medium","araunah","2 Samuel 24:16; 2 Samuel 24:18; 2 Samuel 24:20; 2 Samuel 24:20; 2 Samuel 24:21","Easton"
"ashkelon","9","medium","ashkelon","Judges 14:19; Jeremiah 25:20; Jeremiah 47:5; Jeremiah 47:7; Amos 1:8","Easton; Nave"
"baldness","9","medium","baldness; baldnes; baldnese","Leviticus 21:5; Deuteronomy 14:1; Isaiah 3:24; Isaiah 15:2; Isaiah 22:12","Easton; Nave"
"bezaleel","9","medium","bezaleel","Exodus 31:2; Exodus 35:30; Exodus 36:1; Exodus 36:2; Exodus 37:1","Easton; Nave"
"bozrah","9","medium","bozrah","Genesis 36:33; 1 Chronicles 1:44; Isaiah 34:6; Isaiah 63:1; Jeremiah 48:24","Easton; Nave"
"caiaphas","9","medium","caiaphas; caiapha","Matthew 26:3; Matthew 26:57; Luke 3:2; John 11:49; John 18:13","Easton; Nave"
"carpenters","9","medium","carpenters; carpenter; carpentere","2 Samuel 5:11; 2 Kings 12:11; 2 Kings 22:6; 1 Chronicles 14:1; 2 Chronicles 24:12","Easton"
"castle","9","medium","castle","1 Chronicles 11:5; 1 Chronicles 11:7; Proverbs 18:19; Acts 21:34; Acts 21:37","Easton; Nave"
"cherethites","9","medium","cherethites; cherethite","1 Samuel 30:14; 2 Samuel 8:18; 2 Samuel 15:18; 2 Samuel 20:7; 2 Samuel 20:23","Nave"
"dibon","9","medium","dibon","Numbers 21:30; Numbers 32:3; Numbers 32:34; Joshua 13:9; Joshua 13:17","Easton; Nave"
"elisabeth","9","medium","elisabeth; elisab; elisabe","Luke 1:5; Luke 1:7; Luke 1:13; Luke 1:24; Luke 1:36","Easton; Nave"
"felix","9","medium","felix","Acts 23:24; Acts 23:26; Acts 24:3; Acts 24:22; Acts 24:24","Easton; Nave"
"gaal","9","medium","gaal","Judges 9:26; Judges 9:28; Judges 9:30; Judges 9:31; Judges 9:35","Easton; Nave"
"gera","9","medium","gera","Genesis 46:21; Judges 3:15; 2 Samuel 16:5; 2 Samuel 19:16; 2 Samuel 19:18","Easton"
"gershonites","9","medium","gershonites; gershon; gershonite","Numbers 3:21; Numbers 3:23; Numbers 3:24; Numbers 4:24; Numbers 4:27","Easton; Nave"
"gileadite","9","medium","gileadite; gilead","Judges 10:3; Judges 11:1; Judges 11:40; Judges 12:7; 2 Samuel 17:27","Easton; Nave"
"hadadezer","9","medium","hadadezer","2 Samuel 8:3; 2 Samuel 8:5; 2 Samuel 8:7; 2 Samuel 8:8; 2 Samuel 8:9","Easton; Nave"
"hepher","9","medium","hepher","Numbers 26:32; Numbers 26:33; Numbers 27:1; Joshua 12:17; Joshua 17:2","Easton; Nave"
"hivite","9","medium","hivite; hivites","Genesis 10:17; Genesis 34:2; Genesis 36:2; Exodus 23:28; Exodus 33:2","Easton"
"hormah","9","medium","hormah","Numbers 14:45; Numbers 21:3; Deuteronomy 1:44; Joshua 12:14; Joshua 15:30","Easton; Nave"
"inasmuch","9","medium","inasmuch","Deuteronomy 19:6; Ruth 3:10; Matthew 25:40; Matthew 25:45; Romans 11:13","KJV rare-term help"
"jobab","9","medium","jobab","Genesis 10:29; Genesis 36:33; Genesis 36:34; Joshua 11:1; 1 Chronicles 1:23","Easton; Nave"
"jozabad","9","medium","jozabad","1 Chronicles 12:20; 1 Chronicles 12:20; 2 Chronicles 31:13; 2 Chronicles 35:9; Ezra 8:33","Easton; Nave"
"makkedah","9","medium","makkedah","Joshua 10:10; Joshua 10:16; Joshua 10:17; Joshua 10:21; Joshua 10:28","Easton"
"malchiah","9","medium","malchiah","1 Chronicles 6:40; Ezra 10:25; Ezra 10:31; Nehemiah 3:14; Nehemiah 3:31","Easton; Nave"
"melchisedec","9","medium","melchisedec; melchizedek","Hebrews 5:6; Hebrews 5:10; Hebrews 6:20; Hebrews 7:1; Hebrews 7:10","Easton; Nave"
"michmash","9","medium","michmash","1 Samuel 13:2; 1 Samuel 13:5; 1 Samuel 13:11; 1 Samuel 13:16; 1 Samuel 13:23","Easton; Nave"
"nahash","9","medium","nahash","1 Samuel 11:1; 1 Samuel 11:1; 1 Samuel 11:2; 1 Samuel 12:12; 2 Samuel 10:2","Easton; Nave"
"nahshon","9","medium","nahshon","Numbers 1:7; Numbers 2:3; Numbers 7:12; Numbers 7:17; Numbers 10:14","Easton; Nave"
"recorder","9","medium","recorder","2 Samuel 8:16; 2 Samuel 20:24; 1 Kings 4:3; 2 Kings 18:18; 2 Kings 18:37","Easton; Nave"
"rome","9","medium","rome","Acts 2:10; Acts 18:2; Acts 19:21; Acts 23:11; Acts 28:14","Easton; Nave"
"shealtiel","9","medium","shealtiel","Ezra 3:2; Ezra 3:8; Ezra 5:2; Nehemiah 12:1; Haggai 1:1","Easton"
"shebna","9","medium","shebna","2 Kings 18:18; 2 Kings 18:26; 2 Kings 18:37; 2 Kings 19:2; Isaiah 22:15","Easton; Nave"
"shelomith","9","medium","shelomith","Leviticus 24:11; 1 Chronicles 3:19; 1 Chronicles 23:9; 1 Chronicles 23:18; 1 Chronicles 26:25","KJV rare-term help"
"shobal","9","medium","shobal","Genesis 36:20; Genesis 36:23; Genesis 36:29; 1 Chronicles 1:38; 1 Chronicles 1:40","Easton; Nave"
"sion","9","medium","sion","Deuteronomy 4:48; Psalms 65:1; Matthew 21:5; John 12:15; Romans 9:33","Easton"
"zebadiah","9","medium","zebadiah","1 Chronicles 8:15; 1 Chronicles 8:17; 1 Chronicles 12:7; 1 Chronicles 26:2; 1 Chronicles 27:7","Easton; Nave"
"abdon","8","medium","abdon","Joshua 21:30; Judges 12:13; Judges 12:15; 1 Chronicles 6:74; 1 Chronicles 8:23","Easton; Nave"
"adah","8","medium","adah","Genesis 4:19; Genesis 4:20; Genesis 4:23; Genesis 36:2; Genesis 36:4","Easton; Nave"
"adullam","8","medium","adullam","Joshua 12:15; Joshua 15:35; 1 Samuel 22:1; 2 Samuel 23:13; 1 Chronicles 11:15","Easton"
"agag","8","medium","agag","Numbers 24:7; 1 Samuel 15:8; 1 Samuel 15:9; 1 Samuel 15:20; 1 Samuel 15:32","Easton"
"aholibamah","8","medium","aholibamah","Genesis 36:2; Genesis 36:5; Genesis 36:14; Genesis 36:18; Genesis 36:18","Easton"
"akkub","8","medium","akkub","1 Chronicles 3:24; 1 Chronicles 9:17; Ezra 2:42; Ezra 2:45; Nehemiah 7:45","Easton; Nave"
"almonds","8","medium","almonds; almond; almonde","Genesis 43:11; Exodus 25:33; Exodus 25:33; Exodus 25:34; Exodus 37:19","Easton; Nave"
"amos","8","medium","amos; amo","Amos 1:1; Amos 7:8; Amos 7:10; Amos 7:11; Amos 7:12","Easton; Nave"
"aphek","8","medium","aphek","Joshua 12:18; Joshua 13:4; Joshua 19:30; 1 Samuel 4:1; 1 Samuel 29:1","KJV rare-term help"
"arabia","8","medium","arabia","1 Kings 10:15; 2 Chronicles 9:14; Isaiah 21:13; Isaiah 21:13; Jeremiah 25:24","Easton"
"asshur","8","medium","asshur","Genesis 10:11; Genesis 10:22; Numbers 24:22; Numbers 24:24; 1 Chronicles 1:17","Easton; Nave"
"azmaveth","8","medium","azmaveth; azmav; azmave","2 Samuel 23:31; 1 Chronicles 8:36; 1 Chronicles 9:42; 1 Chronicles 11:33; 1 Chronicles 12:3","Easton"
"belshazzar","8","medium","belshazzar","Daniel 5:1; Daniel 5:2; Daniel 5:9; Daniel 5:22; Daniel 5:29","Easton; Nave"
"bichri","8","medium","bichri","2 Samuel 20:1; 2 Samuel 20:2; 2 Samuel 20:6; 2 Samuel 20:7; 2 Samuel 20:10","Nave"
"carmi","8","medium","carmi","Genesis 46:9; Exodus 6:14; Numbers 26:6; Joshua 7:1; Joshua 7:18","Easton"
"chebar","8","medium","chebar","Ezekiel 1:1; Ezekiel 1:3; Ezekiel 3:15; Ezekiel 3:23; Ezekiel 10:15","Easton"
"chemosh","8","medium","chemosh","Numbers 21:29; Judges 11:24; 1 Kings 11:7; 1 Kings 11:33; 2 Kings 23:13","Easton; Nave"
"cilicia","8","medium","cilicia","Acts 6:9; Acts 15:23; Acts 15:41; Acts 21:39; Acts 22:3","Easton; Nave"
"dinah","8","medium","dinah","Genesis 30:21; Genesis 34:1; Genesis 34:3; Genesis 34:5; Genesis 34:13","Easton; Nave"
"doer","8","medium","doer","Genesis 39:22; 2 Samuel 3:39; Psalms 31:23; Proverbs 17:4; 2 Timothy 2:9","Nave"
"ebal","8","medium","ebal","Genesis 36:23; Deuteronomy 11:29; Deuteronomy 27:4; Deuteronomy 27:13; Joshua 8:30","Easton; Nave"
"edrei","8","medium","edrei","Numbers 21:33; Deuteronomy 1:4; Deuteronomy 3:1; Deuteronomy 3:10; Joshua 12:4","Easton"
"elioenai","8","medium","elioenai","1 Chronicles 3:23; 1 Chronicles 3:24; 1 Chronicles 4:36; 1 Chronicles 7:8; 1 Chronicles 26:3","Easton; Nave"
"ethiopian","8","medium","ethiopian; ethiopia","Numbers 12:1; Numbers 12:1; 2 Chronicles 14:9; Jeremiah 13:23; Jeremiah 38:7","Easton; Nave"
"geshur","8","medium","geshur","2 Samuel 3:3; 2 Samuel 13:37; 2 Samuel 13:38; 2 Samuel 14:23; 2 Samuel 14:32","Easton"
"gilboa","8","medium","gilboa","1 Samuel 28:4; 1 Samuel 31:1; 1 Samuel 31:8; 2 Samuel 1:6; 2 Samuel 1:21","Easton; Nave"
"gittite","8","medium","gittite","2 Samuel 6:10; 2 Samuel 6:11; 2 Samuel 15:19; 2 Samuel 15:22; 2 Samuel 18:2","Easton"
"herdmen","8","medium","herdmen; herdman","Genesis 13:7; Genesis 13:7; Genesis 13:8; Genesis 13:8; Genesis 26:20","KJV rare-term help"
"housetops","8","medium","housetops; housetop; housetope","2 Kings 19:26; Psalms 129:6; Isaiah 22:1; Isaiah 37:27; Jeremiah 48:38","KJV rare-term help"
"ittai","8","medium","ittai","2 Samuel 15:19; 2 Samuel 15:21; 2 Samuel 15:22; 2 Samuel 15:22; 2 Samuel 18:2","Easton; Nave"
"izhar","8","medium","izhar","Exodus 6:18; Exodus 6:21; Numbers 16:1; 1 Chronicles 6:2; 1 Chronicles 6:18","Easton; Nave"
"jabin","8","medium","jabin","Joshua 11:1; Judges 4:2; Judges 4:7; Judges 4:17; Judges 4:23","Easton; Nave"
"jachin","8","medium","jachin","Genesis 46:10; Exodus 6:15; Numbers 26:12; 1 Kings 7:21; 1 Chronicles 9:10","Easton; Nave"
"jahath","8","medium","jahath","1 Chronicles 4:2; 1 Chronicles 4:2; 1 Chronicles 6:20; 1 Chronicles 6:43; 1 Chronicles 23:10","Easton; Nave"
"jerahmeel","8","medium","jerahmeel","1 Chronicles 2:9; 1 Chronicles 2:25; 1 Chronicles 2:26; 1 Chronicles 2:27; 1 Chronicles 2:33","Easton; Nave"
"jerimoth","8","medium","jerimoth","1 Chronicles 7:7; 1 Chronicles 7:8; 1 Chronicles 12:5; 1 Chronicles 24:30; 1 Chronicles 25:4","Easton"
"jether","8","medium","jether","Judges 8:20; 1 Kings 2:5; 1 Kings 2:32; 1 Chronicles 2:17; 1 Chronicles 2:32","Easton"
"jeush","8","medium","jeush","Genesis 36:5; Genesis 36:14; Genesis 36:18; 1 Chronicles 1:35; 1 Chronicles 7:10","Easton; Nave"
"jezreelite","8","medium","jezreelite; jezreel","1 Kings 21:1; 1 Kings 21:4; 1 Kings 21:6; 1 Kings 21:7; 1 Kings 21:15","Easton; Nave"
"kadmiel","8","medium","kadmiel","Ezra 2:40; Ezra 3:9; Nehemiah 7:43; Nehemiah 9:4; Nehemiah 9:5","Easton"
"kenites","8","medium","kenites; kenite","Genesis 15:19; Numbers 24:21; Judges 4:11; 1 Samuel 15:6; 1 Samuel 15:6","Easton; Nave"
"luz","8","medium","luz","Genesis 28:19; Genesis 35:6; Genesis 48:3; Joshua 16:2; Joshua 18:13","Easton"
"mareshah","8","medium","mareshah","Joshua 15:44; 1 Chronicles 2:42; 1 Chronicles 4:21; 2 Chronicles 11:8; 2 Chronicles 14:9","Easton; Nave"
"mattithiah","8","medium","mattithiah","1 Chronicles 9:31; 1 Chronicles 15:18; 1 Chronicles 15:21; 1 Chronicles 16:5; 1 Chronicles 25:3","Easton; Nave"
"menahem","8","medium","menahem","2 Kings 15:14; 2 Kings 15:16; 2 Kings 15:17; 2 Kings 15:19; 2 Kings 15:20","Easton"
"meshech","8","medium","meshech","Genesis 10:2; 1 Chronicles 1:5; 1 Chronicles 1:17; Ezekiel 27:13; Ezekiel 32:26","Easton"
"mishael","8","medium","mishael","Exodus 6:22; Leviticus 10:4; Nehemiah 8:4; Daniel 1:6; Daniel 1:7","Easton; Nave"
"molech","8","medium","molech","Leviticus 18:21; Leviticus 20:2; Leviticus 20:3; Leviticus 20:4; Leviticus 20:5","Nave"
"mushi","8","medium","mushi","Exodus 6:19; Numbers 3:20; 1 Chronicles 6:19; 1 Chronicles 6:47; 1 Chronicles 23:21","Easton; Nave"
"nehemiah","8","medium","nehemiah","Ezra 2:2; Nehemiah 1:1; Nehemiah 3:16; Nehemiah 7:7; Nehemiah 8:9","Easton; Nave"
"netophathite","8","medium","netophathite; netophah","2 Samuel 23:28; 2 Samuel 23:29; 2 Kings 25:23; 1 Chronicles 11:30; 1 Chronicles 11:30","Easton; Nave"
"onan","8","medium","onan","Genesis 38:4; Genesis 38:8; Genesis 38:9; Genesis 46:12; Genesis 46:12","Easton; Nave"
"ophrah","8","medium","ophrah","Joshua 18:23; Judges 6:11; Judges 6:24; Judges 8:27; Judges 8:32","Easton"
"pedaiah","8","medium","pedaiah","2 Kings 23:36; 1 Chronicles 3:18; 1 Chronicles 3:19; 1 Chronicles 27:20; Nehemiah 3:25","Easton; Nave"
"penuel","8","medium","penuel","Genesis 32:31; Judges 8:8; Judges 8:8; Judges 8:9; Judges 8:17","Easton; Nave"
"rabbi","8","medium","rabbi","Matthew 23:7; Matthew 23:7; Matthew 23:8; John 1:38; John 1:49","Easton"
"ramoth","8","medium","ramoth","Deuteronomy 4:43; Joshua 20:8; Joshua 21:38; 1 Samuel 30:27; 1 Kings 22:3","Easton; Nave"
"rehum","8","medium","rehum","Ezra 2:2; Ezra 4:8; Ezra 4:9; Ezra 4:17; Ezra 4:23","Easton; Nave"
"seth","8","medium","seth","Genesis 4:25; Genesis 4:26; Genesis 5:3; Genesis 5:4; Genesis 5:6","Easton"
"shammah","8","medium","shammah","Genesis 36:13; Genesis 36:17; 1 Samuel 16:9; 1 Samuel 17:13; 2 Samuel 23:11","Easton; Nave"
"shaphat","8","medium","shaphat","Numbers 13:5; 1 Kings 19:16; 1 Kings 19:19; 2 Kings 3:11; 2 Kings 6:31","Easton; Nave"
"shechaniah","8","medium","shechaniah","1 Chronicles 3:21; 1 Chronicles 3:22; Ezra 8:3; Ezra 8:5; Ezra 10:2","Nave"
"sherebiah","8","medium","sherebiah","Ezra 8:18; Ezra 8:24; Nehemiah 8:7; Nehemiah 9:4; Nehemiah 9:5","Easton"
"shunammite","8","medium","shunammite","1 Kings 1:3; 1 Kings 1:15; 1 Kings 2:17; 1 Kings 2:21; 1 Kings 2:22","Easton"
"sower","8","medium","sower","Isaiah 55:10; Jeremiah 50:16; Matthew 13:3; Matthew 13:18; Mark 4:3","Nave"
"timnath","8","medium","timnath","Genesis 38:12; Genesis 38:13; Genesis 38:14; Judges 14:1; Judges 14:1","Easton; Nave"
"tubal","8","medium","tubal","Genesis 10:2; 1 Chronicles 1:5; Isaiah 66:19; Ezekiel 27:13; Ezekiel 32:26","Easton; Nave"
"uri","8","medium","uri","Exodus 31:2; Exodus 35:30; Exodus 38:22; 1 Kings 4:19; 1 Chronicles 2:20","KJV rare-term help"
"zabad","8","medium","zabad","1 Chronicles 2:36; 1 Chronicles 2:37; 1 Chronicles 7:21; 1 Chronicles 11:41; 2 Chronicles 24:26","Easton"
"zaccur","8","medium","zaccur","Numbers 13:4; 1 Chronicles 24:27; 1 Chronicles 25:2; 1 Chronicles 25:10; Nehemiah 3:2","Easton; Nave"
"zibeon","8","medium","zibeon","Genesis 36:2; Genesis 36:14; Genesis 36:20; Genesis 36:24; Genesis 36:24","Easton"
"zorah","8","medium","zorah","Joshua 19:41; Judges 13:2; Judges 13:25; Judges 16:31; Judges 18:2","Easton; Nave"
"abiezer","7","medium","abiezer","Joshua 17:2; Judges 6:34; Judges 8:2; 2 Samuel 23:27; 1 Chronicles 7:18","KJV rare-term help"
"achbor","7","medium","achbor","Genesis 36:38; Genesis 36:39; 2 Kings 22:12; 2 Kings 22:14; 1 Chronicles 1:49","Easton; Nave"
"ahinoam","7","medium","ahinoam","1 Samuel 14:50; 1 Samuel 25:43; 1 Samuel 27:3; 1 Samuel 30:5; 2 Samuel 2:2","Easton; Nave"
"aijalon","7","medium","aijalon","Joshua 21:24; Judges 1:35; Judges 12:12; 1 Samuel 14:31; 1 Chronicles 6:69","KJV rare-term help"
"arioch","7","medium","arioch","Genesis 14:1; Genesis 14:9; Daniel 2:14; Daniel 2:15; Daniel 2:15","Easton"
"axes","7","medium","axes; axe","1 Samuel 13:21; 2 Samuel 12:31; 1 Chronicles 20:3; Psalms 74:5; Psalms 74:6","Easton"
"azekah","7","medium","azekah","Joshua 10:10; Joshua 10:11; Joshua 15:35; 1 Samuel 17:1; 2 Chronicles 11:9","Easton"
"beelzebub","7","medium","beelzebub","Matthew 10:25; Matthew 12:24; Matthew 12:27; Mark 3:22; Luke 11:15","Easton; Nave"
"bethaven","7","medium","bethaven","Joshua 7:2; Joshua 18:12; 1 Samuel 13:5; 1 Samuel 14:23; Hosea 4:15","Easton; Nave"
"bethsaida","7","medium","bethsaida","Matthew 11:21; Mark 6:45; Mark 8:22; Luke 9:10; Luke 10:13","Easton"
"binnui","7","medium","binnui","Ezra 8:33; Ezra 10:30; Ezra 10:38; Nehemiah 3:24; Nehemiah 7:15","Nave"
"cainan","7","medium","cainan","Genesis 5:9; Genesis 5:10; Genesis 5:12; Genesis 5:13; Genesis 5:14","Easton; Nave"
"chaldea","7","medium","chaldea","Jeremiah 50:10; Jeremiah 51:24; Jeremiah 51:35; Ezekiel 11:24; Ezekiel 16:29","Easton; Nave"
"cornet","7","medium","cornet","1 Chronicles 15:28; Psalms 98:6; Daniel 3:5; Daniel 3:7; Daniel 3:10","Easton; Nave"
"couch","7","medium","couch","Genesis 49:4; Job 7:13; Job 38:40; Psalms 6:6; Amos 3:12","Easton"
"cush","7","medium","cush","Genesis 10:6; Genesis 10:7; Genesis 10:8; 1 Chronicles 1:8; 1 Chronicles 1:9","Easton; Nave"
"dishon","7","medium","dishon","Genesis 36:21; Genesis 36:25; Genesis 36:26; Genesis 36:30; 1 Chronicles 1:38","Nave"
"doers","7","medium","doers; doer; doere","2 Kings 22:5; 2 Kings 22:5; Job 8:20; Psalms 26:5; Psalms 101:8","Nave"
"elnathan","7","medium","elnathan","2 Kings 24:8; Ezra 8:16; Ezra 8:16; Ezra 8:16; Jeremiah 26:22","Easton; Nave"
"elon","7","medium","elon","Genesis 26:34; Genesis 36:2; Genesis 46:14; Numbers 26:26; Joshua 19:43","Easton; Nave"
"enos","7","medium","enos; eno","Genesis 4:26; Genesis 5:6; Genesis 5:7; Genesis 5:9; Genesis 5:10","Easton; Nave"
"eshtaol","7","medium","eshtaol","Joshua 15:33; Joshua 19:41; Judges 13:25; Judges 16:31; Judges 18:2","Easton; Nave"
"ethan","7","medium","ethan","1 Kings 4:31; 1 Chronicles 2:6; 1 Chronicles 2:8; 1 Chronicles 6:42; 1 Chronicles 6:44","Easton; Nave"
"gamaliel","7","medium","gamaliel","Numbers 1:10; Numbers 2:20; Numbers 7:54; Numbers 7:59; Numbers 10:23","Easton; Nave"
"gedor","7","medium","gedor","Joshua 15:58; 1 Chronicles 4:4; 1 Chronicles 4:18; 1 Chronicles 4:39; 1 Chronicles 8:31","Easton; Nave"
"havilah","7","medium","havilah","Genesis 2:11; Genesis 10:7; Genesis 10:29; Genesis 25:18; 1 Samuel 15:7","Easton; Nave"
"housetop","7","medium","housetop","Proverbs 21:9; Proverbs 25:24; Matthew 24:17; Mark 13:15; Luke 5:19","KJV rare-term help"
"hundredfold","7","medium","hundredfold","Genesis 26:12; 2 Samuel 24:3; Matthew 13:8; Matthew 13:23; Matthew 19:29","KJV rare-term help"
"jabbok","7","medium","jabbok","Genesis 32:22; Numbers 21:24; Deuteronomy 2:37; Deuteronomy 3:16; Joshua 12:2","Easton; Nave"
"jarmuth","7","medium","jarmuth","Joshua 10:3; Joshua 10:5; Joshua 10:23; Joshua 12:11; Joshua 15:35","Easton; Nave"
"javan","7","medium","javan","Genesis 10:2; Genesis 10:4; 1 Chronicles 1:5; 1 Chronicles 1:7; Isaiah 66:19","Easton; Nave"
"javelin","7","medium","javelin","Numbers 25:7; 1 Samuel 18:10; 1 Samuel 18:11; 1 Samuel 19:9; 1 Samuel 19:10","Easton; Nave"
"jeconiah","7","medium","jeconiah","1 Chronicles 3:16; 1 Chronicles 3:17; Esther 2:6; Jeremiah 24:1; Jeremiah 27:20","Nave"
"laadan","7","medium","laadan","1 Chronicles 7:26; 1 Chronicles 23:7; 1 Chronicles 23:8; 1 Chronicles 23:9; 1 Chronicles 26:21","Nave"
"laish","7","medium","laish","Judges 18:7; Judges 18:14; Judges 18:27; Judges 18:29; 1 Samuel 25:44","Easton; Nave"
"lotan","7","medium","lotan","Genesis 36:20; Genesis 36:22; Genesis 36:22; Genesis 36:29; 1 Chronicles 1:38","Easton"
"mahalaleel","7","medium","mahalaleel","Genesis 5:12; Genesis 5:13; Genesis 5:15; Genesis 5:16; Genesis 5:17","Easton; Nave"
"maon","7","medium","maon","Joshua 15:55; 1 Samuel 23:24; 1 Samuel 23:25; 1 Samuel 23:25; 1 Samuel 25:2","Easton; Nave"
"meraioth","7","medium","meraioth","1 Chronicles 6:6; 1 Chronicles 6:7; 1 Chronicles 6:52; 1 Chronicles 9:11; Ezra 7:3","Easton; Nave"
"mesopotamia","7","medium","mesopotamia","Genesis 24:10; Deuteronomy 23:4; Judges 3:8; Judges 3:10; 1 Chronicles 19:6","Easton"
"michaiah","7","medium","michaiah","2 Kings 22:12; 2 Chronicles 13:2; 2 Chronicles 17:7; Nehemiah 12:35; Nehemiah 12:41","Easton; Nave"
"noph","7","medium","noph","Isaiah 19:13; Jeremiah 2:16; Jeremiah 44:1; Jeremiah 46:14; Jeremiah 46:19","Easton; Nave"
"oreb","7","medium","oreb","Judges 7:25; Judges 7:25; Judges 7:25; Judges 7:25; Judges 8:3","Easton"
"othniel","7","medium","othniel","Joshua 15:17; Judges 1:13; Judges 3:9; Judges 3:11; 1 Chronicles 4:13","Easton; Nave"
"peleg","7","medium","peleg","Genesis 10:25; Genesis 11:16; Genesis 11:17; Genesis 11:18; Genesis 11:19","Easton; Nave"
"pelethites","7","medium","pelethites; pelethite","2 Samuel 8:18; 2 Samuel 15:18; 2 Samuel 20:7; 2 Samuel 20:23; 1 Kings 1:38","Easton; Nave"
"revolted","7","medium","revolted; revolt; revolte","2 Kings 8:20; 2 Kings 8:22; 2 Kings 8:22; 2 Chronicles 21:8; 2 Chronicles 21:10","Nave"
"scab","7","medium","scab","Leviticus 13:2; Leviticus 13:6; Leviticus 13:7; Leviticus 13:8; Leviticus 14:56","Nave"
"shaul","7","medium","shaul","Genesis 46:10; Exodus 6:15; Numbers 26:13; 1 Chronicles 1:48; 1 Chronicles 1:49","Nave"
"shebaniah","7","medium","shebaniah","1 Chronicles 15:24; Nehemiah 9:4; Nehemiah 9:5; Nehemiah 10:4; Nehemiah 10:10","Easton"
"shinar","7","medium","shinar","Genesis 10:10; Genesis 11:2; Genesis 14:1; Genesis 14:9; Isaiah 11:11","KJV rare-term help"
"shishak","7","medium","shishak","1 Kings 11:40; 1 Kings 14:25; 2 Chronicles 12:2; 2 Chronicles 12:5; 2 Chronicles 12:5","Nave"
"sincerity","7","medium","sincerity","Joshua 24:14; 1 Corinthians 5:8; 2 Corinthians 1:12; 2 Corinthians 2:17; 2 Corinthians 8:8","Nave"
"stephen","7","medium","stephen","Acts 6:5; Acts 6:8; Acts 6:9; Acts 7:59; Acts 8:2","Easton; Nave"
"timothy","7","medium","timothy","2 Corinthians 1:1; 1 Timothy 1:2; 1 Timothy 1:18; 1 Timothy 6:20; 2 Timothy 1:2","Easton; Nave"
"urim","7","medium","urim","Exodus 28:30; Leviticus 8:8; Numbers 27:21; Deuteronomy 33:8; 1 Samuel 28:6","Easton"
"veil","7","medium","veil","Solomon's Song 5:7; Matthew 27:51; Mark 15:38; Luke 23:45; Hebrews 6:19","Nave"
"worshippers","7","medium","worshippers; worshipper; worshippere","2 Kings 10:19; 2 Kings 10:21; 2 Kings 10:22; 2 Kings 10:23; 2 Kings 10:23","Easton"
"zilpah","7","medium","zilpah","Genesis 29:24; Genesis 30:9; Genesis 30:10; Genesis 30:12; Genesis 35:26","Easton; Nave"
"zippor","7","medium","zippor","Numbers 22:2; Numbers 22:4; Numbers 22:10; Numbers 22:16; Numbers 23:18","Easton"
"zoan","7","medium","zoan","Numbers 13:22; Psalms 78:12; Psalms 78:43; Isaiah 19:11; Isaiah 19:13","Easton; Nave"
"abihail","6","medium","abihail","Numbers 3:35; 1 Chronicles 2:29; 1 Chronicles 5:14; 2 Chronicles 11:18; Esther 2:15","Easton"
"achan","6","medium","achan","Joshua 7:1; Joshua 7:18; Joshua 7:19; Joshua 7:20; Joshua 7:24","Easton; Nave"
"affection","6","medium","affection","1 Chronicles 29:3; Romans 1:31; 2 Corinthians 7:15; Colossians 3:2; Colossians 3:5","Easton"
"ahiezer","6","medium","ahiezer","Numbers 1:12; Numbers 2:25; Numbers 7:66; Numbers 7:71; Numbers 10:25","Easton"
"ahio","6","medium","ahio","2 Samuel 6:3; 2 Samuel 6:4; 1 Chronicles 8:14; 1 Chronicles 8:31; 1 Chronicles 9:37","Easton; Nave"
"aholibah","6","medium","aholibah","Ezekiel 23:4; Ezekiel 23:4; Ezekiel 23:11; Ezekiel 23:22; Ezekiel 23:36","Easton"
"alexander","6","medium","alexander","Mark 15:21; Acts 4:6; Acts 19:33; Acts 19:33; 1 Timothy 1:20","Easton; Nave"
"ammiel","6","medium","ammiel","Numbers 13:12; 2 Samuel 9:4; 2 Samuel 9:5; 2 Samuel 17:27; 1 Chronicles 3:5","Easton"
"ariel","6","medium","ariel","Ezra 8:16; Isaiah 29:1; Isaiah 29:1; Isaiah 29:2; Isaiah 29:2","Easton; Nave"
"asaiah","6","medium","asaiah","1 Chronicles 4:36; 1 Chronicles 6:30; 1 Chronicles 9:5; 1 Chronicles 15:6; 1 Chronicles 15:11","KJV rare-term help"
"azel","6","medium","azel","1 Chronicles 8:37; 1 Chronicles 8:38; 1 Chronicles 8:38; 1 Chronicles 9:43; 1 Chronicles 9:44","Easton"
"azrikam","6","medium","azrikam","1 Chronicles 3:23; 1 Chronicles 8:38; 1 Chronicles 9:14; 1 Chronicles 9:44; 2 Chronicles 28:7","KJV rare-term help"
"baalpeor","6","medium","baalpeor","Numbers 25:3; Numbers 25:5; Deuteronomy 4:3; Deuteronomy 4:3; Psalms 106:28","Easton"
"bashemath","6","medium","bashemath","Genesis 26:34; Genesis 36:3; Genesis 36:4; Genesis 36:10; Genesis 36:13","Easton; Nave"
"bebai","6","medium","bebai","Ezra 2:11; Ezra 8:11; Ezra 8:11; Ezra 10:28; Nehemiah 7:16","Nave"
"bedchamber","6","medium","bedchamber","Exodus 8:3; 2 Samuel 4:7; 2 Kings 6:12; 2 Kings 11:2; 2 Chronicles 22:11","Easton"
"beeroth","6","medium","beeroth","Deuteronomy 10:6; Joshua 9:17; Joshua 18:25; 2 Samuel 4:2; Ezra 2:25","Easton"
"bethshean","6","medium","bethshean","Joshua 17:11; Joshua 17:16; Judges 1:27; 1 Kings 4:12; 1 Kings 4:12","Easton; Nave"
"bigvai","6","medium","bigvai","Ezra 2:2; Ezra 2:14; Ezra 8:14; Nehemiah 7:7; Nehemiah 7:19","Nave"
"castles","6","medium","castles; castle","Genesis 25:16; Numbers 31:10; 1 Chronicles 6:54; 1 Chronicles 27:25; 2 Chronicles 17:12","Easton; Nave"
"cephas","6","medium","cephas; cepha","John 1:42; 1 Corinthians 1:12; 1 Corinthians 3:22; 1 Corinthians 9:5; 1 Corinthians 15:5","Easton"
"chittim","6","medium","chittim","Numbers 24:24; Isaiah 23:1; Isaiah 23:12; Jeremiah 2:10; Ezekiel 27:6","Easton; Nave"
"corinth","6","medium","corinth","Acts 18:1; Acts 19:1; 1 Corinthians 1:2; 2 Corinthians 1:1; 2 Corinthians 1:23","Easton; Nave"
"delaiah","6","medium","delaiah","1 Chronicles 24:18; Ezra 2:60; Nehemiah 6:10; Nehemiah 7:62; Jeremiah 36:12","Easton"
"delilah","6","medium","delilah","Judges 16:4; Judges 16:6; Judges 16:10; Judges 16:12; Judges 16:13","Easton; Nave"
"ebed","6","medium","ebed","Judges 9:26; Judges 9:28; Judges 9:30; Judges 9:31; Judges 9:35","Easton"
"ebedmelech","6","medium","ebedmelech","Jeremiah 38:7; Jeremiah 38:8; Jeremiah 38:10; Jeremiah 38:11; Jeremiah 38:12","Easton"
"edomite","6","medium","edomite; edom","Deuteronomy 23:7; 1 Samuel 21:7; 1 Samuel 22:9; 1 Samuel 22:18; 1 Samuel 22:22","Easton; Nave"
"eliasaph","6","medium","eliasaph","Numbers 1:14; Numbers 2:14; Numbers 3:24; Numbers 7:42; Numbers 7:47","Nave"
"elim","6","medium","elim","Exodus 15:27; Exodus 16:1; Exodus 16:1; Numbers 33:9; Numbers 33:9","Easton; Nave"
"elimelech","6","medium","elimelech","Ruth 1:2; Ruth 1:3; Ruth 2:1; Ruth 2:3; Ruth 4:3","Easton; Nave"
"eliphelet","6","medium","eliphelet","2 Samuel 23:34; 1 Chronicles 3:6; 1 Chronicles 3:8; 1 Chronicles 8:39; Ezra 8:13","Easton; Nave"
"engedi","6","medium","engedi","Joshua 15:62; 1 Samuel 23:29; 1 Samuel 24:1; 2 Chronicles 20:2; Solomon's Song 1:14","Easton; Nave"
"eshcol","6","medium","eshcol","Genesis 14:13; Genesis 14:24; Numbers 13:23; Numbers 13:24; Numbers 32:9","Easton"
"galatia","6","medium","galatia","Acts 16:6; Acts 18:23; 1 Corinthians 16:1; Galatians 1:2; 2 Timothy 4:10","Easton; Nave"
"gibbethon","6","medium","gibbethon","Joshua 19:44; Joshua 21:23; 1 Kings 15:27; 1 Kings 15:27; 1 Kings 16:15","Easton"
"gibeonites","6","medium","gibeonites; gibeon; gibeonite","2 Samuel 21:1; 2 Samuel 21:2; 2 Samuel 21:2; 2 Samuel 21:3; 2 Samuel 21:4","Easton"
"gihon","6","medium","gihon","Genesis 2:13; 1 Kings 1:33; 1 Kings 1:38; 1 Kings 1:45; 2 Chronicles 32:30","Easton"
"goliath","6","medium","goliath","1 Samuel 17:4; 1 Samuel 17:23; 1 Samuel 21:9; 1 Samuel 22:10; 2 Samuel 21:19","Easton; Nave"
"gomer","6","medium","gomer","Genesis 10:2; Genesis 10:3; 1 Chronicles 1:5; 1 Chronicles 1:6; Ezekiel 38:6","Easton; Nave"
"hazeroth","6","medium","hazeroth","Numbers 11:35; Numbers 11:35; Numbers 12:16; Numbers 33:17; Numbers 33:18","Easton; Nave"
"hebronites","6","medium","hebronites; hebron; hebronite","Numbers 3:27; Numbers 26:58; 1 Chronicles 26:23; 1 Chronicles 26:30; 1 Chronicles 26:31","Easton; Nave"
"herodias","6","medium","herodias; herodia","Matthew 14:3; Matthew 14:6; Mark 6:17; Mark 6:19; Mark 6:22","Easton; Nave"
"iconium","6","medium","iconium","Acts 13:51; Acts 14:1; Acts 14:19; Acts 14:21; Acts 16:2","Easton; Nave"
"ira","6","medium","ira","2 Samuel 20:26; 2 Samuel 23:26; 2 Samuel 23:38; 1 Chronicles 11:28; 1 Chronicles 11:40","Easton; Nave"
"ishi","6","medium","ishi","1 Chronicles 2:31; 1 Chronicles 2:31; 1 Chronicles 4:20; 1 Chronicles 4:42; 1 Chronicles 5:24","Easton; Nave"
"jael","6","medium","jael","Judges 4:17; Judges 4:18; Judges 4:21; Judges 4:22; Judges 5:6","Easton"
"jahaziel","6","medium","jahaziel","1 Chronicles 12:4; 1 Chronicles 16:6; 1 Chronicles 23:19; 1 Chronicles 24:23; 2 Chronicles 20:14","Easton; Nave"
"jamin","6","medium","jamin","Genesis 46:10; Exodus 6:15; Numbers 26:12; 1 Chronicles 2:27; 1 Chronicles 4:24","Nave"
"jediael","6","medium","jediael","1 Chronicles 7:6; 1 Chronicles 7:10; 1 Chronicles 7:11; 1 Chronicles 11:45; 1 Chronicles 12:20","Easton; Nave"
"jehohanan","6","medium","jehohanan","1 Chronicles 26:3; 2 Chronicles 17:15; 2 Chronicles 23:1; Ezra 10:28; Nehemiah 12:13","Easton; Nave"
"jeshimon","6","medium","jeshimon","Numbers 21:20; Numbers 23:28; 1 Samuel 23:19; 1 Samuel 23:24; 1 Samuel 26:1","Easton"
"joktan","6","medium","joktan","Genesis 10:25; Genesis 10:26; Genesis 10:29; 1 Chronicles 1:19; 1 Chronicles 1:20","Easton; Nave"
"josedech","6","medium","josedech","Haggai 1:1; Haggai 1:12; Haggai 1:14; Haggai 2:2; Haggai 2:4","Nave"
"joses","6","medium","joses; jos; jose","Matthew 13:55; Matthew 27:56; Mark 6:3; Mark 15:40; Mark 15:47","Nave"
"kenite","6","medium","kenite; kenites","Numbers 24:22; Judges 1:16; Judges 4:11; Judges 4:17; Judges 4:17","Easton; Nave"
"kirjatharba","6","medium","kirjatharba","Genesis 23:2; Joshua 14:15; Joshua 15:54; Joshua 20:7; Judges 1:10","Easton"
"kishon","6","medium","kishon","Joshua 21:28; Judges 4:7; Judges 4:13; Judges 5:21; Judges 5:21","Easton; Nave"
"lystra","6","medium","lystra","Acts 14:6; Acts 14:8; Acts 14:21; Acts 16:1; Acts 16:2","Easton"
"machpelah","6","medium","machpelah","Genesis 23:9; Genesis 23:17; Genesis 23:19; Genesis 25:9; Genesis 49:30","Easton; Nave"
"malchijah","6","medium","malchijah","1 Chronicles 9:12; 1 Chronicles 24:9; Ezra 10:25; Nehemiah 3:11; Nehemiah 10:3","KJV rare-term help"
"malluch","6","medium","malluch","1 Chronicles 6:44; Ezra 10:29; Ezra 10:32; Nehemiah 10:4; Nehemiah 10:27","Easton; Nave"
"media","6","medium","media","Esther 1:3; Esther 1:14; Esther 1:18; Esther 10:2; Isaiah 21:2","Easton"
"meremoth","6","medium","meremoth","Ezra 8:33; Ezra 10:36; Nehemiah 3:4; Nehemiah 3:21; Nehemiah 10:5","Easton; Nave"
"meribah","6","medium","meribah","Exodus 17:7; Numbers 20:13; Numbers 20:24; Numbers 27:14; Deuteronomy 33:8","Easton"
"methuselah","6","medium","methuselah","Genesis 5:21; Genesis 5:22; Genesis 5:25; Genesis 5:26; Genesis 5:27","Easton; Nave"
"moabitess","6","medium","moabitess; moabites; moabitese","Ruth 1:22; Ruth 2:2; Ruth 2:21; Ruth 4:5; Ruth 4:10","Nave"
"naioth","6","medium","naioth","1 Samuel 19:18; 1 Samuel 19:19; 1 Samuel 19:22; 1 Samuel 19:23; 1 Samuel 19:23","Easton"
"nathanael","6","medium","nathanael","John 1:45; John 1:46; John 1:47; John 1:48; John 1:49","Easton; Nave"
"navy","6","medium","navy","1 Kings 9:26; 1 Kings 9:27; 1 Kings 10:11; 1 Kings 10:22; 1 Kings 10:22","Nave"
"nob","6","medium","nob","1 Samuel 21:1; 1 Samuel 22:9; 1 Samuel 22:11; 1 Samuel 22:19; Nehemiah 11:32","Easton; Nave"
"pahathmoab","6","medium","pahathmoab","Ezra 2:6; Ezra 8:4; Ezra 10:30; Nehemiah 3:11; Nehemiah 7:11","Easton; Nave"
"philippi","6","medium","philippi","Matthew 16:13; Mark 8:27; Acts 16:12; Acts 20:6; Philippians 1:1","Easton; Nave"
"rephaim","6","medium","rephaim","2 Samuel 5:18; 2 Samuel 5:22; 2 Samuel 23:13; 1 Chronicles 11:15; 1 Chronicles 14:9","Easton; Nave"
"rereward","6","medium","rereward","Numbers 10:25; Joshua 6:9; Joshua 6:13; 1 Samuel 29:2; Isaiah 52:12","Easton"
"salah","6","medium","salah","Genesis 10:24; Genesis 10:24; Genesis 11:12; Genesis 11:13; Genesis 11:14","Nave"
"sepharvaim","6","medium","sepharvaim","2 Kings 17:24; 2 Kings 17:31; 2 Kings 18:34; 2 Kings 19:13; Isaiah 36:19","Easton; Nave"
"shammai","6","medium","shammai","1 Chronicles 2:28; 1 Chronicles 2:28; 1 Chronicles 2:32; 1 Chronicles 2:44; 1 Chronicles 2:45","Nave"
"sharon","6","medium","sharon","1 Chronicles 5:16; 1 Chronicles 27:29; Solomon's Song 2:1; Isaiah 33:9; Isaiah 35:2","Nave"
"shema","6","medium","shema","Joshua 15:26; 1 Chronicles 2:43; 1 Chronicles 2:44; 1 Chronicles 5:8; 1 Chronicles 8:13","Easton"
"shur","6","medium","shur","Genesis 16:7; Genesis 20:1; Genesis 25:18; Exodus 15:22; 1 Samuel 15:7","Easton"
"sorcerers","6","medium","sorcerers; sorcerer; sorcerere","Exodus 7:11; Jeremiah 27:9; Daniel 2:2; Malachi 3:5; Revelation 21:8","Easton"
"taanach","6","medium","taanach","Joshua 12:21; Joshua 17:11; Judges 1:27; Judges 5:19; 1 Kings 4:12","Easton"
"tahath","6","medium","tahath","Numbers 33:26; Numbers 33:27; 1 Chronicles 6:24; 1 Chronicles 6:37; 1 Chronicles 7:20","KJV rare-term help"
"talmai","6","medium","talmai","Numbers 13:22; Joshua 15:14; Judges 1:10; 2 Samuel 3:3; 2 Samuel 13:37","Easton; Nave"
"tappuah","6","medium","tappuah","Joshua 12:17; Joshua 15:34; Joshua 16:8; Joshua 17:8; Joshua 17:8","Easton; Nave"
"taskmasters","6","medium","taskmasters; taskmaster; taskmastere","Exodus 1:11; Exodus 3:7; Exodus 5:6; Exodus 5:10; Exodus 5:13","Nave"
"tekoa","6","medium","tekoa","1 Chronicles 2:24; 1 Chronicles 4:5; 2 Chronicles 11:6; 2 Chronicles 20:20; Jeremiah 6:1","Nave"
"temanite","6","medium","temanite","Job 2:11; Job 4:1; Job 15:1; Job 22:1; Job 42:7","Easton"
"thessalonica","6","medium","thessalonica","Acts 17:1; Acts 17:11; Acts 17:13; Acts 27:2; Philippians 4:16","Easton; Nave"
"tishbite","6","medium","tishbite","1 Kings 17:1; 1 Kings 21:17; 1 Kings 21:28; 2 Kings 1:3; 2 Kings 1:8","Easton"
"tola","6","medium","tola","Genesis 46:13; Numbers 26:23; Judges 10:1; 1 Chronicles 7:1; 1 Chronicles 7:2","Easton; Nave"
"troas","6","medium","troas; troa","Acts 16:8; Acts 16:11; Acts 20:5; Acts 20:6; 2 Corinthians 2:12","Easton"
"zabdi","6","medium","zabdi","Joshua 7:1; Joshua 7:17; Joshua 7:18; 1 Chronicles 8:19; 1 Chronicles 27:27","Easton"
"zarhites","6","medium","zarhites; zarah; zarhite","Numbers 26:13; Numbers 26:20; Joshua 7:17; Joshua 7:17; 1 Chronicles 27:11","Nave"
"zebul","6","medium","zebul","Judges 9:28; Judges 9:30; Judges 9:36; Judges 9:36; Judges 9:38","Easton; Nave"
"zeeb","6","medium","zeeb","Judges 7:25; Judges 7:25; Judges 7:25; Judges 7:25; Judges 8:3","Easton; Nave"
"abidan","5","medium","abidan","Numbers 1:11; Numbers 2:22; Numbers 7:60; Numbers 7:65; Numbers 10:24","Easton"
"abijam","5","medium","abijam","1 Kings 14:31; 1 Kings 15:1; 1 Kings 15:7; 1 Kings 15:7; 1 Kings 15:8","Easton"
"abishag","5","medium","abishag","1 Kings 1:3; 1 Kings 1:15; 1 Kings 2:17; 1 Kings 2:21; 1 Kings 2:22","Easton; Nave"
"abishua","5","medium","abishua","1 Chronicles 6:4; 1 Chronicles 6:5; 1 Chronicles 6:50; 1 Chronicles 8:4; Ezra 7:5","Easton; Nave"
"achor","5","medium","achor","Joshua 7:24; Joshua 7:26; Joshua 15:7; Isaiah 65:10; Hosea 2:15","Easton"
"admah","5","medium","admah","Genesis 10:19; Genesis 14:2; Genesis 14:8; Deuteronomy 29:23; Hosea 11:8","Easton"
"agagite","5","medium","agagite","Esther 3:1; Esther 3:10; Esther 8:3; Esther 8:5; Esther 9:24","Easton"
"ahilud","5","medium","ahilud","2 Samuel 8:16; 2 Samuel 20:24; 1 Kings 4:3; 1 Kings 4:12; 1 Chronicles 18:15","KJV rare-term help"
"ahira","5","medium","ahira","Numbers 1:15; Numbers 2:29; Numbers 7:78; Numbers 7:83; Numbers 10:27","Easton"
"ahohite","5","medium","ahohite","2 Samuel 23:9; 2 Samuel 23:28; 1 Chronicles 11:12; 1 Chronicles 11:29; 1 Chronicles 27:4","Easton"
"aholah","5","medium","aholah","Ezekiel 23:4; Ezekiel 23:4; Ezekiel 23:5; Ezekiel 23:36; Ezekiel 23:44","Easton"
"aholiab","5","medium","aholiab","Exodus 31:6; Exodus 35:34; Exodus 36:1; Exodus 36:2; Exodus 38:23","Easton; Nave"
"aiah","5","medium","aiah","2 Samuel 3:7; 2 Samuel 21:8; 2 Samuel 21:10; 2 Samuel 21:11; 1 Chronicles 1:40","Nave"
"ain","5","medium","ain","Numbers 34:11; Joshua 15:32; Joshua 19:7; Joshua 21:16; 1 Chronicles 4:32","Nave"
"alphaeus","5","medium","alphaeus; alphaeu","Matthew 10:3; Mark 2:14; Mark 3:18; Luke 6:15; Acts 1:13","Easton"
"amasai","5","medium","amasai","1 Chronicles 6:25; 1 Chronicles 6:35; 1 Chronicles 12:18; 1 Chronicles 15:24; 2 Chronicles 29:12","Easton; Nave"
"ammishaddai","5","medium","ammishaddai","Numbers 1:12; Numbers 2:25; Numbers 7:66; Numbers 7:71; Numbers 10:25","Easton; Nave"
"arad","5","medium","arad","Numbers 21:1; Numbers 33:40; Joshua 12:14; Judges 1:16; 1 Chronicles 8:15","Easton"
"archite","5","medium","archite","2 Samuel 15:32; 2 Samuel 16:16; 2 Samuel 17:5; 2 Samuel 17:14; 1 Chronicles 27:33","Easton"
"argob","5","medium","argob","Deuteronomy 3:4; Deuteronomy 3:13; Deuteronomy 3:14; 1 Kings 4:13; 2 Kings 15:25","Easton; Nave"
"aristarchus","5","medium","aristarchus; aristarchu","Acts 19:29; Acts 20:4; Acts 27:2; Colossians 4:10; Philemon 1:24","Easton"
"assir","5","medium","assir","Exodus 6:24; 1 Chronicles 3:17; 1 Chronicles 6:22; 1 Chronicles 6:23; 1 Chronicles 6:37","Nave"
"ataroth","5","medium","ataroth","Numbers 32:3; Numbers 32:34; Joshua 16:2; Joshua 16:7; 1 Chronicles 2:54","Easton"
"ater","5","medium","ater","Ezra 2:16; Ezra 2:42; Nehemiah 7:21; Nehemiah 7:45; Nehemiah 10:17","Easton"
"athens","5","medium","athens; athen; athene","Acts 17:15; Acts 17:16; Acts 17:22; Acts 18:1; 1 Thessalonians 3:1","Easton; Nave"
"azareel","5","medium","azareel","1 Chronicles 12:6; 1 Chronicles 25:18; 1 Chronicles 27:22; Ezra 10:41; Nehemiah 11:13","KJV rare-term help"
"baalah","5","medium","baalah","Joshua 15:9; Joshua 15:10; Joshua 15:11; Joshua 15:29; 1 Chronicles 13:6","Easton; Nave"
"baalhanan","5","medium","baalhanan","Genesis 36:38; Genesis 36:39; 1 Chronicles 1:49; 1 Chronicles 1:50; 1 Chronicles 27:28","Easton"
"bahurim","5","medium","bahurim","2 Samuel 3:16; 2 Samuel 16:5; 2 Samuel 17:18; 2 Samuel 19:16; 1 Kings 2:8","Easton; Nave"
"becher","5","medium","becher","Genesis 46:21; Numbers 26:35; 1 Chronicles 7:6; 1 Chronicles 7:8; 1 Chronicles 7:8","Easton; Nave"
"bezer","5","medium","bezer","Deuteronomy 4:43; Joshua 20:8; Joshua 21:36; 1 Chronicles 6:78; 1 Chronicles 7:37","Easton; Nave"
"bildad","5","medium","bildad","Job 2:11; Job 8:1; Job 18:1; Job 25:1; Job 42:9","Easton"
"bukki","5","medium","bukki","Numbers 34:22; 1 Chronicles 6:5; 1 Chronicles 6:5; 1 Chronicles 6:51; Ezra 7:4","Nave"
"chedorlaomer","5","medium","chedorlaomer","Genesis 14:1; Genesis 14:4; Genesis 14:5; Genesis 14:9; Genesis 14:17","Easton"
"chenaanah","5","medium","chenaanah","1 Kings 22:11; 1 Kings 22:24; 1 Chronicles 7:10; 2 Chronicles 18:10; 2 Chronicles 18:23","Easton; Nave"
"consumption","5","medium","consumption","Leviticus 26:16; Deuteronomy 28:22; Isaiah 10:22; Isaiah 10:23; Isaiah 28:22","Nave"
"crete","5","medium","crete","Acts 27:7; Acts 27:12; Acts 27:13; Acts 27:21; Titus 1:5","Easton; Nave"
"cruelty","5","medium","cruelty","Genesis 49:5; Judges 9:24; Psalms 27:12; Psalms 74:20; Ezekiel 34:4","Nave"
"diana","5","medium","diana","Acts 19:24; Acts 19:27; Acts 19:28; Acts 19:34; Acts 19:35","Easton; Nave"
"dishan","5","medium","dishan","Genesis 36:21; Genesis 36:28; Genesis 36:30; 1 Chronicles 1:38; 1 Chronicles 1:42","Easton; Nave"
"doeg","5","medium","doeg","1 Samuel 21:7; 1 Samuel 22:9; 1 Samuel 22:18; 1 Samuel 22:18; 1 Samuel 22:22","Easton; Nave"
"elath","5","medium","elath","Deuteronomy 2:8; 2 Kings 14:22; 2 Kings 16:6; 2 Kings 16:6; 2 Kings 16:6","Easton; Nave"
"elealeh","5","medium","elealeh","Numbers 32:3; Numbers 32:37; Isaiah 15:4; Isaiah 16:9; Jeremiah 48:34","Easton"
"elizur","5","medium","elizur","Numbers 1:5; Numbers 2:10; Numbers 7:30; Numbers 7:35; Numbers 10:18","Nave"
"enan","5","medium","enan","Numbers 1:15; Numbers 2:29; Numbers 7:78; Numbers 7:83; Numbers 10:27","Nave"
"ephraimites","5","medium","ephraimites; ephraimite","Joshua 16:10; Judges 12:4; Judges 12:5; Judges 12:5; Judges 12:6","KJV rare-term help"
"ephratah","5","medium","ephratah","Ruth 4:11; 1 Chronicles 2:50; 1 Chronicles 4:4; Psalms 132:6; Micah 5:2","Easton; Nave"
"ephrath","5","medium","ephrath","Genesis 35:16; Genesis 35:19; Genesis 48:7; Genesis 48:7; 1 Chronicles 2:19","Nave"
"eshtemoa","5","medium","eshtemoa","Joshua 21:14; 1 Samuel 30:28; 1 Chronicles 4:17; 1 Chronicles 4:19; 1 Chronicles 6:57","Easton; Nave"
"etam","5","medium","etam","Judges 15:8; Judges 15:11; 1 Chronicles 4:3; 1 Chronicles 4:32; 2 Chronicles 11:6","Easton; Nave"
"fleshhooks","5","medium","fleshhooks; fleshhook; fleshhooke","Exodus 27:3; Exodus 38:3; Numbers 4:14; 1 Chronicles 28:17; 2 Chronicles 4:16","Easton; Nave"
"gaius","5","medium","gaius; gaiu","Acts 19:29; Acts 20:4; Romans 16:23; 1 Corinthians 1:14; 3 John 1:1","Easton; Nave"
"galilaeans","5","medium","galilaeans; galilee; galilaean; galilaeane","Luke 13:1; Luke 13:2; Luke 13:2; John 4:45; Acts 2:7","Easton; Nave"
"gemariah","5","medium","gemariah","Jeremiah 29:3; Jeremiah 36:10; Jeremiah 36:11; Jeremiah 36:12; Jeremiah 36:25","Easton; Nave"
"gerahs","5","medium","gerahs; gerah; gerahe","Exodus 30:13; Leviticus 27:25; Numbers 3:47; Numbers 18:16; Ezekiel 45:12","Easton"
"geshurites","5","medium","geshurites; geshurite","Joshua 12:5; Joshua 13:11; Joshua 13:13; Joshua 13:13; 1 Samuel 27:8","Easton"
"gideoni","5","medium","gideoni","Numbers 1:11; Numbers 2:22; Numbers 7:60; Numbers 7:65; Numbers 10:24","Nave"
"girgashites","5","medium","girgashites; girgashite","Genesis 15:21; Deuteronomy 7:1; Joshua 3:10; Joshua 24:11; Nehemiah 9:8","Easton; Nave"
"gomorrha","5","medium","gomorrha","Matthew 10:15; Mark 6:11; Romans 9:29; 2 Peter 2:6; Jude 1:7","KJV rare-term help"
"gozan","5","medium","gozan","2 Kings 17:6; 2 Kings 18:11; 2 Kings 19:12; 1 Chronicles 5:26; Isaiah 37:12","Easton; Nave"
"haggith","5","medium","haggith","2 Samuel 3:4; 1 Kings 1:5; 1 Kings 1:11; 1 Kings 2:13; 1 Chronicles 3:2","Easton"
"hammedatha","5","medium","hammedatha","Esther 3:1; Esther 3:10; Esther 8:5; Esther 9:10; Esther 9:24","Easton"
"hanoch","5","medium","hanoch","Genesis 25:4; Genesis 46:9; Exodus 6:14; Numbers 26:5; 1 Chronicles 5:3","Nave"
"hararite","5","medium","hararite","2 Samuel 23:11; 2 Samuel 23:33; 2 Samuel 23:33; 1 Chronicles 11:34; 1 Chronicles 11:35","KJV rare-term help"
"hashum","5","medium","hashum","Ezra 2:19; Ezra 10:33; Nehemiah 7:22; Nehemiah 8:4; Nehemiah 10:18","Easton; Nave"
"hattush","5","medium","hattush","1 Chronicles 3:22; Ezra 8:2; Nehemiah 3:10; Nehemiah 10:4; Nehemiah 12:2","Easton; Nave"
"helez","5","medium","helez","2 Samuel 23:26; 1 Chronicles 2:39; 1 Chronicles 2:39; 1 Chronicles 11:27; 1 Chronicles 27:10","Easton; Nave"
"helon","5","medium","helon","Numbers 1:9; Numbers 2:7; Numbers 7:24; Numbers 7:29; Numbers 10:16","Easton"
"hodijah","5","medium","hodijah","Nehemiah 8:7; Nehemiah 9:5; Nehemiah 10:10; Nehemiah 10:13; Nehemiah 10:18","Easton"
"hophni","5","medium","hophni","1 Samuel 1:3; 1 Samuel 2:34; 1 Samuel 4:4; 1 Samuel 4:11; 1 Samuel 4:17","Easton; Nave"
"hosah","5","medium","hosah","Joshua 19:29; 1 Chronicles 16:38; 1 Chronicles 26:10; 1 Chronicles 26:11; 1 Chronicles 26:16","Easton; Nave"
"hushathite","5","medium","hushathite","2 Samuel 21:18; 2 Samuel 23:27; 1 Chronicles 11:29; 1 Chronicles 20:4; 1 Chronicles 27:11","KJV rare-term help"
"jahaz","5","medium","jahaz","Numbers 21:23; Deuteronomy 2:32; Judges 11:20; Isaiah 15:4; Jeremiah 48:34","Easton; Nave"
"japhia","5","medium","japhia","Joshua 10:3; Joshua 19:12; 2 Samuel 5:15; 1 Chronicles 3:7; 1 Chronicles 14:6","Easton; Nave"
"jason","5","medium","jason","Acts 17:5; Acts 17:6; Acts 17:7; Acts 17:9; Romans 16:21","Easton; Nave"
"jeremoth","5","medium","jeremoth","1 Chronicles 8:14; 1 Chronicles 23:23; 1 Chronicles 25:22; Ezra 10:26; Ezra 10:27","Nave"
"jeshaiah","5","medium","jeshaiah","1 Chronicles 25:3; 1 Chronicles 25:15; 1 Chronicles 26:25; Ezra 8:7; Ezra 8:19","Easton"
"jezreelitess","5","medium","jezreelitess; jezreelites; jezreelitese","1 Samuel 27:3; 1 Samuel 30:5; 2 Samuel 2:2; 2 Samuel 3:2; 1 Chronicles 3:1","KJV rare-term help"
"joiarib","5","medium","joiarib","Ezra 8:16; Nehemiah 11:5; Nehemiah 11:10; Nehemiah 12:6; Nehemiah 12:19","Easton; Nave"
"jozadak","5","medium","jozadak","Ezra 3:2; Ezra 3:8; Ezra 5:2; Ezra 10:18; Nehemiah 12:26","KJV rare-term help"
"kibrothhattaavah","5","medium","kibrothhattaavah","Numbers 11:34; Numbers 11:35; Numbers 33:16; Numbers 33:17; Deuteronomy 9:22","Easton; Nave"
"kir","5","medium","kir","2 Kings 16:9; Isaiah 15:1; Isaiah 22:6; Amos 1:5; Amos 9:7","Easton; Nave"
"laodicea","5","medium","laodicea","Colossians 2:1; Colossians 4:13; Colossians 4:15; Colossians 4:16; Revelation 1:11","Easton; Nave"
"libni","5","medium","libni","Exodus 6:17; Numbers 3:18; 1 Chronicles 6:17; 1 Chronicles 6:20; 1 Chronicles 6:29","Easton"
"magog","5","medium","magog","Genesis 10:2; 1 Chronicles 1:5; Ezekiel 38:2; Ezekiel 39:6; Revelation 20:8","Easton; Nave"
"marah","5","medium","marah","Exodus 15:23; Exodus 15:23; Exodus 15:23; Numbers 33:8; Numbers 33:9","Easton; Nave"
"matthew","5","medium","matthew","Matthew 9:9; Matthew 10:3; Mark 3:18; Luke 6:15; Acts 1:13","Easton"
"medeba","5","medium","medeba","Numbers 21:30; Joshua 13:9; Joshua 13:16; 1 Chronicles 19:7; Isaiah 15:2","Easton"
"moza","5","medium","moza","1 Chronicles 2:46; 1 Chronicles 8:36; 1 Chronicles 8:37; 1 Chronicles 9:42; 1 Chronicles 9:43","Easton; Nave"
"naamah","5","medium","naamah","Genesis 4:22; Joshua 15:41; 1 Kings 14:21; 1 Kings 14:31; 2 Chronicles 12:13","Easton; Nave"
"nahath","5","medium","nahath","Genesis 36:13; Genesis 36:17; 1 Chronicles 1:37; 1 Chronicles 6:26; 2 Chronicles 31:13","Easton"
"nicodemus","5","medium","nicodemus; nicodemu","John 3:1; John 3:4; John 3:9; John 7:50; John 19:39","Easton; Nave"
"nimshi","5","medium","nimshi","1 Kings 19:16; 2 Kings 9:2; 2 Kings 9:14; 2 Kings 9:20; 2 Chronicles 22:7","Easton"
"noe","5","medium","noe","Matthew 24:37; Matthew 24:38; Luke 3:36; Luke 17:26; Luke 17:27","KJV rare-term help"
"ocran","5","medium","ocran","Numbers 1:13; Numbers 2:27; Numbers 7:72; Numbers 7:77; Numbers 10:26","Nave"
"ono","5","medium","ono","1 Chronicles 8:12; Ezra 2:33; Nehemiah 6:2; Nehemiah 7:37; Nehemiah 11:35","Easton; Nave"
"ophel","5","medium","ophel","2 Chronicles 27:3; 2 Chronicles 33:14; Nehemiah 3:26; Nehemiah 3:27; Nehemiah 11:21","Easton; Nave"
"pagiel","5","medium","pagiel","Numbers 1:13; Numbers 2:27; Numbers 7:72; Numbers 7:77; Numbers 10:26","Easton; Nave"
"pamphylia","5","medium","pamphylia","Acts 2:10; Acts 13:13; Acts 14:24; Acts 15:38; Acts 27:5","Easton; Nave"
"parlour","5","medium","parlour","Judges 3:20; Judges 3:23; Judges 3:24; Judges 3:25; 1 Samuel 9:22","Easton"
"parosh","5","medium","parosh","Ezra 2:3; Ezra 10:25; Nehemiah 3:25; Nehemiah 7:8; Nehemiah 10:14","KJV rare-term help"
"passages","5","medium","passages; passage","Judges 12:5; Judges 12:6; 1 Samuel 14:4; Jeremiah 22:20; Jeremiah 51:32","Easton"
"passengers","5","medium","passengers; passenger; passengere","Proverbs 9:15; Ezekiel 39:11; Ezekiel 39:11; Ezekiel 39:14; Ezekiel 39:15","Nave"
"pathros","5","medium","pathros; pathro","Isaiah 11:11; Jeremiah 44:1; Jeremiah 44:15; Ezekiel 29:14; Ezekiel 30:14","Easton; Nave"
"pedahzur","5","medium","pedahzur","Numbers 1:10; Numbers 2:20; Numbers 7:54; Numbers 7:59; Numbers 10:23","Easton"
"pelatiah","5","medium","pelatiah","1 Chronicles 3:21; 1 Chronicles 4:42; Nehemiah 10:22; Ezekiel 11:1; Ezekiel 11:13","Easton; Nave"
"peor","5","medium","peor","Numbers 23:28; Numbers 25:18; Numbers 25:18; Numbers 31:16; Joshua 22:17","Easton"
"perizzite","5","medium","perizzite","Genesis 13:7; Exodus 33:2; Exodus 34:11; Joshua 9:1; Joshua 11:3","KJV rare-term help"
"persians","5","medium","persians; persian; persiane","Esther 1:19; Daniel 5:28; Daniel 6:8; Daniel 6:12; Daniel 6:15","Nave"
"pirathonite","5","medium","pirathonite","Judges 12:13; Judges 12:15; 2 Samuel 23:30; 1 Chronicles 11:31; 1 Chronicles 27:14","Easton; Nave"
"pisgah","5","medium","pisgah","Numbers 21:20; Numbers 23:14; Deuteronomy 3:27; Deuteronomy 4:49; Deuteronomy 34:1","Easton"
"priscilla","5","medium","priscilla","Acts 18:2; Acts 18:18; Acts 18:26; Romans 16:3; 1 Corinthians 16:19","Easton"
"raamah","5","medium","raamah","Genesis 10:7; Genesis 10:7; 1 Chronicles 1:9; 1 Chronicles 1:9; Ezekiel 27:22","Easton"
"rehabiah","5","medium","rehabiah","1 Chronicles 23:17; 1 Chronicles 23:17; 1 Chronicles 24:21; 1 Chronicles 24:21; 1 Chronicles 26:25","Easton; Nave"
"rekem","5","medium","rekem","Numbers 31:8; Joshua 13:21; Joshua 18:27; 1 Chronicles 2:43; 1 Chronicles 2:44","Easton; Nave"
"religion","5","medium","religion","Acts 26:5; Galatians 1:13; Galatians 1:14; James 1:26; James 1:27","Nave"
"rephaiah","5","medium","rephaiah","1 Chronicles 3:21; 1 Chronicles 4:42; 1 Chronicles 7:2; 1 Chronicles 9:43; Nehemiah 3:9","Nave"
"rephidim","5","medium","rephidim","Exodus 17:1; Exodus 17:8; Exodus 19:2; Numbers 33:14; Numbers 33:15","Easton"
"reu","5","medium","reu","Genesis 11:18; Genesis 11:19; Genesis 11:20; Genesis 11:21; 1 Chronicles 1:25","KJV rare-term help"
"sedition","5","medium","sedition","Ezra 4:15; Ezra 4:19; Luke 23:19; Luke 23:25; Acts 24:5","Nave"
"serug","5","medium","serug","Genesis 11:20; Genesis 11:21; Genesis 11:22; Genesis 11:23; 1 Chronicles 1:26","Easton; Nave"
"shammua","5","medium","shammua","Numbers 13:4; 2 Samuel 5:14; 1 Chronicles 14:4; Nehemiah 11:17; Nehemiah 12:18","Easton; Nave"
"shedeur","5","medium","shedeur","Numbers 1:5; Numbers 2:10; Numbers 7:30; Numbers 7:35; Numbers 10:18","Nave"
"shelumiel","5","medium","shelumiel","Numbers 1:6; Numbers 2:12; Numbers 7:36; Numbers 7:41; Numbers 10:19","KJV rare-term help"
"sheshan","5","medium","sheshan","1 Chronicles 2:31; 1 Chronicles 2:31; 1 Chronicles 2:34; 1 Chronicles 2:34; 1 Chronicles 2:35","KJV rare-term help"
"shilonite","5","medium","shilonite","1 Kings 11:29; 1 Kings 12:15; 1 Kings 15:29; 2 Chronicles 9:29; 2 Chronicles 10:15","Easton; Nave"
"shimea","5","medium","shimea","2 Samuel 21:21; 1 Chronicles 3:5; 1 Chronicles 6:30; 1 Chronicles 6:39; 1 Chronicles 20:7","Easton; Nave"
"shimron","5","medium","shimron","Genesis 46:13; Numbers 26:24; Joshua 11:1; Joshua 19:15; 1 Chronicles 7:1","Easton; Nave"
"shuah","5","medium","shuah","Genesis 25:2; Genesis 38:2; Genesis 38:12; 1 Chronicles 1:32; 1 Chronicles 4:11","Easton; Nave"
"shuhite","5","medium","shuhite","Job 2:11; Job 8:1; Job 18:1; Job 25:1; Job 42:9","Easton"
"sidonians","5","medium","sidonians; sidonian; sidoniane","Deuteronomy 3:9; Joshua 13:4; Joshua 13:6; Judges 3:3; 1 Kings 5:6","KJV rare-term help"
"stork","5","medium","stork","Leviticus 11:19; Deuteronomy 14:18; Psalms 104:17; Jeremiah 8:7; Zechariah 5:9","Easton; Nave"
"superscription","5","medium","superscription","Matthew 22:20; Mark 12:16; Mark 15:26; Luke 20:24; Luke 23:38","Nave"
"tahpanhes","5","medium","tahpanhes; tahpanhe","Jeremiah 43:7; Jeremiah 43:8; Jeremiah 43:9; Jeremiah 44:1; Jeremiah 46:14","KJV rare-term help"
"talmon","5","medium","talmon","1 Chronicles 9:17; Ezra 2:42; Nehemiah 7:45; Nehemiah 11:19; Nehemiah 12:25","Easton"
"tema","5","medium","tema","Genesis 25:15; 1 Chronicles 1:30; Job 6:19; Isaiah 21:14; Jeremiah 25:23","Easton; Nave"
"thummim","5","medium","thummim","Exodus 28:30; Leviticus 8:8; Deuteronomy 33:8; Ezra 2:63; Nehemiah 7:65","Easton"
"timnah","5","medium","timnah","Genesis 36:40; Joshua 15:10; Joshua 15:57; 1 Chronicles 1:51; 2 Chronicles 28:18","Easton; Nave"
"tirshatha","5","medium","tirshatha","Ezra 2:63; Nehemiah 7:65; Nehemiah 7:70; Nehemiah 8:9; Nehemiah 10:1","Easton; Nave"
"tychicus","5","medium","tychicus; tychicu","Acts 20:4; Ephesians 6:21; Colossians 4:7; 2 Timothy 4:12; Titus 3:12","Easton; Nave"
"upside","5","medium","upside","2 Kings 21:13; Psalms 146:9; Isaiah 24:1; Isaiah 29:16; Acts 17:6","KJV rare-term help"
"zanoah","5","medium","zanoah","Joshua 15:34; Joshua 15:56; 1 Chronicles 4:18; Nehemiah 3:13; Nehemiah 11:30","Easton; Nave"
"zeboim","5","medium","zeboim","Genesis 10:19; Deuteronomy 29:23; 1 Samuel 13:18; Nehemiah 11:34; Hosea 11:8","Easton"
"zerahiah","5","medium","zerahiah","1 Chronicles 6:6; 1 Chronicles 6:6; 1 Chronicles 6:51; Ezra 7:4; Ezra 8:4","Nave"
"zuar","5","medium","zuar","Numbers 1:8; Numbers 2:5; Numbers 7:18; Numbers 7:23; Numbers 10:15","Nave"
"zur","5","medium","zur","Numbers 25:15; Numbers 31:8; Joshua 13:21; 1 Chronicles 8:30; 1 Chronicles 9:36","Easton; Nave"
"zurishaddai","5","medium","zurishaddai","Numbers 1:6; Numbers 2:12; Numbers 7:36; Numbers 7:41; Numbers 10:19","Easton; Nave"
"abarim","4","low","abarim","Numbers 27:12; Numbers 33:47; Numbers 33:48; Deuteronomy 32:49","Easton"
"abia","4","low","abia","1 Chronicles 3:10; Matthew 1:7; Matthew 1:7; Luke 1:5","Easton; Nave"
"abiah","4","low","abiah","1 Samuel 8:2; 1 Chronicles 2:24; 1 Chronicles 6:28; 1 Chronicles 7:8","KJV rare-term help"
"abinoam","4","low","abinoam","Judges 4:6; Judges 4:12; Judges 5:1; Judges 5:12","Easton"
"achsah","4","low","achsah","Joshua 15:16; Joshua 15:17; Judges 1:12; Judges 1:13","Easton; Nave"
"achzib","4","low","achzib","Joshua 15:44; Joshua 19:29; Judges 1:31; Micah 1:14","Easton; Nave"
"adin","4","low","adin","Ezra 2:15; Ezra 8:6; Nehemiah 7:20; Nehemiah 10:16","Easton"
"ahiah","4","low","ahiah","1 Samuel 14:3; 1 Samuel 14:18; 1 Kings 4:3; 1 Chronicles 8:7","Nave"
"ahiman","4","low","ahiman","Numbers 13:22; Joshua 15:14; Judges 1:10; 1 Chronicles 9:17","Easton"
"alleluia","4","low","alleluia","Revelation 19:1; Revelation 19:3; Revelation 19:4; Revelation 19:6","Easton"
"ammonitess","4","low","ammonitess; ammonites; ammonitese","1 Kings 14:21; 1 Kings 14:31; 2 Chronicles 12:13; 2 Chronicles 24:26","Nave"
"annas","4","low","annas; anna","Luke 3:2; John 18:13; John 18:24; Acts 4:6","Easton; Nave"
"antichrist","4","low","antichrist","1 John 2:18; 1 John 2:22; 1 John 4:3; 2 John 1:7","Easton"
"arah","4","low","arah","1 Chronicles 7:39; Ezra 2:5; Nehemiah 6:18; Nehemiah 7:10","KJV rare-term help"
"arimathaea","4","low","arimathaea","Matthew 27:57; Mark 15:43; Luke 23:51; John 19:38","KJV rare-term help"
"arpad","4","low","arpad","2 Kings 18:34; 2 Kings 19:13; Isaiah 10:9; Jeremiah 49:23","Easton"
"ashan","4","low","ashan","Joshua 15:42; Joshua 19:7; 1 Chronicles 4:32; 1 Chronicles 6:59","KJV rare-term help"
"attai","4","low","attai","1 Chronicles 2:35; 1 Chronicles 2:36; 1 Chronicles 12:11; 2 Chronicles 11:20","KJV rare-term help"
"augustus","4","low","augustus; augustu","Luke 2:1; Acts 25:21; Acts 25:25; Acts 27:1","Easton"
"azgad","4","low","azgad","Ezra 2:12; Ezra 8:12; Nehemiah 7:17; Nehemiah 10:15","KJV rare-term help"
"azubah","4","low","azubah","1 Kings 22:42; 1 Chronicles 2:18; 1 Chronicles 2:19; 2 Chronicles 20:31","Easton; Nave"
"baalperazim","4","low","baalperazim","2 Samuel 5:20; 2 Samuel 5:20; 1 Chronicles 14:11; 1 Chronicles 14:11","Easton; Nave"
"baalzebub","4","low","baalzebub","2 Kings 1:2; 2 Kings 1:3; 2 Kings 1:6; 2 Kings 1:16","Easton"
"bartholomew","4","low","bartholomew","Matthew 10:3; Mark 3:18; Luke 6:14; Acts 1:13","Easton; Nave"
"beerothite","4","low","beerothite","2 Samuel 4:2; 2 Samuel 4:5; 2 Samuel 4:9; 2 Samuel 23:37","KJV rare-term help"
"bethpeor","4","low","bethpeor","Deuteronomy 3:29; Deuteronomy 4:46; Deuteronomy 34:6; Joshua 13:20","Easton; Nave"
"bethzur","4","low","bethzur","Joshua 15:58; 1 Chronicles 2:45; 2 Chronicles 11:7; Nehemiah 3:16","Easton; Nave"
"bilhan","4","low","bilhan","Genesis 36:27; 1 Chronicles 1:42; 1 Chronicles 7:10; 1 Chronicles 7:10","Nave"
"cana","4","low","cana","John 2:1; John 2:11; John 4:46; John 21:2","Easton; Nave"
"carpenter","4","low","carpenter","Isaiah 41:7; Isaiah 44:13; Matthew 13:55; Mark 6:3","Easton"
"chephirah","4","low","chephirah","Joshua 9:17; Joshua 18:26; Ezra 2:25; Nehemiah 7:29","Easton; Nave"
"chimham","4","low","chimham","2 Samuel 19:37; 2 Samuel 19:38; 2 Samuel 19:40; Jeremiah 41:17","Easton"
"chinnereth","4","low","chinnereth; chinner; chinnere","Numbers 34:11; Deuteronomy 3:17; Joshua 13:27; Joshua 19:35","Easton"
"chushanrishathaim","4","low","chushanrishathaim","Judges 3:8; Judges 3:8; Judges 3:10; Judges 3:10","Easton"
"cinnamon","4","low","cinnamon","Exodus 30:23; Proverbs 7:17; Solomon's Song 4:14; Revelation 18:13","Easton; Nave"
"conduit","4","low","conduit","2 Kings 18:17; 2 Kings 20:20; Isaiah 7:3; Isaiah 36:2","Easton"
"cummin","4","low","cummin","Isaiah 28:25; Isaiah 28:27; Isaiah 28:27; Matthew 23:23","Easton"
"cyrene","4","low","cyrene","Matthew 27:32; Acts 2:10; Acts 11:20; Acts 13:1","Easton; Nave"
"danites","4","low","danites; danite","Judges 13:2; Judges 18:1; Judges 18:11; 1 Chronicles 12:35","KJV rare-term help"
"derbe","4","low","derbe","Acts 14:6; Acts 14:20; Acts 16:1; Acts 20:4","Easton; Nave"
"deuel","4","low","deuel","Numbers 1:14; Numbers 7:42; Numbers 7:47; Numbers 10:20","Nave"
"dumah","4","low","dumah","Genesis 25:14; Joshua 15:52; 1 Chronicles 1:30; Isaiah 21:11","Easton; Nave"
"eleasah","4","low","eleasah","1 Chronicles 2:39; 1 Chronicles 2:40; 1 Chronicles 8:37; 1 Chronicles 9:43","Nave"
"elhanan","4","low","elhanan","2 Samuel 21:19; 2 Samuel 23:24; 1 Chronicles 11:26; 1 Chronicles 20:5","Easton; Nave"
"elizaphan","4","low","elizaphan","Numbers 3:30; Numbers 34:25; 1 Chronicles 15:8; 2 Chronicles 29:13","Nave"
"enrogel","4","low","enrogel","Joshua 15:7; Joshua 18:16; 2 Samuel 17:17; 1 Kings 1:9","Easton; Nave"
"epher","4","low","epher","Genesis 25:4; 1 Chronicles 1:33; 1 Chronicles 4:17; 1 Chronicles 5:24","Easton; Nave"
"etham","4","low","etham","Exodus 13:20; Numbers 33:6; Numbers 33:7; Numbers 33:8","Easton; Nave"
"eziongeber","4","low","eziongeber","1 Kings 9:26; 1 Kings 22:48; 2 Chronicles 8:17; 2 Chronicles 20:36","Easton"
"firepans","4","low","firepans; firepan; firepane","Exodus 27:3; Exodus 38:3; 2 Kings 25:15; Jeremiah 52:19","Easton; Nave"
"firstripe","4","low","firstripe","Numbers 13:20; Hosea 9:10; Micah 7:1; Nahum 3:12","KJV rare-term help"
"gaash","4","low","gaash","Joshua 24:30; Judges 2:9; 2 Samuel 23:30; 1 Chronicles 11:32","Easton; Nave"
"gabriel","4","low","gabriel","Daniel 8:16; Daniel 9:21; Luke 1:19; Luke 1:26","Easton"
"gathrimmon","4","low","gathrimmon","Joshua 19:45; Joshua 21:24; Joshua 21:25; 1 Chronicles 6:69","Easton; Nave"
"gerizim","4","low","gerizim","Deuteronomy 11:29; Deuteronomy 27:12; Joshua 8:33; Judges 9:7","Easton"
"giddel","4","low","giddel","Ezra 2:47; Ezra 2:56; Nehemiah 7:49; Nehemiah 7:58","KJV rare-term help"
"gileadites","4","low","gileadites; gileadite","Numbers 26:29; Judges 12:4; Judges 12:5; 2 Kings 15:25","KJV rare-term help"
"golan","4","low","golan","Deuteronomy 4:43; Joshua 20:8; Joshua 21:27; 1 Chronicles 6:71","Easton; Nave"
"guni","4","low","guni","Genesis 46:24; Numbers 26:48; 1 Chronicles 5:15; 1 Chronicles 7:13","Nave"
"hadoram","4","low","hadoram","Genesis 10:27; 1 Chronicles 1:21; 1 Chronicles 18:10; 2 Chronicles 10:18","Easton"
"hanameel","4","low","hanameel","Jeremiah 32:7; Jeremiah 32:8; Jeremiah 32:9; Jeremiah 32:12","Easton; Nave"
"hananeel","4","low","hananeel","Nehemiah 3:1; Nehemiah 12:39; Jeremiah 31:38; Zechariah 14:10","Easton; Nave"
"hashub","4","low","hashub","Nehemiah 3:11; Nehemiah 3:23; Nehemiah 10:23; Nehemiah 11:15","Easton"
"hatach","4","low","hatach","Esther 4:5; Esther 4:6; Esther 4:9; Esther 4:10","Easton"
"hazarenan","4","low","hazarenan","Numbers 34:9; Numbers 34:10; Ezekiel 47:17; Ezekiel 48:1","Easton"
"hazarshual","4","low","hazarshual","Joshua 15:28; Joshua 19:3; 1 Chronicles 4:28; Nehemiah 11:27","Easton; Nave"
"henadad","4","low","henadad","Ezra 3:9; Nehemiah 3:18; Nehemiah 3:24; Nehemiah 10:9","Easton; Nave"
"hoglah","4","low","hoglah","Numbers 26:33; Numbers 27:1; Numbers 36:11; Joshua 17:3","Easton; Nave"
"hori","4","low","hori","Genesis 36:22; Genesis 36:30; Numbers 13:5; 1 Chronicles 1:39","Nave"
"horonaim","4","low","horonaim","Isaiah 15:5; Jeremiah 48:3; Jeremiah 48:5; Jeremiah 48:34","Easton; Nave"
"husham","4","low","husham","Genesis 36:34; Genesis 36:35; 1 Chronicles 1:45; 1 Chronicles 1:46","KJV rare-term help"
"hushim","4","low","hushim","Genesis 46:23; 1 Chronicles 7:12; 1 Chronicles 8:8; 1 Chronicles 8:11","KJV rare-term help"
"idumea","4","low","idumea","Isaiah 34:5; Isaiah 34:6; Ezekiel 35:15; Ezekiel 36:5","Nave"
"ishmeelites","4","low","ishmeelites; ishmeelite","Genesis 37:25; Genesis 37:27; Genesis 37:28; Genesis 39:1","Easton"
"italy","4","low","italy","Acts 18:2; Acts 27:1; Acts 27:6; Hebrews 13:24","Easton; Nave"
"ithrite","4","low","ithrite","2 Samuel 23:38; 2 Samuel 23:38; 1 Chronicles 11:40; 1 Chronicles 11:40","Easton"
"jaalam","4","low","jaalam","Genesis 36:5; Genesis 36:14; Genesis 36:18; 1 Chronicles 1:35","Easton"
"jaazaniah","4","low","jaazaniah","2 Kings 25:23; Jeremiah 35:3; Ezekiel 8:11; Ezekiel 11:1","Easton; Nave"
"jabez","4","low","jabez","1 Chronicles 2:55; 1 Chronicles 4:9; 1 Chronicles 4:9; 1 Chronicles 4:10","Easton; Nave"
"jattir","4","low","jattir","Joshua 15:48; Joshua 21:14; 1 Samuel 30:27; 1 Chronicles 6:57","Easton; Nave"
"jebus","4","low","jebus; jebu","Judges 19:10; Judges 19:11; 1 Chronicles 11:4; 1 Chronicles 11:5","Easton; Nave"
"jehozabad","4","low","jehozabad","2 Kings 12:21; 1 Chronicles 26:4; 2 Chronicles 17:18; 2 Chronicles 24:26","Easton"
"jehudi","4","low","jehudi","Jeremiah 36:14; Jeremiah 36:21; Jeremiah 36:21; Jeremiah 36:23","Easton"
"joiada","4","low","joiada","Nehemiah 12:10; Nehemiah 12:11; Nehemiah 12:22; Nehemiah 13:28","Easton; Nave"
"joiakim","4","low","joiakim","Nehemiah 12:10; Nehemiah 12:10; Nehemiah 12:12; Nehemiah 12:26","Easton"
"jokneam","4","low","jokneam","Joshua 12:22; Joshua 19:11; Joshua 21:34; 1 Kings 4:12","Easton; Nave"
"jokshan","4","low","jokshan","Genesis 25:2; Genesis 25:3; 1 Chronicles 1:32; 1 Chronicles 1:32","Easton; Nave"
"kedemoth","4","low","kedemoth","Deuteronomy 2:26; Joshua 13:18; Joshua 21:37; 1 Chronicles 6:79","Easton"
"kerioth","4","low","kerioth","Joshua 15:25; Jeremiah 48:24; Jeremiah 48:41; Amos 2:2","Easton"
"keturah","4","low","keturah","Genesis 25:1; Genesis 25:4; 1 Chronicles 1:32; 1 Chronicles 1:33","Easton"
"kiriathaim","4","low","kiriathaim","Genesis 14:5; Jeremiah 48:1; Jeremiah 48:23; Ezekiel 25:9","KJV rare-term help"
"kirjathsepher","4","low","kirjathsepher","Joshua 15:15; Joshua 15:16; Judges 1:11; Judges 1:12","Easton"
"kore","4","low","kore","1 Chronicles 9:19; 1 Chronicles 26:1; 1 Chronicles 26:19; 2 Chronicles 31:14","Easton"
"korhites","4","low","korhites; korhite","Exodus 6:24; 1 Chronicles 12:6; 1 Chronicles 26:1; 2 Chronicles 20:19","Easton"
"koz","4","low","koz","Ezra 2:61; Nehemiah 3:4; Nehemiah 3:21; Nehemiah 7:63","Easton"
"lentiles","4","low","lentiles; lentile","Genesis 25:34; 2 Samuel 17:28; 2 Samuel 23:11; Ezekiel 4:9","Easton; Nave"
"lod","4","low","lod","1 Chronicles 8:12; Ezra 2:33; Nehemiah 7:37; Nehemiah 11:35","KJV rare-term help"
"lud","4","low","lud","Genesis 10:22; 1 Chronicles 1:17; Isaiah 66:19; Ezekiel 27:10","Easton; Nave"
"maachathite","4","low","maachathite","2 Samuel 23:34; 2 Kings 25:23; 1 Chronicles 4:19; Jeremiah 40:8","KJV rare-term help"
"maachathites","4","low","maachathites; maachathite","Joshua 12:5; Joshua 13:11; Joshua 13:13; Joshua 13:13","KJV rare-term help"
"mahlah","4","low","mahlah","Numbers 26:33; Numbers 27:1; Numbers 36:11; Joshua 17:3","Easton; Nave"
"mahlon","4","low","mahlon","Ruth 1:2; Ruth 1:5; Ruth 4:9; Ruth 4:10","Easton"
"malchishua","4","low","malchishua","1 Samuel 31:2; 1 Chronicles 8:33; 1 Chronicles 9:39; 1 Chronicles 10:2","Easton"
"massah","4","low","massah","Exodus 17:7; Deuteronomy 6:16; Deuteronomy 9:22; Deuteronomy 33:8","Easton"
"mephaath","4","low","mephaath","Joshua 13:18; Joshua 21:37; 1 Chronicles 6:79; Jeremiah 48:21","Easton; Nave"
"meribbaal","4","low","meribbaal","1 Chronicles 8:34; 1 Chronicles 8:34; 1 Chronicles 9:40; 1 Chronicles 9:40","Easton"
"mesha","4","low","mesha","Genesis 10:30; 2 Kings 3:4; 1 Chronicles 2:42; 1 Chronicles 8:9","Easton; Nave"
"meshelemiah","4","low","meshelemiah","1 Chronicles 9:21; 1 Chronicles 26:1; 1 Chronicles 26:2; 1 Chronicles 26:9","Easton"
"micha","4","low","micha","2 Samuel 9:12; Nehemiah 10:11; Nehemiah 11:17; Nehemiah 11:22","Easton"
"michah","4","low","michah","1 Chronicles 23:20; 1 Chronicles 24:24; 1 Chronicles 24:24; 1 Chronicles 24:25","KJV rare-term help"
"migdol","4","low","migdol","Exodus 14:2; Numbers 33:7; Jeremiah 44:1; Jeremiah 46:14","Easton"
"mikloth","4","low","mikloth","1 Chronicles 8:32; 1 Chronicles 9:37; 1 Chronicles 9:38; 1 Chronicles 27:4","Easton; Nave"
"mishma","4","low","mishma","Genesis 25:14; 1 Chronicles 1:30; 1 Chronicles 4:25; 1 Chronicles 4:26","Easton; Nave"
"mizraim","4","low","mizraim","Genesis 10:6; Genesis 10:13; 1 Chronicles 1:8; 1 Chronicles 1:11","Easton; Nave"
"moladah","4","low","moladah","Joshua 15:26; Joshua 19:2; 1 Chronicles 4:28; Nehemiah 11:26","Easton"
"naamathite","4","low","naamathite","Job 2:11; Job 11:1; Job 20:1; Job 42:9","Easton"
"nekoda","4","low","nekoda","Ezra 2:48; Ezra 2:60; Nehemiah 7:50; Nehemiah 7:62","Nave"
"nepheg","4","low","nepheg","Exodus 6:21; 2 Samuel 5:15; 1 Chronicles 3:7; 1 Chronicles 14:6","Nave"
"nimrod","4","low","nimrod","Genesis 10:8; Genesis 10:9; 1 Chronicles 1:10; Micah 5:6","Easton"
"oboth","4","low","oboth","Numbers 21:10; Numbers 21:11; Numbers 33:43; Numbers 33:44","Easton"
"onam","4","low","onam","Genesis 36:23; 1 Chronicles 1:40; 1 Chronicles 2:26; 1 Chronicles 2:28","Nave"
"pallu","4","low","pallu","Exodus 6:14; Numbers 26:5; Numbers 26:8; 1 Chronicles 5:3","Easton; Nave"
"passage","4","low","passage","Numbers 20:21; Joshua 22:11; 1 Samuel 13:23; Isaiah 10:29","Easton"
"pethahiah","4","low","pethahiah","1 Chronicles 24:16; Ezra 10:23; Nehemiah 9:5; Nehemiah 11:24","Easton"
"pharaohnechoh","4","low","pharaohnechoh; pharaoh","2 Kings 23:29; 2 Kings 23:33; 2 Kings 23:34; 2 Kings 23:35","Easton; Nave"
"pihahiroth","4","low","pihahiroth","Exodus 14:2; Exodus 14:9; Numbers 33:7; Numbers 33:8","Easton; Nave"
"pontius","4","low","pontius; pontiu","Matthew 27:2; Luke 3:1; Acts 4:27; 1 Timothy 6:13","KJV rare-term help"
"pul","4","low","pul","2 Kings 15:19; 2 Kings 15:19; 1 Chronicles 5:26; Isaiah 66:19","Easton; Nave"
"rameses","4","low","rameses; rames; ramese","Genesis 47:11; Exodus 12:37; Numbers 33:3; Numbers 33:5","Easton"
"rechabites","4","low","rechabites; rechabite","Jeremiah 35:2; Jeremiah 35:3; Jeremiah 35:5; Jeremiah 35:18","Easton"
"rehoboth","4","low","rehoboth","Genesis 10:11; Genesis 26:22; Genesis 36:37; 1 Chronicles 1:48","Easton; Nave"
"rizpah","4","low","rizpah","2 Samuel 3:7; 2 Samuel 21:8; 2 Samuel 21:10; 2 Samuel 21:11","Easton; Nave"
"salathiel","4","low","salathiel","1 Chronicles 3:17; Matthew 1:12; Matthew 1:12; Luke 3:27","Easton"
"salem","4","low","salem","Genesis 14:18; Psalms 76:2; Hebrews 7:1; Hebrews 7:2","Easton; Nave"
"salma","4","low","salma","1 Chronicles 2:11; 1 Chronicles 2:11; 1 Chronicles 2:51; 1 Chronicles 2:54","Nave"
"samlah","4","low","samlah","Genesis 36:36; Genesis 36:37; 1 Chronicles 1:47; 1 Chronicles 1:48","KJV rare-term help"
"sara","4","low","sara","Romans 4:19; Romans 9:9; Hebrews 11:11; 1 Peter 3:6","KJV rare-term help"
"sardius","4","low","sardius; sardiu","Exodus 28:17; Exodus 39:10; Ezekiel 28:13; Revelation 21:20","KJV rare-term help"
"seba","4","low","seba","Genesis 10:7; 1 Chronicles 1:9; Psalms 72:10; Isaiah 43:3","Easton; Nave"
"shamir","4","low","shamir","Joshua 15:48; Judges 10:1; Judges 10:2; 1 Chronicles 24:24","Easton; Nave"
"shemiramoth","4","low","shemiramoth","1 Chronicles 15:18; 1 Chronicles 15:20; 1 Chronicles 16:5; 2 Chronicles 17:8","Easton"
"sheshbazzar","4","low","sheshbazzar","Ezra 1:8; Ezra 1:11; Ezra 5:14; Ezra 5:16","Easton; Nave"
"shetharboznai","4","low","shetharboznai","Ezra 5:3; Ezra 5:6; Ezra 6:6; Ezra 6:13","Easton; Nave"
"shimshai","4","low","shimshai","Ezra 4:8; Ezra 4:9; Ezra 4:17; Ezra 4:23","Easton; Nave"
"shobab","4","low","shobab","2 Samuel 5:14; 1 Chronicles 2:18; 1 Chronicles 3:5; 1 Chronicles 14:4","Easton; Nave"
"shoulderpieces","4","low","shoulderpieces; shoulderpiece","Exodus 28:7; Exodus 28:25; Exodus 39:4; Exodus 39:18","KJV rare-term help"
"shuthelah","4","low","shuthelah","Numbers 26:35; Numbers 26:36; 1 Chronicles 7:20; 1 Chronicles 7:21","KJV rare-term help"
"sibmah","4","low","sibmah","Joshua 13:19; Isaiah 16:8; Isaiah 16:9; Jeremiah 48:32","Easton"
"silvanus","4","low","silvanus; silvanu","2 Corinthians 1:19; 1 Thessalonians 1:1; 2 Thessalonians 1:1; 1 Peter 5:12","KJV rare-term help"
"sparrows","4","low","sparrows; sparrow; sparrowe","Matthew 10:29; Matthew 10:31; Luke 12:6; Luke 12:7","Easton"
"tatnai","4","low","tatnai","Ezra 5:3; Ezra 5:6; Ezra 6:6; Ezra 6:13","Easton; Nave"
"tharshish","4","low","tharshish","1 Kings 10:22; 1 Kings 10:22; 1 Kings 22:48; 1 Chronicles 7:10","Easton; Nave"
"thyatira","4","low","thyatira","Acts 16:14; Revelation 1:11; Revelation 2:18; Revelation 2:24","Easton; Nave"
"timna","4","low","timna","Genesis 36:12; Genesis 36:22; 1 Chronicles 1:36; 1 Chronicles 1:39","Nave"
"togarmah","4","low","togarmah","Genesis 10:3; 1 Chronicles 1:6; Ezekiel 27:14; Ezekiel 38:6","Easton"
"ulam","4","low","ulam","1 Chronicles 7:16; 1 Chronicles 7:17; 1 Chronicles 8:39; 1 Chronicles 8:40","KJV rare-term help"
"uriel","4","low","uriel","1 Chronicles 6:24; 1 Chronicles 15:5; 1 Chronicles 15:11; 2 Chronicles 13:2","Easton; Nave"
"uzzah","4","low","uzzah","2 Samuel 6:3; 2 Samuel 6:6; 2 Samuel 6:7; 2 Samuel 6:8","Easton; Nave"
"witchcrafts","4","low","witchcrafts; witchcraft; witchcrafte","2 Kings 9:22; Micah 5:12; Nahum 3:4; Nahum 3:4","Easton"
"zachariah","4","low","zachariah","2 Kings 14:29; 2 Kings 15:8; 2 Kings 15:11; 2 Kings 18:2","Easton"
"zeresh","4","low","zeresh","Esther 5:10; Esther 5:14; Esther 6:13; Esther 6:13","Easton; Nave"
"zohar","4","low","zohar","Genesis 23:8; Genesis 25:9; Genesis 46:10; Exodus 6:15","Easton; Nave"
"zophar","4","low","zophar","Job 2:11; Job 11:1; Job 20:1; Job 42:9","Easton; Nave"
"abdi","3","low","abdi","1 Chronicles 6:44; 2 Chronicles 29:12; Ezra 10:26","Easton; Nave"
"abelmeholah","3","low","abelmeholah","Judges 7:22; 1 Kings 4:12; 1 Kings 19:16","Easton; Nave"
"abiel","3","low","abiel","1 Samuel 9:1; 1 Samuel 14:51; 1 Chronicles 11:32","Easton"
"achshaph","3","low","achshaph","Joshua 11:1; Joshua 12:20; Joshua 19:25","Easton; Nave"
"adiel","3","low","adiel","1 Chronicles 4:36; 1 Chronicles 9:12; 1 Chronicles 27:25","Easton"
"adonibezek","3","low","adonibezek","Judges 1:5; Judges 1:6; Judges 1:7","Easton"
"adonikam","3","low","adonikam","Ezra 2:13; Ezra 8:13; Nehemiah 7:18","Easton"
"adrammelech","3","low","adrammelech","2 Kings 17:31; 2 Kings 19:37; Isaiah 37:38","Easton"
"adullamite","3","low","adullamite","Genesis 38:1; Genesis 38:12; Genesis 38:20","Easton"
"ahava","3","low","ahava","Ezra 8:15; Ezra 8:21; Ezra 8:31","Easton; Nave"
"ahisamach","3","low","ahisamach","Exodus 31:6; Exodus 35:34; Exodus 38:23","Nave"
"ajalon","3","low","ajalon","Joshua 10:12; Joshua 19:42; 2 Chronicles 28:18","Easton"
"alemeth","3","low","alemeth; alem; aleme","1 Chronicles 6:60; 1 Chronicles 8:36; 1 Chronicles 9:42","Easton; Nave"
"alexandria","3","low","alexandria","Acts 18:24; Acts 27:6; Acts 28:11","Easton; Nave"
"amalekite","3","low","amalekite","1 Samuel 30:13; 2 Samuel 1:8; 2 Samuel 1:13","Easton"
"aminadab","3","low","aminadab","Matthew 1:4; Matthew 1:4; Luke 3:33","KJV rare-term help"
"aner","3","low","aner","Genesis 14:13; Genesis 14:24; 1 Chronicles 6:70","Easton"
"arba","3","low","arba","Joshua 14:15; Joshua 15:13; Joshua 21:11","Easton"
"ard","3","low","ard","Genesis 46:21; Numbers 26:40; Numbers 26:40","Easton; Nave"
"armoury","3","low","armoury","Nehemiah 3:19; Solomon's Song 4:4; Jeremiah 50:25","Easton"
"asenath","3","low","asenath","Genesis 41:45; Genesis 41:50; Genesis 46:20","Easton"
"ashbel","3","low","ashbel","Genesis 46:21; Numbers 26:38; 1 Chronicles 8:1","KJV rare-term help"
"ashdothpisgah","3","low","ashdothpisgah","Deuteronomy 3:17; Joshua 12:3; Joshua 13:20","Easton"
"ashtoreth","3","low","ashtoreth; ashtor; ashtore","1 Kings 11:5; 1 Kings 11:33; 2 Kings 23:13","Easton; Nave"
"askelon","3","low","askelon","Judges 1:18; 1 Samuel 6:17; 2 Samuel 1:20",""
"azaziah","3","low","azaziah","1 Chronicles 15:21; 1 Chronicles 27:20; 2 Chronicles 31:13","Easton"
"azmon","3","low","azmon","Numbers 34:4; Numbers 34:5; Joshua 15:4",""
"azriel","3","low","azriel","1 Chronicles 5:24; 1 Chronicles 27:19; Jeremiah 36:26",""
"azzah","3","low","azzah","Deuteronomy 2:23; 1 Kings 4:24; Jeremiah 25:20","Nave"
"baalath","3","low","baalath","Joshua 19:44; 1 Kings 9:18; 2 Chronicles 8:6","Easton; Nave"
"baalgad","3","low","baalgad","Joshua 11:17; Joshua 12:7; Joshua 13:5","Easton; Nave"
"baalmeon","3","low","baalmeon","Numbers 32:38; 1 Chronicles 5:8; Ezekiel 25:9","Easton"
"baalzephon","3","low","baalzephon","Exodus 14:2; Exodus 14:9; Numbers 33:7","Easton; Nave"
"bakbukiah","3","low","bakbukiah","Nehemiah 11:17; Nehemiah 12:9; Nehemiah 12:25","Nave"
"bees","3","low","bees; bee","Deuteronomy 1:44; Judges 14:8; Psalms 118:12","Easton; Nave"
"bel","3","low","bel","Isaiah 46:1; Jeremiah 50:2; Jeremiah 51:44","Easton; Nave"
"berachah","3","low","berachah","1 Chronicles 12:3; 2 Chronicles 20:26; 2 Chronicles 20:26","Easton; Nave"
"berea","3","low","berea","Acts 17:10; Acts 17:13; Acts 20:4","Easton; Nave"
"bernice","3","low","bernice","Acts 25:13; Acts 25:23; Acts 26:30","Easton; Nave"
"besor","3","low","besor","1 Samuel 30:9; 1 Samuel 30:10; 1 Samuel 30:21","Easton; Nave"
"bethanath","3","low","bethanath","Joshua 19:38; Judges 1:33; Judges 1:33","Easton; Nave"
"betharabah","3","low","betharabah","Joshua 15:6; Joshua 15:61; Joshua 18:22","Easton; Nave"
"bethjeshimoth","3","low","bethjeshimoth","Joshua 12:3; Joshua 13:20; Ezekiel 25:9","Easton; Nave"
"bethphage","3","low","bethphage","Matthew 21:1; Mark 11:1; Luke 19:29","Easton; Nave"
"bethshan","3","low","bethshan","1 Samuel 31:10; 1 Samuel 31:12; 2 Samuel 21:12","Nave"
"bezai","3","low","bezai","Ezra 2:17; Nehemiah 7:23; Nehemiah 10:18","Nave"
"bezek","3","low","bezek","Judges 1:4; Judges 1:5; 1 Samuel 11:8","Easton; Nave"
"bilgah","3","low","bilgah","1 Chronicles 24:14; Nehemiah 12:5; Nehemiah 12:18","Easton; Nave"
"booz","3","low","booz","Matthew 1:5; Matthew 1:5; Luke 3:32",""
"bunni","3","low","bunni","Nehemiah 9:4; Nehemiah 10:15; Nehemiah 11:15","Nave"
"buz","3","low","buz","Genesis 22:21; 1 Chronicles 5:14; Jeremiah 25:23","Easton; Nave"
"calamus","3","low","calamus; calamu","Exodus 30:23; Solomon's Song 4:14; Ezekiel 27:19","Easton"
"caphtor","3","low","caphtor","Deuteronomy 2:23; Jeremiah 47:4; Amos 9:7","Easton; Nave"
"carbuncle","3","low","carbuncle","Exodus 28:17; Exodus 39:10; Ezekiel 28:13","Easton; Nave"
"carchemish","3","low","carchemish","2 Chronicles 35:20; Isaiah 10:9; Jeremiah 46:2","Easton"
"chenaniah","3","low","chenaniah","1 Chronicles 15:22; 1 Chronicles 15:27; 1 Chronicles 26:29","Nave"
"chilion","3","low","chilion","Ruth 1:2; Ruth 1:5; Ruth 4:9","Easton"
"claudius","3","low","claudius; claudiu","Acts 11:28; Acts 18:2; Acts 23:26","Easton; Nave"
"conception","3","low","conception","Genesis 3:16; Ruth 4:13; Hosea 9:11","Nave"
"coniah","3","low","coniah","Jeremiah 22:24; Jeremiah 22:28; Jeremiah 37:1","Nave"
"convocations","3","low","convocations; convocation; convocatione","Leviticus 23:2; Leviticus 23:4; Leviticus 23:37","Easton; Nave"
"decapolis","3","low","decapolis; decapoli","Matthew 4:25; Mark 5:20; Mark 7:31","Easton; Nave"
"demas","3","low","demas; dema","Colossians 4:14; 2 Timothy 4:10; Philemon 1:24","Easton; Nave"
"demetrius","3","low","demetrius; demetriu","Acts 19:24; Acts 19:38; 3 John 1:12","Easton; Nave"
"didymus","3","low","didymus; didymu","John 11:16; John 20:24; John 21:2","Easton"
"dothan","3","low","dothan","Genesis 37:17; Genesis 37:17; 2 Kings 6:13","Easton; Nave"
"ebenezer","3","low","ebenezer","1 Samuel 4:1; 1 Samuel 5:1; 1 Samuel 7:12","Easton"
"ebiasaph","3","low","ebiasaph","1 Chronicles 6:23; 1 Chronicles 6:37; 1 Chronicles 9:19","Nave"
"eder","3","low","eder","Joshua 15:21; 1 Chronicles 23:23; 1 Chronicles 24:30","Easton"
"eliada","3","low","eliada","2 Samuel 5:16; 1 Chronicles 3:8; 2 Chronicles 17:17","Easton; Nave"
"elishah","3","low","elishah","Genesis 10:4; 1 Chronicles 1:7; Ezekiel 27:7","Easton; Nave"
"eloth","3","low","eloth","1 Kings 9:26; 2 Chronicles 8:17; 2 Chronicles 26:2",""
"elpaal","3","low","elpaal","1 Chronicles 8:11; 1 Chronicles 8:12; 1 Chronicles 8:18","Nave"
"emims","3","low","emims; emim; emime","Genesis 14:5; Deuteronomy 2:10; Deuteronomy 2:11","Easton; Nave"
"endor","3","low","endor","Joshua 17:11; 1 Samuel 28:7; Psalms 83:10","Easton; Nave"
"engannim","3","low","engannim","Joshua 15:34; Joshua 19:21; Joshua 21:29","Easton; Nave"
"epaphras","3","low","epaphras; epaphra","Colossians 1:7; Colossians 4:12; Philemon 1:23","Easton; Nave"
"ephesians","3","low","ephesians; ephesian; ephesiane","Acts 19:28; Acts 19:34; Acts 19:35","Easton; Nave"
"ephrathite","3","low","ephrathite","1 Samuel 1:1; 1 Samuel 17:12; 1 Kings 11:26","Easton"
"erastus","3","low","erastus; erastu","Acts 19:22; Romans 16:23; 2 Timothy 4:20","Easton; Nave"
"esarhaddon","3","low","esarhaddon","2 Kings 19:37; Ezra 4:2; Isaiah 37:38","Easton; Nave"
"esrom","3","low","esrom","Matthew 1:3; Matthew 1:3; Luke 3:33","Nave"
"eziongaber","3","low","eziongaber","Numbers 33:35; Numbers 33:36; Deuteronomy 2:8","Nave"
"firebrands","3","low","firebrands; firebrand; firebrande","Judges 15:4; Proverbs 26:18; Isaiah 7:4","Easton; Nave"
"gadarenes","3","low","gadarenes; gadarene","Mark 5:1; Luke 8:26; Luke 8:37","Easton; Nave"
"galal","3","low","galal","1 Chronicles 9:15; 1 Chronicles 9:16; Nehemiah 11:17","Nave"
"galilaean","3","low","galilaean","Mark 14:70; Luke 22:59; Luke 23:6",""
"gallio","3","low","gallio","Acts 18:12; Acts 18:14; Acts 18:17","Easton"
"gareb","3","low","gareb","2 Samuel 23:38; 1 Chronicles 11:40; Jeremiah 31:39","Easton"
"gatam","3","low","gatam","Genesis 36:11; Genesis 36:16; 1 Chronicles 1:36","Nave"
"gennesaret","3","low","gennesaret","Matthew 14:34; Mark 6:53; Luke 5:1","Easton; Nave"
"gershonite","3","low","gershonite","1 Chronicles 26:21; 1 Chronicles 26:21; 1 Chronicles 29:8",""
"geshem","3","low","geshem","Nehemiah 2:19; Nehemiah 6:1; Nehemiah 6:2","Easton"
"golgotha","3","low","golgotha","Matthew 27:33; Mark 15:22; John 19:17","Easton; Nave"
"grecia","3","low","grecia","Daniel 8:21; Daniel 10:20; Daniel 11:2",""
"habor","3","low","habor","2 Kings 17:6; 2 Kings 18:11; 1 Chronicles 5:26","Easton; Nave"
"hachilah","3","low","hachilah","1 Samuel 23:19; 1 Samuel 26:1; 1 Samuel 26:3","Easton; Nave"
"hadid","3","low","hadid","Ezra 2:33; Nehemiah 7:37; Nehemiah 11:34","Easton; Nave"
"hagarites","3","low","hagarites; hagarite","1 Chronicles 5:10; 1 Chronicles 5:19; 1 Chronicles 5:20",""
"halah","3","low","halah","2 Kings 17:6; 2 Kings 18:11; 1 Chronicles 5:26","Easton; Nave"
"hamul","3","low","hamul","Genesis 46:12; Numbers 26:21; 1 Chronicles 2:5","Easton; Nave"
"hamutal","3","low","hamutal","2 Kings 23:31; 2 Kings 24:18; Jeremiah 52:1","Easton"
"harosheth","3","low","harosheth; harosh; haroshe","Judges 4:2; Judges 4:13; Judges 4:16","Nave"
"hegai","3","low","hegai","Esther 2:8; Esther 2:8; Esther 2:15","Easton; Nave"
"hemath","3","low","hemath","1 Chronicles 2:55; 1 Chronicles 13:5; Amos 6:14","Easton"
"hena","3","low","hena","2 Kings 18:34; 2 Kings 19:13; Isaiah 37:13","Easton; Nave"
"hodaviah","3","low","hodaviah","1 Chronicles 5:24; 1 Chronicles 9:7; Ezra 2:40","Nave"
"holon","3","low","holon","Joshua 15:51; Joshua 21:15; Jeremiah 48:21",""
"horites","3","low","horites; horite","Genesis 14:6; Genesis 36:21; Genesis 36:29","Easton"
"horonite","3","low","horonite","Nehemiah 2:10; Nehemiah 2:19; Nehemiah 13:28","Easton; Nave"
"hosea","3","low","hosea","Hosea 1:1; Hosea 1:2; Hosea 1:2","Easton; Nave"
"hoshaiah","3","low","hoshaiah","Nehemiah 12:32; Jeremiah 42:1; Jeremiah 43:2","Nave"
"huppim","3","low","huppim","Genesis 46:21; 1 Chronicles 7:12; 1 Chronicles 7:15","Nave"
"ibhar","3","low","ibhar","2 Samuel 5:15; 1 Chronicles 3:6; 1 Chronicles 14:5","Easton; Nave"
"ibleam","3","low","ibleam","Joshua 17:11; Judges 1:27; 2 Kings 9:27","Easton; Nave"
"ijon","3","low","ijon","1 Kings 15:20; 2 Kings 15:29; 2 Chronicles 16:4","Easton; Nave"
"ikkesh","3","low","ikkesh","2 Samuel 23:26; 1 Chronicles 11:28; 1 Chronicles 27:9","Nave"
"isshiah","3","low","isshiah","1 Chronicles 24:21; 1 Chronicles 24:25; 1 Chronicles 24:25",""
"ithiel","3","low","ithiel","Nehemiah 11:7; Proverbs 30:1; Proverbs 30:1","Nave"
"ithran","3","low","ithran","Genesis 36:26; 1 Chronicles 1:41; 1 Chronicles 7:37","Nave"
"ivah","3","low","ivah","2 Kings 18:34; 2 Kings 19:13; Isaiah 37:13","Easton; Nave"
"izharites","3","low","izharites; izharite","1 Chronicles 24:22; 1 Chronicles 26:23; 1 Chronicles 26:29",""
"jaddua","3","low","jaddua","Nehemiah 10:21; Nehemiah 12:11; Nehemiah 12:22","Easton"
"jahazah","3","low","jahazah","Joshua 13:18; Joshua 21:36; Jeremiah 48:21",""
"japhlet","3","low","japhlet","1 Chronicles 7:32; 1 Chronicles 7:33; 1 Chronicles 7:33","Nave"
"jarib","3","low","jarib","1 Chronicles 4:24; Ezra 8:16; Ezra 10:18","Easton; Nave"
"jashobeam","3","low","jashobeam","1 Chronicles 11:11; 1 Chronicles 12:6; 1 Chronicles 27:2","Easton; Nave"
"jashub","3","low","jashub","Numbers 26:24; 1 Chronicles 7:1; Ezra 10:29","Easton; Nave"
"jawbone","3","low","jawbone","Judges 15:15; Judges 15:16; Judges 15:17","Easton"
"jehonadab","3","low","jehonadab","2 Kings 10:15; 2 Kings 10:15; 2 Kings 10:23","Easton; Nave"
"jehonathan","3","low","jehonathan","1 Chronicles 27:25; 2 Chronicles 17:8; Nehemiah 12:18","Easton; Nave"
"jeshurun","3","low","jeshurun","Deuteronomy 32:15; Deuteronomy 33:5; Deuteronomy 33:26","Easton; Nave"
"jetur","3","low","jetur","Genesis 25:15; 1 Chronicles 1:31; 1 Chronicles 5:19","Easton; Nave"
"jezer","3","low","jezer","Genesis 46:24; Numbers 26:49; 1 Chronicles 7:13","Nave"
"joanna","3","low","joanna","Luke 3:27; Luke 8:3; Luke 24:10","Easton; Nave"
"justus","3","low","justus; justu","Acts 1:23; Acts 18:7; Colossians 4:11","Easton; Nave"
"kabzeel","3","low","kabzeel","Joshua 15:21; 2 Samuel 23:20; 1 Chronicles 11:22","Easton; Nave"
"kanah","3","low","kanah","Joshua 16:8; Joshua 17:9; Joshua 19:28","Easton; Nave"
"kelita","3","low","kelita","Ezra 10:23; Nehemiah 8:7; Nehemiah 10:10","Easton"
"kemuel","3","low","kemuel","Genesis 22:21; Numbers 34:24; 1 Chronicles 27:17","Easton; Nave"
"kenezite","3","low","kenezite","Numbers 32:12; Joshua 14:6; Joshua 14:14",""
"kirjathaim","3","low","kirjathaim","Numbers 32:37; Joshua 13:19; 1 Chronicles 6:76","Easton; Nave"
"leanfleshed","3","low","leanfleshed; leanflesh; leanfleshe","Genesis 41:3; Genesis 41:4; Genesis 41:19",""
"lehi","3","low","lehi","Judges 15:9; Judges 15:14; Judges 15:19","Easton; Nave"
"libya","3","low","libya","Ezekiel 30:5; Ezekiel 38:5; Acts 2:10","Easton; Nave"
"lodebar","3","low","lodebar","2 Samuel 9:4; 2 Samuel 9:5; 2 Samuel 17:27","Easton"
"lydda","3","low","lydda","Acts 9:32; Acts 9:35; Acts 9:38","Easton; Nave"
"lydia","3","low","lydia","Ezekiel 30:5; Acts 16:14; Acts 16:40","Easton; Nave"
"lysias","3","low","lysias; lysia","Acts 23:26; Acts 24:7; Acts 24:22","Nave"
"maacah","3","low","maacah","2 Samuel 3:3; 2 Samuel 10:6; 2 Samuel 10:8",""
"maharai","3","low","maharai","2 Samuel 23:28; 1 Chronicles 11:30; 1 Chronicles 27:13","Nave"
"mahath","3","low","mahath","1 Chronicles 6:35; 2 Chronicles 29:12; 2 Chronicles 31:13","Easton; Nave"
"malchiel","3","low","malchiel","Genesis 46:17; Numbers 26:45; 1 Chronicles 7:31","Nave"
"manahath","3","low","manahath","Genesis 36:23; 1 Chronicles 1:40; 1 Chronicles 8:6","Nave"
"manasses","3","low","manasses; manass; manasse","Matthew 1:10; Matthew 1:10; Revelation 7:6",""
"manassites","3","low","manassites; manassite","Deuteronomy 4:43; Judges 12:4; 2 Kings 10:33",""
"manger","3","low","manger","Luke 2:7; Luke 2:12; Luke 2:16","Easton"
"marcus","3","low","marcus; marcu","Colossians 4:10; Philemon 1:24; 1 Peter 5:13","Easton"
"marketplace","3","low","marketplace","Matthew 20:3; Luke 7:32; Acts 16:19","Easton"
"mattan","3","low","mattan","2 Kings 11:18; 2 Chronicles 23:17; Jeremiah 38:1","Easton; Nave"
"mattenai","3","low","mattenai","Ezra 10:33; Ezra 10:37; Nehemiah 12:19",""
"memucan","3","low","memucan","Esther 1:14; Esther 1:16; Esther 1:21","Easton; Nave"
"mene","3","low","mene","Daniel 5:25; Daniel 5:25; Daniel 5:26","Easton"
"merab","3","low","merab","1 Samuel 14:49; 1 Samuel 18:17; 1 Samuel 18:19","Easton"
"meshezabeel","3","low","meshezabeel","Nehemiah 3:4; Nehemiah 10:21; Nehemiah 11:24","Nave"
"mibsam","3","low","mibsam","Genesis 25:13; 1 Chronicles 1:29; 1 Chronicles 4:25","Easton"
"midianitish","3","low","midianitish","Numbers 25:6; Numbers 25:14; Numbers 25:15",""
"milcom","3","low","milcom","1 Kings 11:5; 1 Kings 11:33; 2 Kings 23:13",""
"miniamin","3","low","miniamin","2 Chronicles 31:15; Nehemiah 12:17; Nehemiah 12:41","Nave"
"mizzah","3","low","mizzah","Genesis 36:13; Genesis 36:17; 1 Chronicles 1:37","Easton"
"moabite","3","low","moabite","Deuteronomy 23:3; 1 Chronicles 11:46; Nehemiah 13:1","Easton"
"moreh","3","low","moreh","Genesis 12:6; Deuteronomy 11:30; Judges 7:1","Easton; Nave"
"naarah","3","low","naarah","1 Chronicles 4:5; 1 Chronicles 4:6; 1 Chronicles 4:6","Easton; Nave"
"naasson","3","low","naasson","Matthew 1:4; Matthew 1:4; Luke 3:32",""
"neariah","3","low","neariah","1 Chronicles 3:22; 1 Chronicles 3:23; 1 Chronicles 4:42",""
"nebajoth","3","low","nebajoth","Genesis 25:13; Genesis 28:9; Genesis 36:3",""
"necho","3","low","necho","2 Chronicles 35:20; 2 Chronicles 35:22; 2 Chronicles 36:4","Nave"
"nehelamite","3","low","nehelamite","Jeremiah 29:24; Jeremiah 29:31; Jeremiah 29:32","Easton"
"nemuel","3","low","nemuel","Numbers 26:9; Numbers 26:12; 1 Chronicles 4:24","Easton; Nave"
"nergalsharezer","3","low","nergalsharezer","Jeremiah 39:3; Jeremiah 39:3; Jeremiah 39:13","Easton"
"nobah","3","low","nobah","Numbers 32:42; Numbers 32:42; Judges 8:11","Easton"
"obscurity","3","low","obscurity","Isaiah 29:18; Isaiah 58:10; Isaiah 59:9",""
"oded","3","low","oded","2 Chronicles 15:1; 2 Chronicles 15:8; 2 Chronicles 28:9","Easton"
"omar","3","low","omar","Genesis 36:11; Genesis 36:15; 1 Chronicles 1:36","Easton; Nave"
"palestina","3","low","palestina","Exodus 15:14; Isaiah 14:29; Isaiah 14:31",""
"paseah","3","low","paseah","1 Chronicles 4:12; Ezra 2:49; Nehemiah 3:6","Nave"
"pekahiah","3","low","pekahiah","2 Kings 15:22; 2 Kings 15:23; 2 Kings 15:26","Easton; Nave"
"pelaiah","3","low","pelaiah","1 Chronicles 3:24; Nehemiah 8:7; Nehemiah 10:10","Easton; Nave"
"pelican","3","low","pelican","Leviticus 11:18; Deuteronomy 14:17; Psalms 102:6","Nave"
"pelonite","3","low","pelonite","1 Chronicles 11:27; 1 Chronicles 11:36; 1 Chronicles 27:10","Nave"
"peninnah","3","low","peninnah","1 Samuel 1:2; 1 Samuel 1:2; 1 Samuel 1:4","Nave"
"perez","3","low","perez","1 Chronicles 27:3; Nehemiah 11:4; Nehemiah 11:6","Easton"
"perga","3","low","perga","Acts 13:13; Acts 13:14; Acts 14:25","Easton"
"phares","3","low","phares; phare","Matthew 1:3; Matthew 1:3; Luke 3:33","Nave"
"phenice","3","low","phenice","Acts 11:19; Acts 15:3; Acts 27:12","Easton; Nave"
"phichol","3","low","phichol","Genesis 21:22; Genesis 21:32; Genesis 26:26","Nave"
"philistia","3","low","philistia","Psalms 60:8; Psalms 87:4; Psalms 108:9","Easton; Nave"
"phrygia","3","low","phrygia","Acts 2:10; Acts 16:6; Acts 18:23","Easton; Nave"
"pontus","3","low","pontus; pontu","Acts 2:9; Acts 18:2; 1 Peter 1:1","Easton; Nave"
"potipherah","3","low","potipherah","Genesis 41:45; Genesis 41:50; Genesis 46:20","Easton; Nave"
"puah","3","low","puah","Exodus 1:15; Judges 10:1; 1 Chronicles 7:1","Easton; Nave"
"rabsaris","3","low","rabsaris; rabsari","2 Kings 18:17; Jeremiah 39:3; Jeremiah 39:13","Easton"
"reaiah","3","low","reaiah","1 Chronicles 4:2; Ezra 2:47; Nehemiah 7:50",""
"revolt","3","low","revolt","2 Chronicles 21:10; Isaiah 1:5; Isaiah 59:13","Nave"
"sallu","3","low","sallu","1 Chronicles 9:7; Nehemiah 11:7; Nehemiah 12:7","Easton; Nave"
"sardis","3","low","sardis; sardi","Revelation 1:11; Revelation 3:1; Revelation 3:4","Easton; Nave"
"segub","3","low","segub","1 Kings 16:34; 1 Chronicles 2:21; 1 Chronicles 2:22","Easton"
"shabbethai","3","low","shabbethai","Ezra 10:15; Nehemiah 8:7; Nehemiah 11:16","Easton; Nave"
"shebuel","3","low","shebuel","1 Chronicles 23:16; 1 Chronicles 25:4; 1 Chronicles 26:24","Easton"
"sheepfolds","3","low","sheepfolds; sheepfold; sheepfolde","Numbers 32:16; Judges 5:16; Psalms 78:70","Easton"
"shemariah","3","low","shemariah","1 Chronicles 12:5; Ezra 10:32; Ezra 10:41","Easton"
"shemuel","3","low","shemuel","Numbers 34:20; 1 Chronicles 6:33; 1 Chronicles 7:2","Easton"
"sheshai","3","low","sheshai","Numbers 13:22; Joshua 15:14; Judges 1:10","Easton; Nave"
"shimeah","3","low","shimeah","2 Samuel 13:3; 2 Samuel 13:32; 1 Chronicles 8:32","Easton; Nave"
"shimri","3","low","shimri","1 Chronicles 4:37; 1 Chronicles 11:45; 2 Chronicles 29:13","Easton; Nave"
"shubael","3","low","shubael","1 Chronicles 24:20; 1 Chronicles 24:20; 1 Chronicles 25:20",""
"shunem","3","low","shunem","Joshua 19:18; 1 Samuel 28:4; 2 Kings 4:8","Easton; Nave"
"shuppim","3","low","shuppim","1 Chronicles 7:12; 1 Chronicles 7:15; 1 Chronicles 26:16","Nave"
"siddim","3","low","siddim","Genesis 14:3; Genesis 14:8; Genesis 14:10","Nave"
"sihor","3","low","sihor","Joshua 13:3; Isaiah 23:3; Jeremiah 2:18","Easton; Nave"
"siloam","3","low","siloam","Luke 13:4; John 9:7; John 9:11","Nave"
"simeonites","3","low","simeonites; simeonite","Numbers 25:14; Numbers 26:14; 1 Chronicles 27:16",""
"slander","3","low","slander","Numbers 14:36; Psalms 31:13; Proverbs 10:18","Nave"
"snuffdishes","3","low","snuffdishes; snuffdish; snuffdishe","Exodus 25:38; Exodus 37:23; Numbers 4:9",""
"spider","3","low","spider","Job 8:14; Proverbs 30:28; Isaiah 59:5","Easton"
"stephanas","3","low","stephanas; stephana","1 Corinthians 1:16; 1 Corinthians 16:15; 1 Corinthians 16:17","Easton; Nave"
"tahpenes","3","low","tahpenes; tahpene","1 Kings 11:19; 1 Kings 11:20; 1 Kings 11:20","Easton; Nave"
"target","3","low","target","1 Samuel 17:6; 1 Kings 10:16; 2 Chronicles 9:15","Easton; Nave"
"targets","3","low","targets; target; targete","1 Kings 10:16; 2 Chronicles 9:15; 2 Chronicles 14:8","Easton; Nave"
"tekoah","3","low","tekoah","2 Samuel 14:2; 2 Samuel 14:4; 2 Samuel 14:9","Nave"
"tekoite","3","low","tekoite","2 Samuel 23:26; 1 Chronicles 11:28; 1 Chronicles 27:9",""
"thebez","3","low","thebez","Judges 9:50; Judges 9:50; 2 Samuel 11:21","Easton; Nave"
"therefrom","3","low","therefrom","Joshua 23:6; 2 Kings 3:3; 2 Kings 13:2","KJV rare-term help"
"thessalonians","3","low","thessalonians; thessalonian; thessaloniane","Acts 20:4; 1 Thessalonians 1:1; 2 Thessalonians 1:1","Nave"
"thresholds","3","low","thresholds; threshold; thresholde","Nehemiah 12:25; Ezekiel 43:8; Zephaniah 2:14","Easton"
"tiberias","3","low","tiberias; tiberia","John 6:1; John 6:23; John 21:1","Easton; Nave"
"tibni","3","low","tibni","1 Kings 16:21; 1 Kings 16:22; 1 Kings 16:22","Easton; Nave"
"tiglathpileser","3","low","tiglathpileser","2 Kings 15:29; 2 Kings 16:7; 2 Kings 16:10","Nave"
"tilgathpilneser","3","low","tilgathpilneser","1 Chronicles 5:6; 1 Chronicles 5:26; 2 Chronicles 28:20","Nave"
"tobijah","3","low","tobijah","2 Chronicles 17:8; Zechariah 6:10; Zechariah 6:14","Easton; Nave"
"toi","3","low","toi","2 Samuel 8:9; 2 Samuel 8:10; 2 Samuel 8:10","Easton; Nave"
"tow","3","low","tow","Judges 16:9; Isaiah 1:31; Isaiah 43:17","Nave"
"trophimus","3","low","trophimus; trophimu","Acts 20:4; Acts 21:29; 2 Timothy 4:20","Easton"
"unity","3","low","unity","Psalms 133:1; Ephesians 4:3; Ephesians 4:13","Nave"
"unni","3","low","unni","1 Chronicles 15:18; 1 Chronicles 15:20; Nehemiah 12:9","Easton; Nave"
"usward","3","low","usward","Psalms 40:5; Ephesians 1:19; 2 Peter 3:9","KJV rare-term help"
"winepresses","3","low","winepresses; winepress; winepresse","Job 24:11; Jeremiah 48:33; Zechariah 14:10","Easton; Nave"
"witchcraft","3","low","witchcraft","1 Samuel 15:23; 2 Chronicles 33:6; Galatians 5:20","Easton"
"womenservants","3","low","womenservants; womenservant; womenservante","Genesis 20:14; Genesis 32:5; Genesis 32:22",""
"youward","3","low","youward","2 Corinthians 1:12; 2 Corinthians 13:3; Ephesians 3:2","KJV rare-term help"
"zabulon","3","low","zabulon","Matthew 4:13; Matthew 4:15; Revelation 7:8","Easton"
"zacchaeus","3","low","zacchaeus; zacchaeu","Luke 19:2; Luke 19:5; Luke 19:8","Easton"
"zarephath","3","low","zarephath","1 Kings 17:9; 1 Kings 17:10; Obadiah 1:20","Easton"
"zattu","3","low","zattu","Ezra 2:8; Ezra 10:27; Nehemiah 7:13","Easton; Nave"
"zered","3","low","zered; zer; zere","Deuteronomy 2:13; Deuteronomy 2:13; Deuteronomy 2:14","Easton"
"ziha","3","low","ziha","Ezra 2:43; Nehemiah 7:46; Nehemiah 11:21","Easton; Nave"
"zillah","3","low","zillah","Genesis 4:19; Genesis 4:22; Genesis 4:23","Easton"
"zimmah","3","low","zimmah","1 Chronicles 6:20; 1 Chronicles 6:42; 2 Chronicles 29:12","Easton; Nave"
"zipporah","3","low","zipporah","Exodus 2:21; Exodus 4:25; Exodus 18:2","Easton; Nave"
"zorobabel","3","low","zorobabel","Matthew 1:12; Matthew 1:13; Luke 3:27","Nave"
"zuph","3","low","zuph","1 Samuel 1:1; 1 Samuel 9:5; 1 Chronicles 6:35","Easton; Nave"
"aaronites","2","low","aaronites; aaronite","1 Chronicles 12:27; 1 Chronicles 27:17","Easton"
"abda","2","low","abda","1 Kings 4:6; Nehemiah 11:17","Easton; Nave"
"abelbethmaachah","2","low","abelbethmaachah","1 Kings 15:20; 2 Kings 15:29","Easton"
"abida","2","low","abida","Genesis 25:4; 1 Chronicles 1:33","Easton"
"abiezrites","2","low","abiezrites; abiezrite","Judges 6:24; Judges 8:32","Easton"
"abimael","2","low","abimael","Genesis 10:28; 1 Chronicles 1:22","Easton"
"abishalom","2","low","abishalom","1 Kings 15:2; 1 Kings 15:10","Nave"
"abishur","2","low","abishur","1 Chronicles 2:28; 1 Chronicles 2:29","Easton"
"abital","2","low","abital","2 Samuel 3:4; 1 Chronicles 3:3","Easton"
"abiud","2","low","abiud","Matthew 1:13; Matthew 1:13","Nave"
"achaz","2","low","achaz","Matthew 1:9; Matthew 1:9",""
"achim","2","low","achim","Matthew 1:14; Matthew 1:14","Nave"
"adbeel","2","low","adbeel","Genesis 25:13; 1 Chronicles 1:29","Easton"
"adna","2","low","adna","Ezra 10:30; Nehemiah 12:15",""
"adnah","2","low","adnah","1 Chronicles 12:20; 2 Chronicles 17:14","Easton; Nave"
"adoniram","2","low","adoniram","1 Kings 4:6; 1 Kings 5:14","Easton"
"adonizedek","2","low","adonizedek","Joshua 10:1; Joshua 10:3","Nave"
"adoram","2","low","adoram","2 Samuel 20:24; 1 Kings 12:18",""
"adriel","2","low","adriel","1 Samuel 18:19; 2 Samuel 21:8","Easton"
"adummim","2","low","adummim","Joshua 15:7; Joshua 18:17","Easton"
"aeneas","2","low","aeneas; aenea","Acts 9:33; Acts 9:34","KJV rare-term help"
"affections","2","low","affections; affection; affectione","Romans 1:26; Galatians 5:24","Easton; Nave"
"agabus","2","low","agabus; agabu","Acts 11:28; Acts 21:10","Easton"
"agar","2","low","agar","Galatians 4:24; Galatians 4:25",""
"ahi","2","low","ahi","1 Chronicles 5:15; 1 Chronicles 7:34","Nave"
"ahiam","2","low","ahiam","2 Samuel 23:33; 1 Chronicles 11:35","Easton"
"ahihud","2","low","ahihud","Numbers 34:27; 1 Chronicles 8:7","Easton"
"ahlai","2","low","ahlai","1 Chronicles 2:31; 1 Chronicles 11:41","Nave"
"akrabbim","2","low","akrabbim","Numbers 34:4; Judges 1:36","Easton"
"allon","2","low","allon","Joshua 19:33; 1 Chronicles 4:37","Easton; Nave"
"almodad","2","low","almodad","Genesis 10:26; 1 Chronicles 1:20","Easton; Nave"
"almond","2","low","almond","Ecclesiastes 12:5; Jeremiah 1:11","Easton; Nave"
"almondiblathaim","2","low","almondiblathaim","Numbers 33:46; Numbers 33:47","KJV rare-term help"
"alush","2","low","alush","Numbers 33:13; Numbers 33:14","Easton"
"amittai","2","low","amittai","2 Kings 14:25; Jonah 1:1","Easton; Nave"
"amok","2","low","amok","Nehemiah 12:7; Nehemiah 12:20","Nave"
"amramites","2","low","amramites; amramite","Numbers 3:27; 1 Chronicles 26:23",""
"amraphel","2","low","amraphel","Genesis 14:1; Genesis 14:9","Easton"
"amzi","2","low","amzi","1 Chronicles 6:46; Nehemiah 11:12",""
"anab","2","low","anab","Joshua 11:21; Joshua 15:50","Easton"
"anaiah","2","low","anaiah","Nehemiah 8:4; Nehemiah 10:22",""
"anamim","2","low","anamim","Genesis 10:13; 1 Chronicles 1:11","Easton"
"ananiah","2","low","ananiah","Nehemiah 3:23; Nehemiah 11:32","Easton"
"anath","2","low","anath","Judges 3:31; Judges 5:6","Easton"
"antothite","2","low","antothite","1 Chronicles 11:28; 1 Chronicles 12:3","Easton"
"apharsachites","2","low","apharsachites; apharsachite","Ezra 5:6; Ezra 6:6","Easton"
"appaim","2","low","appaim","1 Chronicles 2:30; 1 Chronicles 2:31",""
"aprons","2","low","aprons; apron; aprone","Genesis 3:7; Acts 19:12","Easton"
"arabah","2","low","arabah","Joshua 18:18; Joshua 18:18","Easton; Nave"
"aran","2","low","aran","Genesis 36:28; 1 Chronicles 1:42","Easton"
"ararat","2","low","ararat","Genesis 8:4; Jeremiah 51:27","Easton"
"arbathite","2","low","arbathite","2 Samuel 23:31; 1 Chronicles 11:32","Easton"
"archer","2","low","archer","Genesis 21:20; Jeremiah 51:3","Easton"
"archippus","2","low","archippus; archippu","Colossians 4:17; Philemon 1:2","Easton; Nave"
"areli","2","low","areli","Genesis 46:16; Numbers 26:17","Nave"
"arphad","2","low","arphad","Isaiah 36:19; Isaiah 37:13",""
"artificer","2","low","artificer","Genesis 4:22; Isaiah 3:3","Easton"
"artificers","2","low","artificers; artificer; artificere","1 Chronicles 29:5; 2 Chronicles 34:11","Easton"
"arvad","2","low","arvad","Ezekiel 27:8; Ezekiel 27:11","Easton; Nave"
"arvadite","2","low","arvadite","Genesis 10:18; 1 Chronicles 1:16",""
"asahiah","2","low","asahiah","2 Kings 22:12; 2 Kings 22:14",""
"aser","2","low","aser","Luke 2:36; Revelation 7:6",""
"ashchenaz","2","low","ashchenaz","1 Chronicles 1:6; Jeremiah 51:27",""
"ashnah","2","low","ashnah","Joshua 15:33; Joshua 15:43","Nave"
"ashur","2","low","ashur","1 Chronicles 2:24; 1 Chronicles 4:5",""
"ashurites","2","low","ashurites; ashurite","2 Samuel 2:9; Ezekiel 27:6","Easton"
"asriel","2","low","asriel","Numbers 26:31; Joshua 17:2",""
"assos","2","low","assos; asso","Acts 20:13; Acts 20:14","Easton; Nave"
"assur","2","low","assur","Ezra 4:2; Psalms 83:8",""
"asuppim","2","low","asuppim","1 Chronicles 26:15; 1 Chronicles 26:17","Easton"
"atad","2","low","atad","Genesis 50:10; Genesis 50:11","Easton"
"aul","2","low","aul","Exodus 21:6; Deuteronomy 15:17",""
"avites","2","low","avites; avite","Joshua 13:3; 2 Kings 17:31",""
"avith","2","low","avith","Genesis 36:35; 1 Chronicles 1:46",""
"axletrees","2","low","axletrees; axletree","1 Kings 7:32; 1 Kings 7:33",""
"azaliah","2","low","azaliah","2 Kings 22:3; 2 Chronicles 34:8",""
"azem","2","low","azem","Joshua 15:29; Joshua 19:3",""
"azor","2","low","azor","Matthew 1:13; Matthew 1:14",""
"azur","2","low","azur","Jeremiah 28:1; Ezekiel 11:1",""
"baalberith","2","low","baalberith","Judges 8:33; Judges 9:4","Easton"
"baalhermon","2","low","baalhermon","Judges 3:3; 1 Chronicles 5:23","Easton; Nave"
"baana","2","low","baana","1 Kings 4:12; Nehemiah 3:4","Easton"
"babel","2","low","babel","Genesis 10:10; Genesis 11:9",""
"bakbuk","2","low","bakbuk","Ezra 2:51; Nehemiah 7:53",""
"baladan","2","low","baladan","2 Kings 20:12; Isaiah 39:1","Easton"
"bamoth","2","low","bamoth","Numbers 21:19; Numbers 21:20","Easton; Nave"
"banishment","2","low","banishment","Ezra 7:26; Lamentations 2:14","Nave"
"barachel","2","low","barachel","Job 32:2; Job 32:6","Easton"
"barkos","2","low","barkos; barko","Ezra 2:53; Nehemiah 7:55","Easton; Nave"
"barsabas","2","low","barsabas; barsaba","Acts 1:23; Acts 15:22","Easton; Nave"
"bedad","2","low","bedad","Genesis 36:35; 1 Chronicles 1:46",""
"bedan","2","low","bedan","1 Samuel 12:11; 1 Chronicles 7:17","Easton; Nave"
"beeri","2","low","beeri","Genesis 26:34; Hosea 1:1","Easton"
"benejaakan","2","low","benejaakan","Numbers 33:31; Numbers 33:32","Easton; Nave"
"beno","2","low","beno","1 Chronicles 24:26; 1 Chronicles 24:27","Nave"
"besai","2","low","besai","Ezra 2:49; Nehemiah 7:52",""
"bethbarah","2","low","bethbarah","Judges 7:24; Judges 7:24","Easton; Nave"
"bethdagon","2","low","bethdagon","Joshua 15:41; Joshua 19:27","Easton; Nave"
"bethhaccerem","2","low","bethhaccerem","Nehemiah 3:14; Jeremiah 6:1","Easton; Nave"
"bethhoglah","2","low","bethhoglah; hoglah","Joshua 18:19; Joshua 18:21","Easton; Nave"
"bethmaachah","2","low","bethmaachah","2 Samuel 20:14; 2 Samuel 20:15","Nave"
"bethmarcaboth","2","low","bethmarcaboth","Joshua 19:5; 1 Chronicles 4:31","Nave"
"bethnimrah","2","low","bethnimrah","Numbers 32:36; Joshua 13:27","Nave"
"bethrehob","2","low","bethrehob","Judges 18:28; 2 Samuel 10:6","Nave"
"bethshemite","2","low","bethshemite; bethshemesh","1 Samuel 6:14; 1 Samuel 6:18","Easton; Nave"
"bilshan","2","low","bilshan","Ezra 2:2; Nehemiah 7:7","Easton; Nave"
"binea","2","low","binea","1 Chronicles 8:37; 1 Chronicles 9:43","Nave"
"bithynia","2","low","bithynia","Acts 16:7; 1 Peter 1:1","Easton; Nave"
"bocheru","2","low","bocheru","1 Chronicles 8:38; 1 Chronicles 9:44",""
"bochim","2","low","bochim","Judges 2:1; Judges 2:5","Easton; Nave"
"bohan","2","low","bohan","Joshua 15:6; Joshua 18:17","Nave"
"brokenhearted","2","low","brokenhearted; brokenheart; brokenhearte","Isaiah 61:1; Luke 4:18",""
"bukkiah","2","low","bukkiah","1 Chronicles 25:4; 1 Chronicles 25:13","Nave"
"buzite","2","low","buzite","Job 32:2; Job 32:6",""
"cabul","2","low","cabul","Joshua 19:27; 1 Kings 9:13","Easton; Nave"
"cage","2","low","cage","Jeremiah 5:27; Revelation 18:2","Easton; Nave"
"calah","2","low","calah","Genesis 10:11; Genesis 10:12","Easton; Nave"
"calneh","2","low","calneh","Genesis 10:10; Amos 6:2","Easton"
"camphire","2","low","camphire","Solomon's Song 1:14; Solomon's Song 4:13","Easton"
"canaanitish","2","low","canaanitish","Genesis 46:10; Exodus 6:15",""
"cappadocia","2","low","cappadocia","Acts 2:9; 1 Peter 1:1","Easton; Nave"
"carmelitess","2","low","carmelitess; carmelites; carmelitese","1 Samuel 27:3; 1 Chronicles 3:1",""
"casiphia","2","low","casiphia","Ezra 8:17; Ezra 8:17","Easton; Nave"
"casluhim","2","low","casluhim","Genesis 10:14; 1 Chronicles 1:12","Easton; Nave"
"causeway","2","low","causeway","1 Chronicles 26:16; 1 Chronicles 26:18","Easton"
"cenchrea","2","low","cenchrea","Acts 18:18; Romans 16:1","Easton; Nave"
"chaldean","2","low","chaldean","Ezra 5:12; Daniel 2:10",""
"chanaan","2","low","chanaan","Acts 7:11; Acts 13:19",""
"charran","2","low","charran","Acts 7:2; Acts 7:4","Easton"
"chelub","2","low","chelub","1 Chronicles 4:11; 1 Chronicles 27:26","Nave"
"cheran","2","low","cheran","Genesis 36:26; 1 Chronicles 1:41","Nave"
"cherith","2","low","cherith","1 Kings 17:3; 1 Kings 17:5","Easton; Nave"
"chesnut","2","low","chesnut","Genesis 30:37; Ezekiel 31:8",""
"chinneroth","2","low","chinneroth","Joshua 11:2; Joshua 12:3",""
"chorazin","2","low","chorazin","Matthew 11:21; Luke 10:13","Easton"
"clifts","2","low","clifts; clift; clifte","Job 30:6; Isaiah 57:5",""
"colhozeh","2","low","colhozeh","Nehemiah 3:15; Nehemiah 11:5","Nave"
"college","2","low","college","2 Kings 22:14; 2 Chronicles 34:22","Easton; Nave"
"cononiah","2","low","cononiah","2 Chronicles 31:12; 2 Chronicles 31:13","Nave"
"coriander","2","low","coriander","Exodus 16:31; Numbers 11:7","Easton; Nave"
"cornets","2","low","cornets; cornet; cornete","2 Samuel 6:5; 2 Chronicles 15:14","Easton; Nave"
"couches","2","low","couches; couch; couche","Amos 6:4; Acts 5:15","Easton"
"cozbi","2","low","cozbi","Numbers 25:15; Numbers 25:18","Nave"
"crispus","2","low","crispus; crispu","Acts 18:8; 1 Corinthians 1:14","Easton; Nave"
"cuckow","2","low","cuckow","Leviticus 11:16; Deuteronomy 14:15",""
"cupbearers","2","low","cupbearers; cupbearer; cupbearere","1 Kings 10:5; 2 Chronicles 9:4","Easton; Nave"
"cyrenian","2","low","cyrenian","Mark 15:21; Luke 23:26",""
"daberath","2","low","daberath","Joshua 19:12; 1 Chronicles 6:72","Easton; Nave"
"darkon","2","low","darkon","Ezra 2:56; Nehemiah 7:58","Nave"
"decision","2","low","decision","Joel 3:14; Joel 3:14","Nave"
"dial","2","low","dial","2 Kings 20:11; Isaiah 38:8","Easton; Nave"
"dibongad","2","low","dibongad; dibon","Numbers 33:45; Numbers 33:46","Easton; Nave"
"diklah","2","low","diklah","Genesis 10:27; 1 Chronicles 1:21",""
"dimon","2","low","dimon","Isaiah 15:9; Isaiah 15:9","Nave"
"dinhabah","2","low","dinhabah","Genesis 36:32; 1 Chronicles 1:43","Easton; Nave"
"dodanim","2","low","dodanim","Genesis 10:4; 1 Chronicles 1:7","Easton; Nave"
"dophkah","2","low","dophkah","Numbers 33:12; Numbers 33:13","Easton"
"dorcas","2","low","dorcas; dorca","Acts 9:36; Acts 9:39","Easton; Nave"
"ebronah","2","low","ebronah","Numbers 33:34; Numbers 33:35","Easton; Nave"
"eglah","2","low","eglah","2 Samuel 3:5; 1 Chronicles 3:3","Easton; Nave"
"ekronites","2","low","ekronites; ekronite","Joshua 13:3; 1 Samuel 5:10",""
"elamites","2","low","elamites; elamite","Ezra 4:9; Acts 2:9","Nave"
"elasah","2","low","elasah","Ezra 10:22; Jeremiah 29:3","Easton; Nave"
"eldaah","2","low","eldaah","Genesis 25:4; 1 Chronicles 1:33","Nave"
"eldad","2","low","eldad","Numbers 11:26; Numbers 11:27","Easton; Nave"
"eliah","2","low","eliah","1 Chronicles 8:27; Ezra 10:26","Nave"
"eliahba","2","low","eliahba","2 Samuel 23:32; 1 Chronicles 11:33","Nave"
"eliam","2","low","eliam","2 Samuel 11:3; 2 Samuel 23:34","Easton; Nave"
"eliathah","2","low","eliathah","1 Chronicles 25:4; 1 Chronicles 25:27","Easton"
"eliphalet","2","low","eliphalet","2 Samuel 5:16; 1 Chronicles 14:7","Easton; Nave"
"elipheleh","2","low","elipheleh","1 Chronicles 15:18; 1 Chronicles 15:21","Easton; Nave"
"elishua","2","low","elishua","2 Samuel 5:15; 1 Chronicles 14:5","Easton; Nave"
"eliud","2","low","eliud","Matthew 1:14; Matthew 1:15","Nave"
"ellasar","2","low","ellasar","Genesis 14:1; Genesis 14:9","Easton; Nave"
"eloi","2","low","eloi","Mark 15:34; Mark 15:34",""
"eltekeh","2","low","eltekeh","Joshua 19:44; Joshua 21:23","Easton; Nave"
"eltolad","2","low","eltolad","Joshua 15:30; Joshua 19:4","Nave"
"elzabad","2","low","elzabad","1 Chronicles 12:12; 1 Chronicles 26:7","Nave"
"elzaphan","2","low","elzaphan","Exodus 6:22; Leviticus 10:4","Nave"
"engines","2","low","engines; engine","2 Chronicles 26:15; Ezekiel 26:9","Easton; Nave"
"enshemesh","2","low","enshemesh","Joshua 15:7; Joshua 18:17","Easton; Nave"
"epaphroditus","2","low","epaphroditus; epaphroditu","Philippians 2:25; Philippians 4:18","Easton; Nave"
"ephlal","2","low","ephlal","1 Chronicles 2:37; 1 Chronicles 2:37",""
"eri","2","low","eri","Genesis 46:16; Numbers 26:16",""
"eshbaal","2","low","eshbaal","1 Chronicles 8:33; 1 Chronicles 9:39","Easton; Nave"
"eshban","2","low","eshban","Genesis 36:26; 1 Chronicles 1:41","Nave"
"eshton","2","low","eshton","1 Chronicles 4:11; 1 Chronicles 4:12","Nave"
"eveningtide","2","low","eveningtide","2 Samuel 11:2; Isaiah 17:14",""
"evi","2","low","evi","Numbers 31:8; Joshua 13:21","Nave"
"evilmerodach","2","low","evilmerodach","2 Kings 25:27; Jeremiah 52:31","Easton"
"ezbon","2","low","ezbon","Genesis 46:16; 1 Chronicles 7:7",""
"ezekias","2","low","ezekias; ezekia","Matthew 1:9; Matthew 1:10","Easton"
"ezekiel","2","low","ezekiel","Ezekiel 1:3; Ezekiel 24:24","Easton; Nave"
"fatfleshed","2","low","fatfleshed; fatflesh; fatfleshe","Genesis 41:2; Genesis 41:18",""
"firebrand","2","low","firebrand","Judges 15:4; Amos 4:11","Easton; Nave"
"fleshhook","2","low","fleshhook","1 Samuel 2:13; 1 Samuel 2:14","Easton; Nave"
"gaba","2","low","gaba","Joshua 18:24; Ezra 2:26","Nave"
"gadi","2","low","gadi","2 Kings 15:14; 2 Kings 15:17","Nave"
"gahar","2","low","gahar","Ezra 2:47; Nehemiah 7:49","Easton; Nave"
"gallim","2","low","gallim","1 Samuel 25:44; Isaiah 10:30","Easton; Nave"
"gazez","2","low","gazez","1 Chronicles 2:46; 1 Chronicles 2:46",""
"gazzam","2","low","gazzam","Ezra 2:48; Nehemiah 7:51","Nave"
"gebal","2","low","gebal","Psalms 83:7; Ezekiel 27:9","Easton"
"geber","2","low","geber","1 Kings 4:13; 1 Kings 4:19","Easton; Nave"
"gederoth","2","low","gederoth","Joshua 15:41; 2 Chronicles 28:18","Nave"
"genubath","2","low","genubath","1 Kings 11:20; 1 Kings 11:20","Easton; Nave"
"geshuri","2","low","geshuri","Deuteronomy 3:14; Joshua 13:2",""
"gether","2","low","gether","Genesis 10:23; 1 Chronicles 1:17",""
"gethsemane","2","low","gethsemane","Matthew 26:36; Mark 14:32","Easton"
"gibeonite","2","low","gibeonite","1 Chronicles 12:4; Nehemiah 3:7",""
"giddalti","2","low","giddalti","1 Chronicles 25:4; 1 Chronicles 25:29",""
"gier","2","low","gier","Leviticus 11:18; Deuteronomy 14:17",""
"giloh","2","low","giloh","Joshua 15:51; 2 Samuel 15:12","Easton; Nave"
"gilonite","2","low","gilonite","2 Samuel 15:12; 2 Samuel 23:34",""
"ginath","2","low","ginath","1 Kings 16:21; 1 Kings 16:22","Nave"
"ginnethon","2","low","ginnethon","Nehemiah 10:6; Nehemiah 12:16","Nave"
"gittaim","2","low","gittaim","2 Samuel 4:3; Nehemiah 11:33","Easton; Nave"
"gittites","2","low","gittites; gittite","Joshua 13:3; 2 Samuel 15:18","Easton"
"grapegatherers","2","low","grapegatherers; grapegatherer; grapegatherere","Jeremiah 49:9; Obadiah 1:5",""
"greece","2","low","greece","Zechariah 9:13; Acts 20:2","Easton; Nave"
"gudgodah","2","low","gudgodah","Deuteronomy 10:7; Deuteronomy 10:7","Nave"
"guilt","2","low","guilt","Deuteronomy 19:13; Deuteronomy 21:9","Nave"
"habaiah","2","low","habaiah","Ezra 2:61; Nehemiah 7:63",""
"habakkuk","2","low","habakkuk","Habakkuk 1:1; Habakkuk 3:1","Easton; Nave"
"hachaliah","2","low","hachaliah","Nehemiah 1:1; Nehemiah 10:1","Nave"
"hadar","2","low","hadar","Genesis 25:15; Genesis 36:39","Easton"
"haggi","2","low","haggi","Genesis 46:16; Numbers 26:15",""
"hai","2","low","hai","Genesis 12:8; Genesis 13:3",""
"hakupha","2","low","hakupha","Ezra 2:51; Nehemiah 7:53","Nave"
"halak","2","low","halak","Joshua 11:17; Joshua 12:7","Easton; Nave"
"hamathite","2","low","hamathite","Genesis 10:18; 1 Chronicles 1:16",""
"hammelech","2","low","hammelech","Jeremiah 36:26; Jeremiah 38:6","Easton; Nave"
"hammon","2","low","hammon","Joshua 19:28; 1 Chronicles 6:76","Easton"
"hamongog","2","low","hamongog","Ezekiel 39:11; Ezekiel 39:15","Easton; Nave"
"haradah","2","low","haradah","Numbers 33:24; Numbers 33:25","Easton"
"harhur","2","low","harhur","Ezra 2:51; Nehemiah 7:53","Nave"
"hariph","2","low","hariph","Nehemiah 7:24; Nehemiah 10:19","Easton; Nave"
"harodite","2","low","harodite","2 Samuel 23:25; 2 Samuel 23:25","Easton"
"harsha","2","low","harsha","Ezra 2:52; Nehemiah 7:54","Easton; Nave"
"hashabniah","2","low","hashabniah","Nehemiah 3:10; Nehemiah 9:5","Easton; Nave"
"hashmonah","2","low","hashmonah","Numbers 33:29; Numbers 33:30","Easton; Nave"
"hatipha","2","low","hatipha","Ezra 2:54; Nehemiah 7:56","Easton; Nave"
"hatita","2","low","hatita","Ezra 2:42; Nehemiah 7:45","Easton"
"hattil","2","low","hattil","Ezra 2:57; Nehemiah 7:59","Nave"
"hauran","2","low","hauran","Ezekiel 47:16; Ezekiel 47:18","Easton; Nave"
"havothjair","2","low","havothjair","Numbers 32:41; Judges 10:4","Easton; Nave"
"hazarmaveth","2","low","hazarmaveth; hazarmav; hazarmave","Genesis 10:26; 1 Chronicles 1:20","Easton; Nave"
"helah","2","low","helah","1 Chronicles 4:5; 1 Chronicles 4:7","Easton"
"helam","2","low","helam","2 Samuel 10:16; 2 Samuel 10:17","Easton; Nave"
"heldai","2","low","heldai","1 Chronicles 27:15; Zechariah 6:10","Easton"
"helek","2","low","helek","Numbers 26:30; Joshua 17:2","Easton; Nave"
"helem","2","low","helem","1 Chronicles 7:35; Zechariah 6:14","Easton; Nave"
"helkath","2","low","helkath","Joshua 19:25; Joshua 21:31","Easton"
"henoch","2","low","henoch","1 Chronicles 1:3; 1 Chronicles 1:33",""
"hephzibah","2","low","hephzibah","2 Kings 21:1; Isaiah 62:4","Easton; Nave"
"heron","2","low","heron","Leviticus 11:19; Deuteronomy 14:18","Easton; Nave"
"hethlon","2","low","hethlon","Ezekiel 47:15; Ezekiel 48:1","Easton; Nave"
"hezir","2","low","hezir","1 Chronicles 24:15; Nehemiah 10:20","Easton"
"hezronites","2","low","hezronites; hezronite","Numbers 26:6; Numbers 26:21",""
"hiddekel","2","low","hiddekel","Genesis 2:14; Daniel 10:4","Easton"
"hillel","2","low","hillel","Judges 12:13; Judges 12:15","Easton"
"hirah","2","low","hirah","Genesis 38:1; Genesis 38:12","Nave"
"hobab","2","low","hobab","Numbers 10:29; Judges 4:11","Easton; Nave"
"horhagidgad","2","low","horhagidgad","Numbers 33:32; Numbers 33:33","Nave"
"horims","2","low","horims; horim; horime","Deuteronomy 2:12; Deuteronomy 2:22",""
"hostages","2","low","hostages; hostage","2 Kings 14:14; 2 Chronicles 25:24","Easton; Nave"
"hothir","2","low","hothir","1 Chronicles 25:4; 1 Chronicles 25:28",""
"hul","2","low","hul","Genesis 10:23; 1 Chronicles 1:17","Easton; Nave"
"huldah","2","low","huldah","2 Kings 22:14; 2 Chronicles 34:22","Easton; Nave"
"hymenaeus","2","low","hymenaeus; hymenaeu","1 Timothy 1:20; 2 Timothy 2:17",""
"ibzan","2","low","ibzan","Judges 12:8; Judges 12:10","Easton; Nave"
"ichabod","2","low","ichabod","1 Samuel 4:21; 1 Samuel 14:3","Easton"
"igal","2","low","igal","Numbers 13:7; 2 Samuel 23:36","Easton"
"iim","2","low","iim","Numbers 33:45; Joshua 15:29","Easton; Nave"
"ijeabarim","2","low","ijeabarim","Numbers 21:11; Numbers 33:44","Easton; Nave"
"imla","2","low","imla","2 Chronicles 18:7; 2 Chronicles 18:8","Easton"
"imlah","2","low","imlah","1 Kings 22:8; 1 Kings 22:9",""
"immanuel","2","low","immanuel","Isaiah 7:14; Isaiah 8:8","Easton; Nave"
"imnah","2","low","imnah","1 Chronicles 7:30; 2 Chronicles 31:14","Nave"
"imri","2","low","imri","1 Chronicles 9:4; Nehemiah 3:2","Nave"
"irad","2","low","irad","Genesis 4:18; Genesis 4:18","Easton"
"iram","2","low","iram","Genesis 36:43; 1 Chronicles 1:54","Easton; Nave"
"irijah","2","low","irijah","Jeremiah 37:13; Jeremiah 37:14","Nave"
"ishbak","2","low","ishbak","Genesis 25:2; 1 Chronicles 1:32","Easton; Nave"
"ishmaelites","2","low","ishmaelites; ishmaelite","Judges 8:24; Psalms 83:6",""
"ishtob","2","low","ishtob","2 Samuel 10:6; 2 Samuel 10:8","Easton; Nave"
"ithream","2","low","ithream","2 Samuel 3:5; 1 Chronicles 3:3","Nave"
"izrahiah","2","low","izrahiah","1 Chronicles 7:3; 1 Chronicles 7:3",""
"jaazer","2","low","jaazer","Numbers 21:32; Numbers 32:35","Easton; Nave"
"jaaziah","2","low","jaaziah","1 Chronicles 24:26; 1 Chronicles 24:27","Easton; Nave"
"jabneel","2","low","jabneel","Joshua 15:11; Joshua 19:33","Easton; Nave"
"jada","2","low","jada","1 Chronicles 2:28; 1 Chronicles 2:32",""
"jahleel","2","low","jahleel","Genesis 46:14; Numbers 26:26","Nave"
"jahzeel","2","low","jahzeel","Genesis 46:24; Numbers 26:48","Easton; Nave"
"jairus","2","low","jairus; jairu","Mark 5:22; Luke 8:41","Easton"
"jakim","2","low","jakim","1 Chronicles 8:19; 1 Chronicles 24:12","Easton; Nave"
"janohah","2","low","janohah","Joshua 16:6; Joshua 16:7","Nave"
"jarah","2","low","jarah","1 Chronicles 9:42; 1 Chronicles 9:42","Nave"
"jareb","2","low","jareb","Hosea 5:13; Hosea 10:6","KJV rare-term help"
"jarha","2","low","jarha","1 Chronicles 2:34; 1 Chronicles 2:35",""
"jasher","2","low","jasher","Joshua 10:13; 2 Samuel 1:18","Easton"
"jebusi","2","low","jebusi","Joshua 18:16; Joshua 18:28",""
"jechonias","2","low","jechonias; jechonia","Matthew 1:11; Matthew 1:12",""
"jehdeiah","2","low","jehdeiah","1 Chronicles 24:20; 1 Chronicles 27:30","Easton"
"jehieli","2","low","jehieli","1 Chronicles 26:21; 1 Chronicles 26:22",""
"jehoadah","2","low","jehoadah","1 Chronicles 8:36; 1 Chronicles 8:36","Nave"
"jehoaddan","2","low","jehoaddan","2 Kings 14:2; 2 Chronicles 25:1","Easton; Nave"
"jehoiarib","2","low","jehoiarib","1 Chronicles 9:10; 1 Chronicles 24:7","Easton; Nave"
"jehoshabeath","2","low","jehoshabeath","2 Chronicles 22:11; 2 Chronicles 22:11",""
"jehoshua","2","low","jehoshua","Numbers 13:16; 1 Chronicles 7:27",""
"jehozadak","2","low","jehozadak","1 Chronicles 6:14; 1 Chronicles 6:15","Easton; Nave"
"jekameam","2","low","jekameam","1 Chronicles 23:19; 1 Chronicles 24:23","Nave"
"jekamiah","2","low","jekamiah","1 Chronicles 2:41; 1 Chronicles 2:41","Nave"
"jemuel","2","low","jemuel","Genesis 46:10; Exodus 6:15",""
"jerah","2","low","jerah","Genesis 10:26; 1 Chronicles 1:20","Nave"
"jerahmeelites","2","low","jerahmeelites; jerahmeelite","1 Samuel 27:10; 1 Samuel 30:29",""
"jered","2","low","jered; jer; jere","1 Chronicles 1:2; 1 Chronicles 4:18",""
"jeremy","2","low","jeremy","Matthew 2:17; Matthew 27:9",""
"jeriah","2","low","jeriah","1 Chronicles 23:19; 1 Chronicles 24:23","Nave"
"jesaiah","2","low","jesaiah","1 Chronicles 3:21; Nehemiah 11:7","Nave"
"jesiah","2","low","jesiah","1 Chronicles 12:6; 1 Chronicles 23:20","Nave"
"jetheth","2","low","jetheth; jeth; jethe","Genesis 36:40; 1 Chronicles 1:51","Easton; Nave"
"jezaniah","2","low","jezaniah","Jeremiah 40:8; Jeremiah 42:1",""
"jiphthahel","2","low","jiphthahel","Joshua 19:14; Joshua 19:27","Nave"
"joatham","2","low","joatham","Matthew 1:9; Matthew 1:9",""
"jochebed","2","low","jochebed; jocheb; jochebe","Exodus 6:20; Numbers 26:59","Easton; Nave"
"jogbehah","2","low","jogbehah","Numbers 32:35; Judges 8:11","Nave"
"joha","2","low","joha","1 Chronicles 8:16; 1 Chronicles 11:45","Nave"
"joktheel","2","low","joktheel","Joshua 15:38; 2 Kings 14:7","Easton; Nave"
"josaphat","2","low","josaphat","Matthew 1:8; Matthew 1:8","Nave"
"joshbekashah","2","low","joshbekashah","1 Chronicles 25:4; 1 Chronicles 25:24","Nave"
"josias","2","low","josias; josia","Matthew 1:10; Matthew 1:11","Nave"
"jotbathah","2","low","jotbathah","Numbers 33:33; Numbers 33:34","Nave"
"julius","2","low","julius; juliu","Acts 27:1; Acts 27:3","Easton; Nave"
"juttah","2","low","juttah","Joshua 15:55; Joshua 21:16","Easton; Nave"
"kedemah","2","low","kedemah","Genesis 25:15; 1 Chronicles 1:31","Easton; Nave"
"kehelathah","2","low","kehelathah","Numbers 33:22; Numbers 33:23","Easton"
"kenath","2","low","kenath","Numbers 32:42; 1 Chronicles 2:23","Easton; Nave"
"keros","2","low","keros; kero","Ezra 2:44; Nehemiah 7:47",""
"kirheres","2","low","kirheres; kirharaseth; kirhere","Jeremiah 48:31; Jeremiah 48:36","Easton"
"kirjathbaal","2","low","kirjathbaal; kirjath","Joshua 15:60; Joshua 18:14","Easton"
"kittim","2","low","kittim","Genesis 10:4; 1 Chronicles 1:7",""
"kolaiah","2","low","kolaiah","Nehemiah 11:7; Jeremiah 29:21","Nave"
"lahairoi","2","low","lahairoi","Genesis 24:62; Genesis 25:11","Nave"
"lehabim","2","low","lehabim","Genesis 10:13; 1 Chronicles 1:11","Nave"
"lemuel","2","low","lemuel","Proverbs 31:1; Proverbs 31:4","Easton; Nave"
"leshem","2","low","leshem","Joshua 19:47; Joshua 19:47","Nave"
"libnites","2","low","libnites; libnite","Numbers 3:21; Numbers 26:58",""
"libyans","2","low","libyans; libyan; libyane","Jeremiah 46:9; Daniel 11:43","Nave"
"licence","2","low","licence","Acts 21:40; Acts 25:16",""
"loruhamah","2","low","loruhamah","Hosea 1:6; Hosea 1:8","Easton"
"lubims","2","low","lubims; lubim; lubime","2 Chronicles 12:3; 2 Chronicles 16:8","Easton; Nave"
"lucius","2","low","lucius; luciu","Acts 13:1; Romans 16:21","Easton; Nave"
"ludim","2","low","ludim","Genesis 10:13; 1 Chronicles 1:11","Easton; Nave"
"luhith","2","low","luhith","Isaiah 15:5; Jeremiah 48:5","Easton; Nave"
"luke","2","low","luke","Colossians 4:14; 2 Timothy 4:11","Easton; Nave"
"lunatick","2","low","lunatick","Matthew 4:24; Matthew 17:15",""
"lycaonia","2","low","lycaonia","Acts 14:6; Acts 14:11","Easton"
"maaziah","2","low","maaziah","1 Chronicles 24:18; Nehemiah 10:8","Easton"
"madai","2","low","madai","Genesis 10:2; 1 Chronicles 1:5","Easton; Nave"
"madmannah","2","low","madmannah","Joshua 15:31; 1 Chronicles 2:49","Easton; Nave"
"madon","2","low","madon","Joshua 11:1; Joshua 12:19","Easton; Nave"
"magdiel","2","low","magdiel","Genesis 36:43; 1 Chronicles 1:54",""
"mahalath","2","low","mahalath","Genesis 28:9; 2 Chronicles 11:18","Easton; Nave"
"mahazioth","2","low","mahazioth","1 Chronicles 25:4; 1 Chronicles 25:30","Easton; Nave"
"mahershalalhashbaz","2","low","mahershalalhashbaz","Isaiah 8:1; Isaiah 8:3","Easton"
"mahlites","2","low","mahlites; mahlite","Numbers 3:33; Numbers 26:58",""
"makheloth","2","low","makheloth","Numbers 33:25; Numbers 33:26","Easton; Nave"
"malcham","2","low","malcham","1 Chronicles 8:9; Zephaniah 1:5","Nave"
"mallothi","2","low","mallothi","1 Chronicles 25:4; 1 Chronicles 25:26","Easton; Nave"
"manahethites","2","low","manahethites; manahethite","1 Chronicles 2:52; 1 Chronicles 2:54",""
"masrekah","2","low","masrekah","Genesis 36:36; 1 Chronicles 1:47","Easton"
"massa","2","low","massa","Genesis 25:14; 1 Chronicles 1:30","Easton; Nave"
"matred","2","low","matred; matr; matre","Genesis 36:39; 1 Chronicles 1:50",""
"mattanah","2","low","mattanah","Numbers 21:18; Numbers 21:19","Easton; Nave"
"mattathias","2","low","mattathias; mattathia","Luke 3:25; Luke 3:26","Easton; Nave"
"matthan","2","low","matthan","Matthew 1:15; Matthew 1:15","Easton; Nave"
"matthat","2","low","matthat","Luke 3:24; Luke 3:29","Easton; Nave"
"matthias","2","low","matthias; matthia","Acts 1:23; Acts 1:26","Nave"
"meah","2","low","meah","Nehemiah 3:1; Nehemiah 12:39","Easton; Nave"
"medad","2","low","medad","Numbers 11:26; Numbers 11:27","Easton"
"medan","2","low","medan","Genesis 25:2; 1 Chronicles 1:32","Easton"
"mehetabel","2","low","mehetabel","Genesis 36:39; 1 Chronicles 1:50","Easton; Nave"
"mehida","2","low","mehida","Ezra 2:52; Nehemiah 7:54","Nave"
"meholathite","2","low","meholathite","1 Samuel 18:19; 2 Samuel 21:8","Nave"
"mehujael","2","low","mehujael","Genesis 4:18; Genesis 4:18","Easton; Nave"
"melchi","2","low","melchi","Luke 3:24; Luke 3:28","Easton; Nave"
"melchizedek","2","low","melchizedek","Genesis 14:18; Psalms 110:4","Easton; Nave"
"melech","2","low","melech","1 Chronicles 8:35; 1 Chronicles 9:41","Easton; Nave"
"melzar","2","low","melzar","Daniel 1:11; Daniel 1:16","Easton; Nave"
"merom","2","low","merom","Joshua 11:5; Joshua 11:7","Easton"
"meronothite","2","low","meronothite","1 Chronicles 27:30; Nehemiah 3:7","Easton"
"meshillemoth","2","low","meshillemoth","2 Chronicles 28:12; Nehemiah 11:13","Easton; Nave"
"messias","2","low","messias; messia","John 1:41; John 4:25",""
"methusael","2","low","methusael","Genesis 4:18; Genesis 4:18","Easton; Nave"
"mezahab","2","low","mezahab","Genesis 36:39; 1 Chronicles 1:50","Easton; Nave"
"miamin","2","low","miamin","Ezra 10:25; Nehemiah 12:5","Easton; Nave"
"mibzar","2","low","mibzar","Genesis 36:42; 1 Chronicles 1:53","Easton"
"michmas","2","low","michmas; michma","Ezra 2:27; Nehemiah 7:31","Nave"
"michmethah","2","low","michmethah","Joshua 16:6; Joshua 17:7","Easton; Nave"
"migron","2","low","migron","1 Samuel 14:2; Isaiah 10:28","Easton; Nave"
"mijamin","2","low","mijamin","1 Chronicles 24:9; Nehemiah 10:7",""
"mikneiah","2","low","mikneiah","1 Chronicles 15:18; 1 Chronicles 15:21","Nave"
"miletus","2","low","miletus; miletu","Acts 20:15; Acts 20:17","Easton; Nave"
"minnith","2","low","minnith","Judges 11:33; Ezekiel 27:17","Easton; Nave"
"minstrel","2","low","minstrel","2 Kings 3:15; 2 Kings 3:15","Easton"
"misrephothmaim","2","low","misrephothmaim","Joshua 11:8; Joshua 13:6","Easton"
"mithcah","2","low","mithcah","Numbers 33:28; Numbers 33:29","Easton; Nave"
"mithredath","2","low","mithredath","Ezra 1:8; Ezra 4:7","Easton"
"moloch","2","low","moloch","Amos 5:26; Acts 7:43","Easton"
"morasthite","2","low","morasthite","Jeremiah 26:18; Micah 1:1",""
"moriah","2","low","moriah","Genesis 22:2; 2 Chronicles 3:1","Easton; Nave"
"moseroth","2","low","moseroth","Numbers 33:30; Numbers 33:31","Easton"
"mouldy","2","low","mouldy","Joshua 9:5; Joshua 9:12","Easton"
"mushites","2","low","mushites; mushite","Numbers 3:33; Numbers 26:58",""
"mysia","2","low","mysia","Acts 16:7; Acts 16:8","Easton; Nave"
"nachor","2","low","nachor","Joshua 24:2; Luke 3:34","Nave"
"nahaliel","2","low","nahaliel","Numbers 21:19; Numbers 21:19","Easton; Nave"
"naharai","2","low","naharai","2 Samuel 23:37; 1 Chronicles 11:39","Easton; Nave"
"naphish","2","low","naphish","Genesis 25:15; 1 Chronicles 1:31","Easton; Nave"
"naphtuhim","2","low","naphtuhim","Genesis 10:13; 1 Chronicles 1:11","Easton; Nave"
"nebaioth","2","low","nebaioth","1 Chronicles 1:29; Isaiah 60:7","Easton; Nave"
"nephthalim","2","low","nephthalim","Matthew 4:13; Matthew 4:15",""
"nephtoah","2","low","nephtoah","Joshua 15:9; Joshua 18:15","Easton; Nave"
"netophah","2","low","netophah","Ezra 2:22; Nehemiah 7:26","Easton; Nave"
"netophathites","2","low","netophathites; netophathite","1 Chronicles 2:54; 1 Chronicles 9:16",""
"neziah","2","low","neziah","Ezra 2:54; Nehemiah 7:56","Nave"
"nimrim","2","low","nimrim","Isaiah 15:6; Jeremiah 48:34",""
"nisroch","2","low","nisroch","2 Kings 19:37; Isaiah 37:38","Easton"
"nitre","2","low","nitre","Proverbs 25:20; Jeremiah 2:22","Easton; Nave"
"noadiah","2","low","noadiah","Ezra 8:33; Nehemiah 6:14","Easton; Nave"
"nogah","2","low","nogah","1 Chronicles 3:7; 1 Chronicles 14:6","Easton"
"oars","2","low","oars; oar; oare","Isaiah 33:21; Ezekiel 27:6","Nave"
"ohad","2","low","ohad","Genesis 46:10; Exodus 6:15","Easton; Nave"
"olivet","2","low","olivet","2 Samuel 15:30; Acts 1:12","Nave"
"onesimus","2","low","onesimus; onesimu","Colossians 4:9; Philemon 1:10","Easton; Nave"
"onesiphorus","2","low","onesiphorus; onesiphoru","2 Timothy 1:16; 2 Timothy 4:19","Easton"
"orpah","2","low","orpah","Ruth 1:4; Ruth 1:14","Easton; Nave"
"oshea","2","low","oshea","Numbers 13:8; Numbers 13:16",""
"overpast","2","low","overpast","Psalms 57:1; Isaiah 26:20",""
"ozem","2","low","ozem","1 Chronicles 2:15; 1 Chronicles 2:25","Easton; Nave"
"ozias","2","low","ozias; ozia","Matthew 1:8; Matthew 1:9","Easton; Nave"
"padon","2","low","padon","Ezra 2:44; Nehemiah 7:47","Nave"
"paphos","2","low","paphos; papho","Acts 13:6; Acts 13:13","Easton; Nave"
"parbar","2","low","parbar","1 Chronicles 26:18; 1 Chronicles 26:18","Easton"
"pathrusim","2","low","pathrusim","Genesis 10:14; 1 Chronicles 1:12",""
"pekod","2","low","pekod","Jeremiah 50:21; Ezekiel 23:23","Easton"
"pelet","2","low","pelet","1 Chronicles 2:47; 1 Chronicles 12:3","Easton; Nave"
"peleth","2","low","peleth; pel; pele","Numbers 16:1; 1 Chronicles 2:33","Easton; Nave"
"pergamos","2","low","pergamos; pergamo","Revelation 1:11; Revelation 2:12","Easton"
"persian","2","low","persian","Nehemiah 12:22; Daniel 6:28","Nave"
"pethor","2","low","pethor","Numbers 22:5; Deuteronomy 23:4","Easton; Nave"
"philadelphia","2","low","philadelphia","Revelation 1:11; Revelation 3:7","Easton; Nave"
"phurah","2","low","phurah","Judges 7:10; Judges 7:11",""
"phut","2","low","phut","Genesis 10:6; Ezekiel 27:10","Easton; Nave"
"pigeon","2","low","pigeon","Genesis 15:9; Leviticus 12:6","Easton; Nave"
"pinon","2","low","pinon","Genesis 36:41; 1 Chronicles 1:52","Nave"
"pisidia","2","low","pisidia","Acts 13:14; Acts 14:24","Easton"
"pithon","2","low","pithon","1 Chronicles 8:35; 1 Chronicles 9:41",""
"pleiades","2","low","pleiades; pleiade","Job 9:9; Job 38:31","Easton; Nave"
"pochereth","2","low","pochereth; pocher; pochere","Ezra 2:57; Nehemiah 7:59",""
"potiphar","2","low","potiphar","Genesis 37:36; Genesis 39:1","Easton; Nave"
"practised","2","low","practised; practis; practise","1 Samuel 23:9; Daniel 8:12",""
"pransings","2","low","pransings; pransing; pransinge","Judges 5:22; Judges 5:22",""
"publickly","2","low","publickly","Acts 18:28; Acts 20:20",""
"publius","2","low","publius; publiu","Acts 28:7; Acts 28:8","Easton"
"punon","2","low","punon","Numbers 33:42; Numbers 33:43","Nave"
"purity","2","low","purity","1 Timothy 4:12; 1 Timothy 5:2","Nave"
"rabbath","2","low","rabbath","Deuteronomy 3:11; Ezekiel 21:20",""
"rabmag","2","low","rabmag","Jeremiah 39:3; Jeremiah 39:13","Easton"
"rapha","2","low","rapha","1 Chronicles 8:2; 1 Chronicles 8:37","Easton; Nave"
"reba","2","low","reba","Numbers 31:8; Joshua 13:21","Easton"
"refiner","2","low","refiner","Malachi 3:2; Malachi 3:3","Easton"
"rephaims","2","low","rephaims; rephaim; rephaime","Genesis 14:5; Genesis 15:20","Easton; Nave"
"respite","2","low","respite","Exodus 8:15; 1 Samuel 11:3",""
"restorer","2","low","restorer","Ruth 4:15; Isaiah 58:12",""
"restrain","2","low","restrain","Job 15:8; Psalms 76:10",""
"revellings","2","low","revellings; revelling; revellinge","Galatians 5:21; 1 Peter 4:3",""
"rezeph","2","low","rezeph","2 Kings 19:12; Isaiah 37:12","Easton; Nave"
"ribai","2","low","ribai","2 Samuel 23:29; 1 Chronicles 11:31",""
"richly","2","low","richly","Colossians 3:16; 1 Timothy 6:17",""
"rimmonparez","2","low","rimmonparez","Numbers 33:19; Numbers 33:20","Easton"
"riphath","2","low","riphath","Genesis 10:3; 1 Chronicles 1:6","Easton; Nave"
"rissah","2","low","rissah","Numbers 33:21; Numbers 33:22","Easton"
"rithmah","2","low","rithmah","Numbers 33:18; Numbers 33:19","Easton; Nave"
"roboam","2","low","roboam","Matthew 1:7; Matthew 1:7",""
"rogelim","2","low","rogelim","2 Samuel 17:27; 2 Samuel 19:31","Easton; Nave"
"romamtiezer","2","low","romamtiezer","1 Chronicles 25:4; 1 Chronicles 25:31","Easton; Nave"
"rufus","2","low","rufus; rufu","Mark 15:21; Romans 16:13","Easton; Nave"
"sabachthani","2","low","sabachthani","Matthew 27:46; Mark 15:34","Easton"
"sabtecha","2","low","sabtecha","Genesis 10:7; 1 Chronicles 1:9","Nave"
"sacar","2","low","sacar","1 Chronicles 11:35; 1 Chronicles 26:4","Nave"
"sadoc","2","low","sadoc","Matthew 1:14; Matthew 1:14","Easton"
"salcah","2","low","salcah","Joshua 12:5; Joshua 13:11","Easton; Nave"
"salchah","2","low","salchah","Deuteronomy 3:10; 1 Chronicles 5:11",""
"sallai","2","low","sallai","Nehemiah 11:8; Nehemiah 12:20","Easton; Nave"
"salome","2","low","salome","Mark 15:40; Mark 16:1","Easton; Nave"
"sarid","2","low","sarid","Joshua 19:10; Joshua 19:12",""
"saviours","2","low","saviours; saviour; savioure","Nehemiah 9:27; Obadiah 1:21","Easton; Nave"
"scarcely","2","low","scarcely","Romans 5:7; 1 Peter 4:18",""
"schoolmaster","2","low","schoolmaster","Galatians 3:24; Galatians 3:25","Easton"
"science","2","low","science","Daniel 1:4; 1 Timothy 6:20","Nave"
"securely","2","low","securely","Proverbs 3:29; Micah 2:8",""
"seled","2","low","seled; sel; sele","1 Chronicles 2:30; 1 Chronicles 2:30","Nave"
"senaah","2","low","senaah","Ezra 2:35; Nehemiah 7:38","Easton; Nave"
"senir","2","low","senir","1 Chronicles 5:23; Ezekiel 27:5","Easton"
"serah","2","low","serah","Genesis 46:17; 1 Chronicles 7:30","Easton; Nave"
"serjeants","2","low","serjeants; serjeant; serjeante","Acts 16:35; Acts 16:38",""
"shaalbim","2","low","shaalbim","Judges 1:35; 1 Kings 4:9",""
"shaalbonite","2","low","shaalbonite","2 Samuel 23:32; 1 Chronicles 11:33",""
"shaaph","2","low","shaaph","1 Chronicles 2:47; 1 Chronicles 2:49","Nave"
"shaaraim","2","low","shaaraim","1 Samuel 17:52; 1 Chronicles 4:31","Easton; Nave"
"shalmai","2","low","shalmai","Ezra 2:46; Nehemiah 7:48","Nave"
"shalmaneser","2","low","shalmaneser","2 Kings 17:3; 2 Kings 18:9","Nave"
"shamer","2","low","shamer","1 Chronicles 6:46; 1 Chronicles 7:34","Nave"
"shamgar","2","low","shamgar","Judges 3:31; Judges 5:6","Easton; Nave"
"shapher","2","low","shapher","Numbers 33:23; Numbers 33:24","Easton; Nave"
"sharezer","2","low","sharezer","2 Kings 19:37; Isaiah 37:38","Easton; Nave"
"shashak","2","low","shashak","1 Chronicles 8:14; 1 Chronicles 8:25","Nave"
"shaveh","2","low","shaveh","Genesis 14:5; Genesis 14:17",""
"sheariah","2","low","sheariah","1 Chronicles 8:38; 1 Chronicles 9:44","Nave"
"shecaniah","2","low","shecaniah","1 Chronicles 24:11; 2 Chronicles 31:15","Easton; Nave"
"sheepcote","2","low","sheepcote","2 Samuel 7:8; 1 Chronicles 17:7",""
"sheleph","2","low","sheleph","Genesis 10:26; 1 Chronicles 1:20","Nave"
"shelomoth","2","low","shelomoth","1 Chronicles 24:22; 1 Chronicles 24:22","Nave"
"shemer","2","low","shemer","1 Kings 16:24; 1 Kings 16:24","Nave"
"shemida","2","low","shemida","Numbers 26:32; Joshua 17:2","Nave"
"shenir","2","low","shenir","Deuteronomy 3:9; Solomon's Song 4:8","Easton"
"shepham","2","low","shepham","Numbers 34:10; Numbers 34:11","Easton; Nave"
"sheriffs","2","low","sheriffs; sheriff; sheriffe","Daniel 3:2; Daniel 3:3",""
"sheshach","2","low","sheshach","Jeremiah 25:26; Jeremiah 51:41","Easton; Nave"
"sheth","2","low","sheth","Numbers 24:17; 1 Chronicles 1:1","Easton; Nave"
"sheva","2","low","sheva","2 Samuel 20:25; 1 Chronicles 2:49","Easton; Nave"
"shilhi","2","low","shilhi","1 Kings 22:42; 2 Chronicles 20:31",""
"shillem","2","low","shillem","Genesis 46:24; Numbers 26:49",""
"shimeath","2","low","shimeath","2 Kings 12:21; 2 Chronicles 24:26","Nave"
"shobach","2","low","shobach","2 Samuel 10:16; 2 Samuel 10:18","Easton; Nave"
"shobai","2","low","shobai","Ezra 2:42; Nehemiah 7:45",""
"shochoh","2","low","shochoh","1 Samuel 17:1; 1 Samuel 17:1",""
"shomer","2","low","shomer","2 Kings 12:21; 1 Chronicles 7:32","Easton"
"shophach","2","low","shophach","1 Chronicles 19:16; 1 Chronicles 19:18","Nave"
"shua","2","low","shua","1 Chronicles 2:3; 1 Chronicles 7:32","Easton; Nave"
"shual","2","low","shual","1 Samuel 13:17; 1 Chronicles 7:36","Nave"
"shuhamites","2","low","shuhamites; shuhamite","Numbers 26:42; Numbers 26:43",""
"shulamite","2","low","shulamite","Solomon's Song 6:13; Solomon's Song 6:13","Easton"
"shuni","2","low","shuni","Genesis 46:16; Numbers 26:15","Nave"
"sibbecai","2","low","sibbecai","1 Chronicles 11:29; 1 Chronicles 27:11","Easton; Nave"
"sibbechai","2","low","sibbechai","2 Samuel 21:18; 1 Chronicles 20:4",""
"signified","2","low","signified; signifi","Acts 11:28; Revelation 1:1",""
"sina","2","low","sina","Acts 7:30; Acts 7:38","Nave"
"sinite","2","low","sinite","Genesis 10:17; 1 Chronicles 1:15","Easton"
"sirion","2","low","sirion","Deuteronomy 3:9; Psalms 29:6","Easton; Nave"
"sisamai","2","low","sisamai","1 Chronicles 2:40; 1 Chronicles 2:40","Nave"
"sixscore","2","low","sixscore","1 Kings 9:14; Jonah 4:11",""
"slanders","2","low","slanders; slander; slandere","Jeremiah 6:28; Jeremiah 9:4","Nave"
"smyrna","2","low","smyrna","Revelation 1:11; Revelation 2:8","Easton; Nave"
"soberly","2","low","soberly","Romans 12:3; Titus 2:12",""
"socoh","2","low","socoh","Joshua 15:35; Joshua 15:48","Nave"
"sophereth","2","low","sophereth; sopher; sophere","Ezra 2:55; Nehemiah 7:57","Nave"
"sorcerer","2","low","sorcerer","Acts 13:6; Acts 13:8","Easton"
"sorely","2","low","sorely","Genesis 49:23; Isaiah 23:5",""
"sosthenes","2","low","sosthenes; sosthene","Acts 18:17; 1 Corinthians 1:1","Easton; Nave"
"sotai","2","low","sotai","Ezra 2:55; Nehemiah 7:57","Nave"
"spain","2","low","spain","Romans 15:24; Romans 15:28","Easton; Nave"
"sparrow","2","low","sparrow","Psalms 84:3; Psalms 102:7","Easton"
"speaker","2","low","speaker","Psalms 140:11; Acts 14:12",""
"spearmen","2","low","spearmen","Psalms 68:30; Acts 23:23",""
"special","2","low","special","Deuteronomy 7:6; Acts 19:11",""
"stedfastness","2","low","stedfastness; stedfastnes; stedfastnese","Colossians 2:5; 2 Peter 3:17",""
"stouthearted","2","low","stouthearted; stoutheart; stouthearte","Psalms 76:5; Isaiah 46:12",""
"stumblingstone","2","low","stumblingstone","Romans 9:32; Romans 9:33",""
"sufficiently","2","low","sufficiently","2 Chronicles 30:3; Isaiah 23:18",""
"swaddled","2","low","swaddled; swaddl; swaddle","Lamentations 2:22; Ezekiel 16:4",""
"swan","2","low","swan","Leviticus 11:18; Deuteronomy 14:16","Easton; Nave"
"sychem","2","low","sychem","Acts 7:16; Acts 7:16","Nave"
"syene","2","low","syene","Ezekiel 29:10; Ezekiel 30:6","Easton; Nave"
"tabbaoth","2","low","tabbaoth","Ezra 2:43; Nehemiah 7:46","Easton"
"taberah","2","low","taberah","Numbers 11:3; Deuteronomy 9:22","Easton; Nave"
"tabitha","2","low","tabitha","Acts 9:36; Acts 9:40","Easton; Nave"
"tadmor","2","low","tadmor","1 Kings 9:18; 2 Chronicles 8:4","Easton"
"tahan","2","low","tahan","Numbers 26:35; 1 Chronicles 7:25","Nave"
"tanhumeth","2","low","tanhumeth; tanhum; tanhume","2 Kings 25:23; Jeremiah 40:8","Easton"
"tapestry","2","low","tapestry","Proverbs 7:16; Proverbs 31:22","Nave"
"tarah","2","low","tarah","Numbers 33:27; Numbers 33:28","Easton"
"tartan","2","low","tartan","2 Kings 18:17; Isaiah 20:1","Easton; Nave"
"tekel","2","low","tekel","Daniel 5:25; Daniel 5:27","Nave"
"tekoites","2","low","tekoites; tekoite","Nehemiah 3:5; Nehemiah 3:27",""
"telem","2","low","telem","Joshua 15:24; Ezra 10:24","Easton; Nave"
"telmelah","2","low","telmelah","Ezra 2:59; Nehemiah 7:61","Easton; Nave"
"teresh","2","low","teresh","Esther 2:21; Esther 6:2","Easton; Nave"
"tertullus","2","low","tertullus; tertullu","Acts 24:1; Acts 24:2","Easton; Nave"
"thaddaeus","2","low","thaddaeus; thaddaeu","Matthew 10:3; Mark 3:18","Easton"
"theophilus","2","low","theophilus; theophilu","Luke 1:3; Acts 1:1","Easton; Nave"
"thirtyfold","2","low","thirtyfold","Matthew 13:8; Mark 4:20",""
"threshingfloors","2","low","threshingfloors; threshingfloor; threshingfloore","1 Samuel 23:1; Daniel 2:35",""
"tidal","2","low","tidal","Genesis 14:1; Genesis 14:9","Easton; Nave"
"tikvah","2","low","tikvah","2 Kings 22:14; Ezra 10:15","Nave"
"timnathserah","2","low","timnathserah","Joshua 19:50; Joshua 24:30","Easton; Nave"
"tiphsah","2","low","tiphsah","1 Kings 4:24; 2 Kings 15:16","Easton; Nave"
"tiras","2","low","tiras; tira","Genesis 10:2; 1 Chronicles 1:5","Easton; Nave"
"tirhakah","2","low","tirhakah","2 Kings 19:9; Isaiah 37:9","Easton"
"tob","2","low","tob","Judges 11:3; Judges 11:5","Nave"
"tou","2","low","tou","1 Chronicles 18:9; 1 Chronicles 18:10",""
"traveller","2","low","traveller","2 Samuel 12:4; Job 31:32",""
"tubalcain","2","low","tubalcain","Genesis 4:22; Genesis 4:22","Easton; Nave"
"ulai","2","low","ulai","Daniel 8:2; Daniel 8:16","Easton"
"unblameable","2","low","unblameable","Colossians 1:22; 1 Thessalonians 3:13",""
"unmoveable","2","low","unmoveable","Acts 27:41; 1 Corinthians 15:58",""
"uphaz","2","low","uphaz","Jeremiah 10:9; Daniel 10:5","Easton; Nave"
"upholden","2","low","upholden","Job 4:4; Proverbs 20:28",""
"uthai","2","low","uthai","1 Chronicles 9:4; Ezra 8:14",""
"uzal","2","low","uzal","Genesis 10:27; 1 Chronicles 1:21","Easton; Nave"
"uzzielites","2","low","uzzielites; uzzielite","Numbers 3:27; 1 Chronicles 26:23",""
"warriors","2","low","warriors; warrior; warriore","1 Kings 12:21; 2 Chronicles 11:1",""
"washpot","2","low","washpot","Psalms 60:8; Psalms 108:9",""
"watcher","2","low","watcher","Daniel 4:13; Daniel 4:23",""
"watchers","2","low","watchers; watcher; watchere","Jeremiah 4:16; Daniel 4:17",""
"watchings","2","low","watchings; watching; watchinge","2 Corinthians 6:5; 2 Corinthians 11:27","Easton"
"watersprings","2","low","watersprings; waterspring; waterspringe","Psalms 107:33; Psalms 107:35",""
"wayside","2","low","wayside","1 Samuel 4:13; Psalms 140:5",""
"weakeneth","2","low","weakeneth; weaken; weakene","Job 12:21; Jeremiah 38:4",""
"wellpleasing","2","low","wellpleasing; wellpleas; wellplease","Philippians 4:18; Hebrews 13:21",""
"winebibber","2","low","winebibber","Matthew 11:19; Luke 7:34","Nave"
"winefat","2","low","winefat","Isaiah 63:2; Mark 12:1","Easton"
"worshipper","2","low","worshipper","John 9:31; Acts 19:35","Easton"
"zabbai","2","low","zabbai","Ezra 10:28; Nehemiah 3:20","Easton"
"zabdiel","2","low","zabdiel","1 Chronicles 27:2; Nehemiah 11:14","Easton"
"zaccai","2","low","zaccai","Ezra 2:9; Nehemiah 7:14","Easton; Nave"
"zalmon","2","low","zalmon","Judges 9:48; 2 Samuel 23:28","Easton; Nave"
"zalmonah","2","low","zalmonah","Numbers 33:41; Numbers 33:42","Easton; Nave"
"zebaim","2","low","zebaim","Ezra 2:57; Nehemiah 7:59","Easton"
"zeboiim","2","low","zeboiim","Genesis 14:2; Genesis 14:8",""
"zebulonite","2","low","zebulonite","Judges 12:11; Judges 12:12","Easton"
"zedad","2","low","zedad","Numbers 34:8; Ezekiel 47:15","Easton"
"zelah","2","low","zelah","Joshua 18:28; 2 Samuel 21:14","Easton; Nave"
"zelek","2","low","zelek","2 Samuel 23:37; 1 Chronicles 11:39","Easton; Nave"
"zelotes","2","low","zelotes; zelote","Luke 6:15; Acts 1:13","Easton; Nave"
"zemaraim","2","low","zemaraim","Joshua 18:22; 2 Chronicles 13:4","Easton"
"zemarite","2","low","zemarite","Genesis 10:18; 1 Chronicles 1:16","Easton"
"zepho","2","low","zepho","Genesis 36:11; Genesis 36:15","Nave"
"zetham","2","low","zetham","1 Chronicles 23:8; 1 Chronicles 26:22","Nave"
"zibiah","2","low","zibiah","2 Kings 12:1; 2 Chronicles 24:1","Easton; Nave"
"zif","2","low","zif","1 Kings 6:1; 1 Kings 6:37","Easton"
"zilthai","2","low","zilthai","1 Chronicles 8:20; 1 Chronicles 12:20","Easton"
"zimran","2","low","zimran","Genesis 25:2; 1 Chronicles 1:32","Easton; Nave"
"ziphites","2","low","ziphites; ziphite","1 Samuel 23:19; 1 Samuel 26:1",""
"ziza","2","low","ziza","1 Chronicles 4:37; 2 Chronicles 11:20","Easton; Nave"
"zoba","2","low","zoba","2 Samuel 10:6; 2 Samuel 10:8",""
"zophah","2","low","zophah","1 Chronicles 7:35; 1 Chronicles 7:36","Easton; Nave"
"abagtha","1","single-use","abagtha","Esther 1:10","Easton; Nave"
"abana","1","single-use","abana","2 Kings 5:12","Easton; Nave"
"abdeel","1","single-use","abdeel","Jeremiah 36:26","Easton; Nave"
"abdiel","1","single-use","abdiel","1 Chronicles 5:15","Easton; Nave"
"abelmaim","1","single-use","abelmaim; abel","2 Chronicles 16:4","Easton; Nave"
"abelmizraim","1","single-use","abelmizraim","Genesis 50:11","Easton"
"abelshittim","1","single-use","abelshittim","Numbers 33:49","Easton; Nave"
"abez","1","single-use","abez","Joshua 19:20","Easton; Nave"
"abi","1","single-use","abi","2 Kings 18:2","Nave"
"abialbon","1","single-use","abialbon","2 Samuel 23:31","Easton"
"abiasaph","1","single-use","abiasaph","Exodus 6:24","Easton; Nave"
"abiezrite","1","single-use","abiezrite","Judges 6:11","Easton"
"abihud","1","single-use","abihud","1 Chronicles 8:3","Easton"
"abilene","1","single-use","abilene","Luke 3:1","Easton"
"abitub","1","single-use","abitub","1 Chronicles 8:11","Easton"
"abstinence","1","single-use","abstinence","Acts 27:21","Nave"
"accad","1","single-use","accad","Genesis 10:10","Easton; Nave"
"accho","1","single-use","accho","Judges 1:31","Easton; Nave"
"accomplishment","1","single-use","accomplishment","Acts 21:26",""
"achaicus","1","single-use","achaicus; achaicu","1 Corinthians 16:17","Nave"
"achar","1","single-use","achar","1 Chronicles 2:7",""
"achmetha","1","single-use","achmetha","Ezra 6:2","Easton; Nave"
"achsa","1","single-use","achsa","1 Chronicles 2:49",""
"acknowledgement","1","single-use","acknowledgement","Colossians 2:2",""
"actions","1","single-use","actions; action; actione","1 Samuel 2:3",""
"activity","1","single-use","activity","Genesis 47:6",""
"adadah","1","single-use","adadah","Joshua 15:22",""
"adalia","1","single-use","adalia","Esther 9:8",""
"adamah","1","single-use","adamah","Joshua 19:36","Easton"
"adami","1","single-use","adami","Joshua 19:33",""
"addan","1","single-use","addan","Ezra 2:59",""
"addar","1","single-use","addar","1 Chronicles 8:3","Easton"
"addi","1","single-use","addi","Luke 3:28","Easton"
"addon","1","single-use","addon","Nehemiah 7:61","Easton"
"ader","1","single-use","ader","1 Chronicles 8:15",""
"adina","1","single-use","adina","1 Chronicles 11:42","Easton"
"adino","1","single-use","adino","2 Samuel 23:8","Easton"
"adithaim","1","single-use","adithaim","Joshua 15:36",""
"adlai","1","single-use","adlai","1 Chronicles 27:29",""
"admatha","1","single-use","admatha","Esther 1:14",""
"ado","1","single-use","ado","Mark 5:39",""
"adoraim","1","single-use","adoraim","2 Chronicles 11:9",""
"adramyttium","1","single-use","adramyttium","Acts 27:2","Easton"
"adria","1","single-use","adria","Acts 27:27","Easton"
"advisement","1","single-use","advisement","1 Chronicles 12:19",""
"aenon","1","single-use","aenon","John 3:23","Easton"
"affectionately","1","single-use","affectionately","1 Thessalonians 2:8",""
"afternoon","1","single-use","afternoon","Judges 19:8",""
"agee","1","single-use","agee","2 Samuel 23:11","Easton; Nave"
"agur","1","single-use","agur","Proverbs 30:1","Easton"
"aharah","1","single-use","aharah","1 Chronicles 8:1",""
"aharhel","1","single-use","aharhel","1 Chronicles 4:8","Nave"
"ahasai","1","single-use","ahasai","Nehemiah 11:13","Nave"
"ahasbai","1","single-use","ahasbai","2 Samuel 23:34","Nave"
"ahban","1","single-use","ahban","1 Chronicles 2:29",""
"aher","1","single-use","aher","1 Chronicles 7:12",""
"ahian","1","single-use","ahian","1 Chronicles 7:19","Nave"
"ahimoth","1","single-use","ahimoth","1 Chronicles 6:25","Nave"
"ahinadab","1","single-use","ahinadab","1 Kings 4:14","Easton"
"ahiram","1","single-use","ahiram","Numbers 26:38",""
"ahiramites","1","single-use","ahiramites; ahiramite","Numbers 26:38",""
"ahishahar","1","single-use","ahishahar","1 Chronicles 7:10",""
"ahishar","1","single-use","ahishar","1 Kings 4:6","Easton; Nave"
"ahlab","1","single-use","ahlab","Judges 1:31","Easton; Nave"
"ahoah","1","single-use","ahoah","1 Chronicles 8:4","Easton; Nave"
"ahumai","1","single-use","ahumai","1 Chronicles 4:2",""
"ahuzam","1","single-use","ahuzam","1 Chronicles 4:6",""
"ahuzzath","1","single-use","ahuzzath","Genesis 26:26",""
"aiath","1","single-use","aiath","Isaiah 10:28",""
"aija","1","single-use","aija","Nehemiah 11:31",""
"ajah","1","single-use","ajah","Genesis 36:24",""
"akan","1","single-use","akan","Genesis 36:27","Nave"
"alameth","1","single-use","alameth; alam; alame","1 Chronicles 7:8",""
"alammelech","1","single-use","alammelech","Joshua 19:26",""
"alamoth","1","single-use","alamoth","1 Chronicles 15:20","Easton; Nave"
"aliah","1","single-use","aliah","1 Chronicles 1:51",""
"alian","1","single-use","alian","1 Chronicles 1:40",""
"allonbachuth","1","single-use","allonbachuth","Genesis 35:8","Easton; Nave"
"almon","1","single-use","almon","Joshua 21:18","Easton; Nave"
"almsdeeds","1","single-use","almsdeeds; almsdeed; almsdeede","Acts 9:36",""
"aloth","1","single-use","aloth","1 Kings 4:16",""
"alvah","1","single-use","alvah","Genesis 36:40",""
"alvan","1","single-use","alvan","Genesis 36:23",""
"amad","1","single-use","amad","Joshua 19:26",""
"amal","1","single-use","amal","1 Chronicles 7:35",""
"amam","1","single-use","amam","Joshua 15:26",""
"amana","1","single-use","amana","Solomon's Song 4:8","Easton"
"amashai","1","single-use","amashai","Nehemiah 11:13","Easton; Nave"
"amasiah","1","single-use","amasiah","2 Chronicles 17:16","Easton; Nave"
"ambassage","1","single-use","ambassage","Luke 14:32",""
"ami","1","single-use","ami","Ezra 2:57",""
"ammah","1","single-use","ammah","2 Samuel 2:24","Easton"
"ammi","1","single-use","ammi","Hosea 2:1","Easton"
"amminadib","1","single-use","amminadib","Solomon's Song 6:12","Easton"
"ammizabad","1","single-use","ammizabad","1 Chronicles 27:6","Easton; Nave"
"amphipolis","1","single-use","amphipolis; amphipoli","Acts 17:1","Easton; Nave"
"amplias","1","single-use","amplias; amplia","Romans 16:8","Easton"
"anaharath","1","single-use","anaharath","Joshua 19:19",""
"anammelech","1","single-use","anammelech","2 Kings 17:31","Easton"
"anan","1","single-use","anan","Nehemiah 10:26","Easton"
"anani","1","single-use","anani","1 Chronicles 3:24","Nave"
"ancle","1","single-use","ancle","Acts 3:7",""
"ancles","1","single-use","ancles; ancle","Ezekiel 47:3",""
"andronicus","1","single-use","andronicus; andronicu","Romans 16:7","Easton"
"anem","1","single-use","anem","1 Chronicles 6:73","Easton"
"anethothite","1","single-use","anethothite","2 Samuel 23:27",""
"anetothite","1","single-use","anetothite","1 Chronicles 27:12",""
"aniam","1","single-use","aniam","1 Chronicles 7:19","Nave"
"anim","1","single-use","anim","Joshua 15:50","Easton; Nave"
"anna","1","single-use","anna","Luke 2:36","Easton; Nave"
"answerable","1","single-use","answerable","Exodus 38:18",""
"antichrists","1","single-use","antichrists; antichrist; antichriste","1 John 2:18","Easton"
"antipas","1","single-use","antipas; antipa","Revelation 2:13","Easton"
"antipatris","1","single-use","antipatris; antipatri","Acts 23:31","Easton"
"antothijah","1","single-use","antothijah","1 Chronicles 8:24",""
"anub","1","single-use","anub","1 Chronicles 4:8",""
"apelles","1","single-use","apelles; apelle","Romans 16:10","Easton"
"apharsathchites","1","single-use","apharsathchites; apharsathchite","Ezra 4:9",""
"apharsites","1","single-use","apharsites; apharsite","Ezra 4:9","Easton"
"aphekah","1","single-use","aphekah","Joshua 15:53",""
"aphiah","1","single-use","aphiah","1 Samuel 9:1","Nave"
"aphik","1","single-use","aphik","Judges 1:31","Easton; Nave"
"aphrah","1","single-use","aphrah","Micah 1:10","Nave"
"aphses","1","single-use","aphses; aphs; aphse","1 Chronicles 24:15","Nave"
"apollonia","1","single-use","apollonia","Acts 17:1","Easton"
"apphia","1","single-use","apphia","Philemon 1:2","Easton"
"appii","1","single-use","appii","Acts 28:15",""
"ara","1","single-use","ara","1 Chronicles 7:38","Nave"
"arab","1","single-use","arab","Joshua 15:52","Easton; Nave"
"aramitess","1","single-use","aramitess; aramites; aramitese","1 Chronicles 7:14",""
"arbah","1","single-use","arbah","Genesis 35:27",""
"arbite","1","single-use","arbite","2 Samuel 23:35",""
"archelaus","1","single-use","archelaus; archelau","Matthew 2:22","Easton"
"archevites","1","single-use","archevites; archevite","Ezra 4:9","Easton"
"archi","1","single-use","archi","Joshua 16:2","Easton; Nave"
"ardites","1","single-use","ardites; ardite","Numbers 26:40",""
"ardon","1","single-use","ardon","1 Chronicles 2:18","Easton; Nave"
"arelites","1","single-use","arelites; arelite","Numbers 26:17",""
"aretas","1","single-use","aretas; areta","2 Corinthians 11:32","Easton; Nave"
"arguments","1","single-use","arguments; argument; argumente","Job 23:4",""
"aridai","1","single-use","aridai","Esther 9:9",""
"aridatha","1","single-use","aridatha","Esther 9:8",""
"arieh","1","single-use","arieh","2 Kings 15:25","Easton; Nave"
"arisai","1","single-use","arisai","Esther 9:9","Nave"
"aristobulus","1","single-use","aristobulus; aristobulu","Romans 16:10","Easton"
"armageddon","1","single-use","armageddon","Revelation 16:16","Easton"
"armoni","1","single-use","armoni","2 Samuel 21:8","Easton"
"arnan","1","single-use","arnan","1 Chronicles 3:21",""
"arod","1","single-use","arod","Numbers 26:17",""
"arodi","1","single-use","arodi","Genesis 46:16",""
"arodites","1","single-use","arodites; arodite","Numbers 26:17",""
"aroerite","1","single-use","aroerite","1 Chronicles 11:44",""
"artemas","1","single-use","artemas; artema","Titus 3:12","Nave"
"aruboth","1","single-use","aruboth","1 Kings 4:10","Nave"
"arumah","1","single-use","arumah","Judges 9:41","Nave"
"arza","1","single-use","arza","1 Kings 16:9",""
"asareel","1","single-use","asareel","1 Chronicles 4:16",""
"asarelah","1","single-use","asarelah","1 Chronicles 25:2",""
"ashbea","1","single-use","ashbea","1 Chronicles 4:21",""
"ashbelites","1","single-use","ashbelites; ashbelite","Numbers 26:38",""
"ashdodites","1","single-use","ashdodites; ashdodite","Nehemiah 4:7",""
"ashdothites","1","single-use","ashdothites; ashdothite","Joshua 13:3",""
"asherites","1","single-use","asherites; asherite","Judges 1:32",""
"ashima","1","single-use","ashima","2 Kings 17:30","Nave"
"ashkenaz","1","single-use","ashkenaz","Genesis 10:3","Easton; Nave"
"ashpenaz","1","single-use","ashpenaz","Daniel 1:3","Easton; Nave"
"ashriel","1","single-use","ashriel","1 Chronicles 7:14",""
"ashterathite","1","single-use","ashterathite","1 Chronicles 11:44",""
"ashteroth","1","single-use","ashteroth","Genesis 14:5",""
"ashvath","1","single-use","ashvath","1 Chronicles 7:33",""
"asiel","1","single-use","asiel","1 Chronicles 4:35",""
"asnah","1","single-use","asnah","Ezra 2:50",""
"asnappar","1","single-use","asnappar","Ezra 4:10",""
"aspatha","1","single-use","aspatha","Esther 9:7","Nave"
"asrielites","1","single-use","asrielites; asrielite","Numbers 26:31",""
"asshurim","1","single-use","asshurim","Genesis 25:3","Nave"
"astaroth","1","single-use","astaroth","Deuteronomy 1:4",""
"asyncritus","1","single-use","asyncritus; asyncritu","Romans 16:14",""
"atarah","1","single-use","atarah","1 Chronicles 2:26",""
"atarothadar","1","single-use","atarothadar; ataroth","Joshua 18:13","Easton"
"atarothaddar","1","single-use","atarothaddar; ataroth","Joshua 16:5","Easton"
"athach","1","single-use","athach","1 Samuel 30:30",""
"athaiah","1","single-use","athaiah","Nehemiah 11:4",""
"athlai","1","single-use","athlai","Ezra 10:28","Nave"
"atroth","1","single-use","atroth","Numbers 32:35",""
"attalia","1","single-use","attalia","Acts 14:25",""
"aunt","1","single-use","aunt","Leviticus 18:14",""
"ava","1","single-use","ava","2 Kings 17:24","Easton"
"avim","1","single-use","avim","Joshua 18:23","Easton"
"avims","1","single-use","avims; avim; avime","Deuteronomy 2:23","Easton"
"azal","1","single-use","azal","Zechariah 14:5","Easton"
"azaniah","1","single-use","azaniah","Nehemiah 10:9",""
"azarael","1","single-use","azarael","Nehemiah 12:36",""
"azaz","1","single-use","azaz","1 Chronicles 5:8","Nave"
"azbuk","1","single-use","azbuk","Nehemiah 3:16",""
"aziel","1","single-use","aziel","1 Chronicles 15:20",""
"aziza","1","single-use","aziza","Ezra 10:27",""
"azotus","1","single-use","azotus; azotu","Acts 8:40","Easton"
"azzan","1","single-use","azzan","Numbers 34:26","Nave"
"azzur","1","single-use","azzur","Nehemiah 10:17",""
"baalathbeer","1","single-use","baalathbeer","Joshua 19:8","Easton"
"baale","1","single-use","baale","2 Samuel 6:2",""
"baalhamon","1","single-use","baalhamon","Solomon's Song 8:11","Easton"
"baalhazor","1","single-use","baalhazor","2 Samuel 13:23","Easton"
"baali","1","single-use","baali","Hosea 2:16","Easton"
"baalis","1","single-use","baalis; baali","Jeremiah 40:14","Easton"
"baalshalisha","1","single-use","baalshalisha","2 Kings 4:42","Easton"
"baaltamar","1","single-use","baaltamar","Judges 20:33","Easton"
"baara","1","single-use","baara","1 Chronicles 8:8",""
"baaseiah","1","single-use","baaseiah","1 Chronicles 6:40",""
"baca","1","single-use","baca","Psalms 84:6",""
"bachrites","1","single-use","bachrites; bachrite","Numbers 26:35",""
"baharumite","1","single-use","baharumite","1 Chronicles 11:33",""
"bajith","1","single-use","bajith","Isaiah 15:2","Easton; Nave"
"bakbakkar","1","single-use","bakbakkar","1 Chronicles 9:15",""
"balac","1","single-use","balac","Revelation 2:14",""
"balah","1","single-use","balah","Joshua 19:3","Easton"
"bamah","1","single-use","bamah","Ezekiel 20:29","Easton; Nave"
"bamothbaal","1","single-use","bamothbaal","Joshua 13:17","Easton"
"barachias","1","single-use","barachias; barachia","Matthew 23:35",""
"barhumite","1","single-use","barhumite","2 Samuel 23:31",""
"bariah","1","single-use","bariah","1 Chronicles 3:22","Easton; Nave"
"barjesus","1","single-use","barjesus; barjesu","Acts 13:6","Easton; Nave"
"barjona","1","single-use","barjona","Matthew 16:17","Easton; Nave"
"barnfloor","1","single-use","barnfloor","2 Kings 6:27",""
"bartimaeus","1","single-use","bartimaeus; bartimaeu","Mark 10:46","Easton"
"baser","1","single-use","baser","Acts 17:5",""
"bashanhavothjair","1","single-use","bashanhavothjair","Deuteronomy 3:14","Easton"
"basmath","1","single-use","basmath","1 Kings 4:15","Nave"
"bathrabbim","1","single-use","bathrabbim","Solomon's Song 7:4","Easton"
"bathshua","1","single-use","bathshua; bathsheba","1 Chronicles 3:5","Easton"
"bavai","1","single-use","bavai","Nehemiah 3:18",""
"bazlith","1","single-use","bazlith","Nehemiah 7:54",""
"bazluth","1","single-use","bazluth","Ezra 2:52",""
"beacon","1","single-use","beacon","Isaiah 30:17","Easton; Nave"
"bealiah","1","single-use","bealiah","1 Chronicles 12:5","Easton; Nave"
"bealoth","1","single-use","bealoth","Joshua 15:24","Easton"
"bechorath","1","single-use","bechorath","1 Samuel 9:1","Nave"
"bedeiah","1","single-use","bedeiah","Ezra 10:35",""
"bee","1","single-use","bee","Isaiah 7:18","Easton; Nave"
"beeliada","1","single-use","beeliada","1 Chronicles 14:7","Nave"
"beera","1","single-use","beera","1 Chronicles 7:37","Nave"
"beerah","1","single-use","beerah","1 Chronicles 5:6","Nave"
"beerelim","1","single-use","beerelim","Isaiah 15:8","Easton"
"beerlahairoi","1","single-use","beerlahairoi","Genesis 16:14","Easton; Nave"
"beerothites","1","single-use","beerothites; beerothite","2 Samuel 4:3","KJV rare-term help"
"beeshterah","1","single-use","beeshterah","Joshua 21:27","Nave"
"beginnest","1","single-use","beginnest; beginn; beginne","Deuteronomy 16:9",""
"bekah","1","single-use","bekah","Exodus 38:26","Easton; Nave"
"belah","1","single-use","belah","Genesis 46:21",""
"belaites","1","single-use","belaites; belaite","Numbers 26:38",""
"ben","1","single-use","ben","1 Chronicles 15:18",""
"benammi","1","single-use","benammi","Genesis 19:38","Easton; Nave"
"beneberak","1","single-use","beneberak","Joshua 19:45","KJV rare-term help"
"benhail","1","single-use","benhail","2 Chronicles 17:7","Nave"
"benhanan","1","single-use","benhanan","1 Chronicles 4:20","Nave"
"beninu","1","single-use","beninu","Nehemiah 10:13","Nave"
"benoni","1","single-use","benoni","Genesis 35:18","Nave"
"benzoheth","1","single-use","benzoheth; benzoh; benzohe","1 Chronicles 4:20","Nave"
"beon","1","single-use","beon","Numbers 32:3","Nave"
"bera","1","single-use","bera","Genesis 14:2","Easton"
"berachiah","1","single-use","berachiah","1 Chronicles 6:39","Nave"
"beraiah","1","single-use","beraiah","1 Chronicles 8:21","Nave"
"beri","1","single-use","beri","1 Chronicles 7:36","Nave"
"beriites","1","single-use","beriites; beriite","Numbers 26:44",""
"berites","1","single-use","berites; berite","2 Samuel 20:14",""
"berith","1","single-use","berith","Judges 9:46","Nave"
"berodachbaladan","1","single-use","berodachbaladan","2 Kings 20:12","Easton"
"berothah","1","single-use","berothah","Ezekiel 47:16",""
"berothai","1","single-use","berothai","2 Samuel 8:8","Nave"
"berothite","1","single-use","berothite","1 Chronicles 11:39",""
"besodeiah","1","single-use","besodeiah","Nehemiah 3:6","Nave"
"betah","1","single-use","betah","2 Samuel 8:8","Easton; Nave"
"beten","1","single-use","beten","Joshua 19:25","Nave"
"bethabara","1","single-use","bethabara","John 1:28","Easton; Nave"
"bethanoth","1","single-use","bethanoth","Joshua 15:59","Easton; Nave"
"betharam","1","single-use","betharam","Joshua 13:27","Easton; Nave"
"betharbel","1","single-use","betharbel","Hosea 10:14","Easton; Nave"
"bethazmaveth","1","single-use","bethazmaveth; bethazmav; bethazmave","Nehemiah 7:28","Nave"
"bethbaalmeon","1","single-use","bethbaalmeon","Joshua 13:17","Nave"
"bethbirei","1","single-use","bethbirei","1 Chronicles 4:31","Nave"
"bethcar","1","single-use","bethcar","1 Samuel 7:11","Easton; Nave"
"bethdiblathaim","1","single-use","bethdiblathaim","Jeremiah 48:22","Easton; Nave"
"bethelite","1","single-use","bethelite","1 Kings 16:34","Easton"
"bethemek","1","single-use","bethemek","Joshua 19:27","Nave"
"bether","1","single-use","bether","Solomon's Song 2:17","Easton"
"bethesda","1","single-use","bethesda","John 5:2","Easton; Nave"
"bethezel","1","single-use","bethezel","Micah 1:11","Nave"
"bethgader","1","single-use","bethgader","1 Chronicles 2:51","Nave"
"bethgamul","1","single-use","bethgamul","Jeremiah 48:23","Easton; Nave"
"bethharan","1","single-use","bethharan","Numbers 32:36","Nave"
"bethhogla","1","single-use","bethhogla","Joshua 15:6","Nave"
"bethjesimoth","1","single-use","bethjesimoth; bethjeshimoth","Numbers 33:49","Easton; Nave"
"bethlebaoth","1","single-use","bethlebaoth","Joshua 19:6","Nave"
"bethmeon","1","single-use","bethmeon","Jeremiah 48:23","Nave"
"bethpalet","1","single-use","bethpalet","Joshua 15:27","Nave"
"bethpazzez","1","single-use","bethpazzez","Joshua 19:21","Nave"
"bethphelet","1","single-use","bethphelet","Nehemiah 11:26","Nave"
"bethrapha","1","single-use","bethrapha","1 Chronicles 4:12","Nave"
"bethshittah","1","single-use","bethshittah","Judges 7:22","Nave"
"bethtappuah","1","single-use","bethtappuah","Joshua 15:53","Easton; Nave"
"bethul","1","single-use","bethul","Joshua 19:4","Nave"
"betonim","1","single-use","betonim","Joshua 13:26",""
"beulah","1","single-use","beulah","Isaiah 62:4","Easton"
"biddeth","1","single-use","biddeth; bidd; bidde","2 John 1:11",""
"bidkar","1","single-use","bidkar","2 Kings 9:25","Nave"
"bigtha","1","single-use","bigtha","Esther 1:10","Easton"
"bigthan","1","single-use","bigthan","Esther 2:21","Easton; Nave"
"bigthana","1","single-use","bigthana","Esther 6:2",""
"bileam","1","single-use","bileam","1 Chronicles 6:70","Nave"
"bilgai","1","single-use","bilgai","Nehemiah 10:8",""
"bimhal","1","single-use","bimhal","1 Chronicles 7:33","Nave"
"birsha","1","single-use","birsha","Genesis 14:2","Easton"
"birzavith","1","single-use","birzavith","1 Chronicles 7:31","Nave"
"bishlam","1","single-use","bishlam","Ezra 4:7","Nave"
"bishoprick","1","single-use","bishoprick","Acts 1:20",""
"bithiah","1","single-use","bithiah","1 Chronicles 4:18","Nave"
"bithron","1","single-use","bithron","2 Samuel 2:29","Easton; Nave"
"bizjothjah","1","single-use","bizjothjah","Joshua 15:28","Nave"
"biztha","1","single-use","biztha","Esther 1:10","Nave"
"blacker","1","single-use","blacker","Lamentations 4:8",""
"blastus","1","single-use","blastus; blastu","Acts 12:20","Easton; Nave"
"blotteth","1","single-use","blotteth; blott; blotte","Isaiah 43:25",""
"boanerges","1","single-use","boanerges; boanerge","Mark 3:17","Easton; Nave"
"boscath","1","single-use","boscath","2 Kings 22:1",""
"bosor","1","single-use","bosor","2 Peter 2:15","Easton; Nave"
"bozez","1","single-use","bozez","1 Samuel 14:4","Nave"
"bozkath","1","single-use","bozkath","Joshua 15:39","Nave"
"bracelet","1","single-use","bracelet","2 Samuel 1:10","Easton; Nave"
"brandish","1","single-use","brandish","Ezekiel 32:10",""
"bred","1","single-use","bred","Exodus 16:20",""
"bringers","1","single-use","bringers; bringer; bringere","2 Kings 10:5",""
"broader","1","single-use","broader","Job 11:9",""
"brokenfooted","1","single-use","brokenfooted; brokenfoot; brokenfoote","Leviticus 21:19",""
"brokenhanded","1","single-use","brokenhanded; brokenhand; brokenhande","Leviticus 21:19",""
"bunah","1","single-use","bunah","1 Chronicles 2:25",""
"buzi","1","single-use","buzi","Ezekiel 1:3","Easton"
"cabbon","1","single-use","cabbon","Joshua 15:40","Nave"
"calcol","1","single-use","calcol","1 Chronicles 2:6","Easton; Nave"
"calebephratah","1","single-use","calebephratah","1 Chronicles 2:24","Nave"
"calno","1","single-use","calno","Isaiah 10:9","Nave"
"calvary","1","single-use","calvary","Luke 23:33","Easton; Nave"
"camon","1","single-use","camon","Judges 10:5","Easton"
"canaanitess","1","single-use","canaanitess; canaanites; canaanitese","1 Chronicles 2:3","Easton; Nave"
"candace","1","single-use","candace","Acts 8:27","Easton"
"canneh","1","single-use","canneh","Ezekiel 27:23","Easton"
"caphthorim","1","single-use","caphthorim","1 Chronicles 1:12",""
"caphtorim","1","single-use","caphtorim","Genesis 10:14","Nave"
"caphtorims","1","single-use","caphtorims; caphtorim; caphtorime","Deuteronomy 2:23","Nave"
"carbuncles","1","single-use","carbuncles; carbuncle","Isaiah 54:12","Easton; Nave"
"carcas","1","single-use","carcas; carca","Esther 1:10","Nave"
"careah","1","single-use","careah","2 Kings 25:23",""
"carmites","1","single-use","carmites; carmite","Numbers 26:6",""
"carriest","1","single-use","carriest; carri","Psalms 90:5",""
"carshena","1","single-use","carshena","Esther 1:14","Nave"
"casement","1","single-use","casement","Proverbs 7:6","Easton"
"castaway","1","single-use","castaway","1 Corinthians 9:27","Easton"
"castor","1","single-use","castor","Acts 28:11",""
"cedron","1","single-use","cedron","John 18:1","Easton; Nave"
"chalcedony","1","single-use","chalcedony","Revelation 21:19","Easton; Nave"
"chalcol","1","single-use","chalcol","1 Kings 4:31","Nave"
"chaldaeans","1","single-use","chaldaeans; chaldeans; chaldaean; chaldaeane","Acts 7:4","Nave"
"challengeth","1","single-use","challengeth; challeng; challenge","Exodus 22:9",""
"chapt","1","single-use","chapt","Jeremiah 14:4",""
"charashim","1","single-use","charashim","1 Chronicles 4:14","Easton"
"cheerfulness","1","single-use","cheerfulness; cheerfulnes; cheerfulnese","Romans 12:8","Nave"
"chelal","1","single-use","chelal","Ezra 10:30","Nave"
"chelluh","1","single-use","chelluh","Ezra 10:35","Nave"
"chelubai","1","single-use","chelubai","1 Chronicles 2:9","Nave"
"chemarims","1","single-use","chemarims; chemarim; chemarime","Zephaniah 1:4","Easton"
"chenani","1","single-use","chenani","Nehemiah 9:4",""
"chepharhaammonai","1","single-use","chepharhaammonai","Joshua 18:24","KJV rare-term help"
"cherethims","1","single-use","cherethims; cherethim; cherethime","Ezekiel 25:16","Easton"
"chesalon","1","single-use","chesalon","Joshua 15:10","Easton; Nave"
"chesed","1","single-use","chesed; ches; chese","Genesis 22:22","Nave"
"chesil","1","single-use","chesil","Joshua 15:30","Easton; Nave"
"chesulloth","1","single-use","chesulloth","Joshua 19:18","Easton"
"chezib","1","single-use","chezib","Genesis 38:5","Easton; Nave"
"chickens","1","single-use","chickens; chicken; chickene","Matthew 23:37","Nave"
"chidon","1","single-use","chidon","1 Chronicles 13:9","Easton"
"chileab","1","single-use","chileab","2 Samuel 3:3","Easton"
"chilmad","1","single-use","chilmad","Ezekiel 27:23","Easton"
"chimney","1","single-use","chimney","Hosea 13:3","KJV rare-term help"
"chios","1","single-use","chios; chio","Acts 20:15","Easton"
"chislon","1","single-use","chislon","Numbers 34:21",""
"chiun","1","single-use","chiun","Amos 5:26","Easton; Nave"
"chloe","1","single-use","chloe","1 Corinthians 1:11","Easton"
"chorashan","1","single-use","chorashan","1 Samuel 30:30","Easton; Nave"
"chozeba","1","single-use","chozeba","1 Chronicles 4:22","Easton; Nave"
"chrysolite","1","single-use","chrysolite","Revelation 21:20",""
"chrysoprasus","1","single-use","chrysoprasus; chrysoprasu","Revelation 21:20","Easton; Nave"
"chun","1","single-use","chun","1 Chronicles 18:8","Easton; Nave"
"chuza","1","single-use","chuza","Luke 8:3","Nave"
"cieling","1","single-use","cieling; ciel; ciele","1 Kings 6:15",""
"cinneroth","1","single-use","cinneroth","1 Kings 15:20",""
"circle","1","single-use","circle","Isaiah 40:22",""
"circumspect","1","single-use","circumspect","Exodus 23:13",""
"circumspectly","1","single-use","circumspectly","Ephesians 5:15",""
"cis","1","single-use","cis","Acts 13:21",""
"clamorous","1","single-use","clamorous; clamorou","Proverbs 9:13",""
"clappeth","1","single-use","clappeth; clapp; clappe","Job 34:37",""
"clauda","1","single-use","clauda","Acts 27:16","Easton"
"claudia","1","single-use","claudia","2 Timothy 4:21","Easton"
"cleopas","1","single-use","cleopas; cleopa","Luke 24:18","Easton"
"cleophas","1","single-use","cleophas; cleopha","John 19:25","Easton; Nave"
"clift","1","single-use","clift","Exodus 33:22",""
"cnidus","1","single-use","cnidus; cnidu","Acts 27:7","Easton"
"cogitations","1","single-use","cogitations; cogitation; cogitatione","Daniel 7:28","Easton"
"colosse","1","single-use","colosse","Colossians 1:2","Nave"
"coloured","1","single-use","coloured; colour; coloure","Revelation 17:3","Easton"
"commander","1","single-use","commander","Isaiah 55:4",""
"commodious","1","single-use","commodious; commodiou","Acts 27:12",""
"commotion","1","single-use","commotion","Jeremiah 10:22",""
"commotions","1","single-use","commotions; commotion; commotione","Luke 21:9",""
"compact","1","single-use","compact","Psalms 122:3",""
"companied","1","single-use","companied; compani","Acts 1:21",""
"comparable","1","single-use","comparable","Lamentations 4:2",""
"compellest","1","single-use","compellest; compell; compelle","Galatians 2:14",""
"conaniah","1","single-use","conaniah","2 Chronicles 35:9","Easton"
"conclusion","1","single-use","conclusion","Ecclesiastes 12:13",""
"concord","1","single-use","concord","2 Corinthians 6:15",""
"condition","1","single-use","condition","1 Samuel 11:2","KJV rare-term help"
"conditions","1","single-use","conditions; condition; conditione","Luke 14:32","KJV rare-term help"
"conference","1","single-use","conference","Galatians 2:6",""
"confiscation","1","single-use","confiscation","Ezra 7:26","Nave"
"congealed","1","single-use","congealed; congeal; congeale","Exodus 15:8",""
"congratulate","1","single-use","congratulate","1 Chronicles 18:10",""
"conquerors","1","single-use","conquerors; conqueror; conquerore","Romans 8:37",""
"constraint","1","single-use","constraint","1 Peter 5:2",""
"consultation","1","single-use","consultation","Mark 15:1",""
"contribution","1","single-use","contribution","Romans 15:26",""
"cor","1","single-use","cor","Ezekiel 45:14","Easton; Nave"
"cosam","1","single-use","cosam","Luke 3:28",""
"costliness","1","single-use","costliness; costlines; costlinese","Revelation 18:19","KJV rare-term help"
"coucheth","1","single-use","coucheth; couch; couche","Deuteronomy 33:13","Easton"
"couchingplace","1","single-use","couchingplace","Ezekiel 25:5",""
"courageously","1","single-use","courageously","2 Chronicles 19:11",""
"courteous","1","single-use","courteous; courteou","1 Peter 3:8",""
"covenantbreakers","1","single-use","covenantbreakers; covenantbreaker; covenantbreakere","Romans 1:31",""
"crescens","1","single-use","crescens; crescen; crescene","2 Timothy 4:10","Easton; Nave"
"cretes","1","single-use","cretes; crete","Acts 2:11","Easton; Nave"
"cretians","1","single-use","cretians; cretian; cretiane","Titus 1:12",""
"crisping","1","single-use","crisping; crisp; crispe","Isaiah 3:22",""
"crookbackt","1","single-use","crookbackt","Leviticus 21:20",""
"crossway","1","single-use","crossway","Obadiah 1:14",""
"cruelly","1","single-use","cruelly","Ezekiel 18:18",""
"cumbrance","1","single-use","cumbrance","Deuteronomy 1:12",""
"cumi","1","single-use","cumi","Mark 5:41",""
"cupbearer","1","single-use","cupbearer","Nehemiah 1:11","Easton; Nave"
"curdled","1","single-use","curdled; curdl; curdle","Job 10:10",""
"curiously","1","single-use","curiously","Psalms 139:15",""
"cushan","1","single-use","cushan","Habakkuk 3:7","Easton; Nave"
"cuthah","1","single-use","cuthah","2 Kings 17:24","Easton"
"cuttest","1","single-use","cuttest; cutt; cutte","Deuteronomy 24:19",""
"cyrenians","1","single-use","cyrenians; cyrenian; cyreniane","Acts 6:9",""
"cyrenius","1","single-use","cyrenius; cyreniu","Luke 2:2","Easton; Nave"
"dabareh","1","single-use","dabareh","Joshua 21:28",""
"dabbasheth","1","single-use","dabbasheth; dabbash; dabbashe","Joshua 19:11","Nave"
"dalaiah","1","single-use","dalaiah","1 Chronicles 3:24","Nave"
"dalmanutha","1","single-use","dalmanutha","Mark 8:10","Easton; Nave"
"dalmatia","1","single-use","dalmatia","2 Timothy 4:10","Easton; Nave"
"dalphon","1","single-use","dalphon","Esther 9:7","Nave"
"damaris","1","single-use","damaris; damari","Acts 17:34","Easton; Nave"
"danjaan","1","single-use","danjaan","2 Samuel 24:6","Easton; Nave"
"dannah","1","single-use","dannah","Joshua 15:49","Easton; Nave"
"dara","1","single-use","dara","1 Chronicles 2:6",""
"darda","1","single-use","darda","1 Kings 4:31","Easton; Nave"
"dedanim","1","single-use","dedanim","Isaiah 21:13","Easton; Nave"
"deferreth","1","single-use","deferreth; deferr; deferre","Proverbs 19:11",""
"dehavites","1","single-use","dehavites; dehavite","Ezra 4:9","Easton; Nave"
"dekar","1","single-use","dekar","1 Kings 4:9","Nave"
"delectable","1","single-use","delectable","Isaiah 44:9",""
"delicacies","1","single-use","delicacies; delicacy; delicacye; delicacie","Revelation 18:3","KJV rare-term help"
"deride","1","single-use","deride","Habakkuk 1:10",""
"diblaim","1","single-use","diblaim","Hosea 1:3","Easton"
"diblath","1","single-use","diblath","Ezekiel 6:14",""
"dibri","1","single-use","dibri","Leviticus 24:11",""
"diddest","1","single-use","diddest; didd; didde","Acts 7:28",""
"diggedst","1","single-use","diggedst","Deuteronomy 6:11",""
"dilean","1","single-use","dilean","Joshua 15:38",""
"dimnah","1","single-use","dimnah","Joshua 21:35","Easton; Nave"
"dimonah","1","single-use","dimonah","Joshua 15:22","Nave"
"dinaites","1","single-use","dinaites; dinaite","Ezra 4:9",""
"dionysius","1","single-use","dionysius; dionysiu","Acts 17:34","Easton; Nave"
"diotrephes","1","single-use","diotrephes; diotrephe","3 John 1:9","Easton; Nave"
"disannulleth","1","single-use","disannulleth; disannull; disannulle","Galatians 3:15",""
"discharge","1","single-use","discharge","Ecclesiastes 8:8",""
"discharged","1","single-use","discharged; discharg; discharge","1 Kings 5:9",""
"discomfiture","1","single-use","discomfiture","1 Samuel 14:20",""
"discourage","1","single-use","discourage","Numbers 32:7",""
"dishonourest","1","single-use","dishonourest; dishonour; dishonoure","Romans 2:23",""
"disinherit","1","single-use","disinherit","Numbers 14:12",""
"disposition","1","single-use","disposition","Acts 7:53",""
"distant","1","single-use","distant","Exodus 36:22",""
"dizahab","1","single-use","dizahab","Deuteronomy 1:1","Easton"
"dodai","1","single-use","dodai","1 Chronicles 27:4","Easton"
"dodavah","1","single-use","dodavah","2 Chronicles 20:37","Nave"
"drewest","1","single-use","drewest; drew; drewe","Lamentations 3:57",""
"driedst","1","single-use","driedst","Psalms 74:15",""
"droppeth","1","single-use","droppeth; dropp; droppe","Ecclesiastes 10:18",""
"drusilla","1","single-use","drusilla","Acts 24:24","Easton; Nave"
"dura","1","single-use","dura","Daniel 3:1","Easton"
"edar","1","single-use","edar","Genesis 35:21","Easton"
"eglaim","1","single-use","eglaim","Isaiah 15:8","Easton"
"ehi","1","single-use","ehi","Genesis 46:21",""
"eker","1","single-use","eker","1 Chronicles 2:27",""
"eladah","1","single-use","eladah","1 Chronicles 7:20","Nave"
"elbethel","1","single-use","elbethel","Genesis 35:7","Easton; Nave"
"elead","1","single-use","elead","1 Chronicles 7:21","Nave"
"eleloheisrael","1","single-use","eleloheisrael; israel","Genesis 33:20","Easton; Nave"
"eleph","1","single-use","eleph","Joshua 18:28",""
"eliadah","1","single-use","eliadah","1 Kings 11:23","Nave"
"elidad","1","single-use","elidad","Numbers 34:21","Easton; Nave"
"elienai","1","single-use","elienai","1 Chronicles 8:20",""
"elihoenai","1","single-use","elihoenai","Ezra 8:4","Nave"
"elihoreph","1","single-use","elihoreph","1 Kings 4:3","Nave"
"elika","1","single-use","elika","2 Samuel 23:25","Easton; Nave"
"eliphal","1","single-use","eliphal","1 Chronicles 11:35","Nave"
"eliseus","1","single-use","eliseus; eliseu","Luke 4:27","Nave"
"elishaphat","1","single-use","elishaphat","2 Chronicles 23:1","Easton; Nave"
"elisheba","1","single-use","elisheba","Exodus 6:23","Easton"
"elkoshite","1","single-use","elkoshite","Nahum 1:1",""
"elmodam","1","single-use","elmodam","Luke 3:28","Nave"
"elnaam","1","single-use","elnaam","1 Chronicles 11:46","Nave"
"elonbethhanan","1","single-use","elonbethhanan","1 Kings 4:9","Nave"
"elonites","1","single-use","elonites; elonite","Numbers 26:26","Nave"
"elpalet","1","single-use","elpalet","1 Chronicles 14:5","Nave"
"elparan","1","single-use","elparan","Genesis 14:6","Easton; Nave"
"eltekon","1","single-use","eltekon","Joshua 15:59","Nave"
"elul","1","single-use","elul","Nehemiah 6:15","Easton; Nave"
"eluzai","1","single-use","eluzai","1 Chronicles 12:5",""
"elymas","1","single-use","elymas; elyma","Acts 13:8","Easton; Nave"
"emmanuel","1","single-use","emmanuel","Matthew 1:23","Easton; Nave"
"emmaus","1","single-use","emmaus; emmau","Luke 24:13","Easton; Nave"
"emmor","1","single-use","emmor","Acts 7:16","Nave"
"empire","1","single-use","empire","Esther 1:20",""
"employment","1","single-use","employment","Ezekiel 39:14",""
"enam","1","single-use","enam","Joshua 15:34","Nave"
"enchanter","1","single-use","enchanter","Deuteronomy 18:10",""
"enchanters","1","single-use","enchanters; enchanter; enchantere","Jeremiah 27:9",""
"encountered","1","single-use","encountered; encounter; encountere","Acts 17:18",""
"endeavours","1","single-use","endeavours; endeavour; endeavoure","Psalms 28:4",""
"eneglaim","1","single-use","eneglaim","Ezekiel 47:10","Easton; Nave"
"enflaming","1","single-use","enflaming; enflam; enflame","Isaiah 57:5",""
"engraven","1","single-use","engraven","2 Corinthians 3:7",""
"enhaddah","1","single-use","enhaddah","Joshua 19:21","KJV rare-term help"
"enhakkore","1","single-use","enhakkore","Judges 15:19","Easton; Nave"
"enhazor","1","single-use","enhazor","Joshua 19:37","Nave"
"enmishpat","1","single-use","enmishpat","Genesis 14:7","Nave"
"enosh","1","single-use","enosh","1 Chronicles 1:1",""
"enrimmon","1","single-use","enrimmon","Nehemiah 11:29","Nave"
"entappuah","1","single-use","entappuah","Joshua 17:7","Nave"
"entire","1","single-use","entire","James 1:4",""
"enviest","1","single-use","enviest; envi","Numbers 11:29",""
"envieth","1","single-use","envieth; envi","1 Corinthians 13:4",""
"environ","1","single-use","environ","Joshua 7:9",""
"epaenetus","1","single-use","epaenetus; epaenetu","Romans 16:5","Easton"
"ephai","1","single-use","ephai","Jeremiah 40:8","Nave"
"ephesdammim","1","single-use","ephesdammim","1 Samuel 17:1","Easton"
"ephesian","1","single-use","ephesian","Acts 21:29",""
"ephphatha","1","single-use","ephphatha","Mark 7:34","Easton"
"ephraimite","1","single-use","ephraimite","Judges 12:5","KJV rare-term help"
"ephrain","1","single-use","ephrain","2 Chronicles 13:19","Nave"
"ephrathites","1","single-use","ephrathites; ephrathite","Ruth 1:2","Easton"
"eran","1","single-use","eran","Numbers 26:36","Nave"
"eranites","1","single-use","eranites; eranite","Numbers 26:36",""
"erech","1","single-use","erech","Genesis 10:10","Easton"
"erites","1","single-use","erites; erite","Numbers 26:16",""
"esek","1","single-use","esek","Genesis 26:20","Easton; Nave"
"eshean","1","single-use","eshean","Joshua 15:52","Easton; Nave"
"eshek","1","single-use","eshek","1 Chronicles 8:39","Nave"
"eshkalonites","1","single-use","eshkalonites; eshkalonite","Joshua 13:3",""
"eshtaulites","1","single-use","eshtaulites; eshtaulite","1 Chronicles 2:53",""
"eshtemoh","1","single-use","eshtemoh","Joshua 15:50",""
"esli","1","single-use","esli","Luke 3:25",""
"ethanim","1","single-use","ethanim","1 Kings 8:2","Easton; Nave"
"ethbaal","1","single-use","ethbaal","1 Kings 16:31","Easton; Nave"
"ethnan","1","single-use","ethnan","1 Chronicles 4:7","Nave"
"ethni","1","single-use","ethni","1 Chronicles 6:41","Nave"
"eubulus","1","single-use","eubulus; eubulu","2 Timothy 4:21","Nave"
"eunice","1","single-use","eunice","2 Timothy 1:5","Easton; Nave"
"euodias","1","single-use","euodias; euodia","Philippians 4:2","Easton"
"eutychus","1","single-use","eutychus; eutychu","Acts 20:9","Easton; Nave"
"evilfavouredness","1","single-use","evilfavouredness; evilfavourednes; evilfavourednese","Deuteronomy 17:1",""
"exaction","1","single-use","exaction","Nehemiah 10:31",""
"exactions","1","single-use","exactions; exaction; exactione","Ezekiel 45:9",""
"exactors","1","single-use","exactors; exactor; exactore","Isaiah 60:17",""
"excellest","1","single-use","excellest; excell; excelle","Proverbs 31:29",""
"exclude","1","single-use","exclude","Galatians 4:17",""
"excluded","1","single-use","excluded; exclud; exclude","Romans 3:27","KJV rare-term help"
"executioner","1","single-use","executioner","Mark 6:27","Easton; Nave"
"eyesight","1","single-use","eyesight","Psalms 18:24",""
"ezbai","1","single-use","ezbai","1 Chronicles 11:37",""
"ezel","1","single-use","ezel","1 Samuel 20:19","Easton; Nave"
"ezem","1","single-use","ezem","1 Chronicles 4:29","Nave"
"eznite","1","single-use","eznite","2 Samuel 23:8",""
"ezrahite","1","single-use","ezrahite","1 Kings 4:31","Easton"
"ezri","1","single-use","ezri","1 Chronicles 27:26","Easton; Nave"
"fallowdeer","1","single-use","fallowdeer","1 Kings 4:23","Easton"
"fatter","1","single-use","fatter","Daniel 1:15",""
"fearfully","1","single-use","fearfully","Psalms 139:14",""
"feebler","1","single-use","feebler","Genesis 30:42",""
"feedingplace","1","single-use","feedingplace","Nahum 2:11",""
"feller","1","single-use","feller","Isaiah 14:8",""
"fellowdisciples","1","single-use","fellowdisciples; fellowdisciple","John 11:16",""
"fellowworkers","1","single-use","fellowworkers; fellowworker; fellowworkere","Colossians 4:11",""
"fetcht","1","single-use","fetcht","Genesis 18:7",""
"fewer","1","single-use","fewer","Numbers 33:54",""
"fiercer","1","single-use","fiercer","2 Samuel 19:43",""
"fishermen","1","single-use","fishermen","Luke 5:2","Nave"
"fishhooks","1","single-use","fishhooks; fishhook; fishhooke","Amos 4:2","Easton"
"fishpools","1","single-use","fishpools; fishpool; fishpoole","Solomon's Song 7:4","Easton"
"fitteth","1","single-use","fitteth; fitt; fitte","Isaiah 44:13",""
"forbiddeth","1","single-use","forbiddeth; forbidd; forbidde","3 John 1:10",""
"forborn","1","single-use","forborn","Jeremiah 51:30",""
"foreknew","1","single-use","foreknew","Romans 11:2",""
"foresaw","1","single-use","foresaw","Acts 2:25",""
"forgers","1","single-use","forgers; forger; forgere","Job 13:4",""
"forsomuch","1","single-use","forsomuch","Luke 19:9",""
"fortunatus","1","single-use","fortunatus; fortunatu","1 Corinthians 16:17","Easton; Nave"
"fresher","1","single-use","fresher","Job 33:25",""
"gabbai","1","single-use","gabbai","Nehemiah 11:8",""
"gabbatha","1","single-use","gabbatha","John 19:13","Easton; Nave"
"gaddest","1","single-use","gaddest; gadd; gadde","Jeremiah 2:36",""
"gaddi","1","single-use","gaddi","Numbers 13:11","Easton; Nave"
"gaddiel","1","single-use","gaddiel","Numbers 13:10","Easton; Nave"
"gadite","1","single-use","gadite","2 Samuel 23:36",""
"gaham","1","single-use","gaham","Genesis 22:24","Nave"
"gammadims","1","single-use","gammadims; gammadim; gammadime","Ezekiel 27:11","Easton; Nave"
"gamul","1","single-use","gamul","1 Chronicles 24:17","Easton; Nave"
"garlick","1","single-use","garlick","Numbers 11:5",""
"garmite","1","single-use","garmite","1 Chronicles 4:19",""
"gashmu","1","single-use","gashmu","Nehemiah 6:6","Nave"
"gathhepher","1","single-use","gathhepher","2 Kings 14:25","Easton; Nave"
"gazathites","1","single-use","gazathites; gazathite","Joshua 13:3",""
"gazites","1","single-use","gazites; gazite","Judges 16:2",""
"gebim","1","single-use","gebim","Isaiah 10:31","Easton; Nave"
"gedeon","1","single-use","gedeon","Hebrews 11:32",""
"geder","1","single-use","geder","Joshua 12:13","Easton; Nave"
"gederah","1","single-use","gederah","Joshua 15:36","Easton; Nave"
"gederathite","1","single-use","gederathite","1 Chronicles 12:4","Easton"
"gederite","1","single-use","gederite","1 Chronicles 27:28",""
"gederothaim","1","single-use","gederothaim","Joshua 15:36","Nave"
"geliloth","1","single-use","geliloth","Joshua 18:17","Easton"
"gemalli","1","single-use","gemalli","Numbers 13:12","Nave"
"gergesenes","1","single-use","gergesenes; gergesene","Matthew 8:28",""
"gesham","1","single-use","gesham","1 Chronicles 2:47",""
"geuel","1","single-use","geuel","Numbers 13:15",""
"gezrites","1","single-use","gezrites; gezrite","1 Samuel 27:8",""
"giah","1","single-use","giah","2 Samuel 2:24","Nave"
"gibbar","1","single-use","gibbar","Ezra 2:20",""
"gibea","1","single-use","gibea","1 Chronicles 2:49",""
"gibeath","1","single-use","gibeath","Joshua 18:28","Nave"
"gibeathite","1","single-use","gibeathite","1 Chronicles 12:3",""
"giblites","1","single-use","giblites; giblite","Joshua 13:5",""
"gidom","1","single-use","gidom","Judges 20:45",""
"gilalai","1","single-use","gilalai","Nehemiah 12:36","Nave"
"gimzo","1","single-use","gimzo","2 Chronicles 28:18","Easton; Nave"
"ginnetho","1","single-use","ginnetho","Nehemiah 12:4",""
"girgashite","1","single-use","girgashite","1 Chronicles 1:14","Easton"
"girgasite","1","single-use","girgasite","Genesis 10:16",""
"gispa","1","single-use","gispa","Nehemiah 11:21","Nave"
"gittahhepher","1","single-use","gittahhepher","Joshua 19:13","Nave"
"gizonite","1","single-use","gizonite","1 Chronicles 11:34","Easton; Nave"
"gloriest","1","single-use","gloriest; glori","Jeremiah 49:4",""
"glorifieth","1","single-use","glorifieth; glorifi","Psalms 50:23",""
"goath","1","single-use","goath","Jeremiah 31:39","Easton; Nave"
"goodlier","1","single-use","goodlier","1 Samuel 9:2",""
"gopher","1","single-use","gopher","Genesis 6:14","Easton"
"gorgeous","1","single-use","gorgeous; gorgeou","Luke 23:11",""
"grandmother","1","single-use","grandmother","2 Timothy 1:5",""
"grapegatherer","1","single-use","grapegatherer","Jeremiah 6:9",""
"grapegleanings","1","single-use","grapegleanings; grapegleaning; grapegleaninge","Micah 7:1",""
"grudgingly","1","single-use","grudgingly","2 Corinthians 9:7",""
"gunites","1","single-use","gunites; gunite","Numbers 26:48",""
"gur","1","single-use","gur","2 Kings 9:27","Easton; Nave"
"gurbaal","1","single-use","gurbaal","2 Chronicles 26:7","Easton; Nave"
"haahashtari","1","single-use","haahashtari","1 Chronicles 4:6","Nave"
"habaziniah","1","single-use","habaziniah","Jeremiah 35:3",""
"hachmoni","1","single-use","hachmoni","1 Chronicles 27:32","Nave"
"hachmonite","1","single-use","hachmonite","1 Chronicles 11:11",""
"hadadrimmon","1","single-use","hadadrimmon","Zechariah 12:11","Easton; Nave"
"hadashah","1","single-use","hadashah","Joshua 15:37","Easton"
"hadassah","1","single-use","hadassah","Esther 2:7","Easton; Nave"
"hadattah","1","single-use","hadattah","Joshua 15:25","Easton; Nave"
"hadlai","1","single-use","hadlai","2 Chronicles 28:12","Easton; Nave"
"hadrach","1","single-use","hadrach","Zechariah 9:1","Easton"
"hagab","1","single-use","hagab","Ezra 2:46","Nave"
"hagaba","1","single-use","hagaba","Nehemiah 7:48","Nave"
"hagabah","1","single-use","hagabah","Ezra 2:45",""
"hagarenes","1","single-use","hagarenes; hagarene","Psalms 83:6","Easton"
"hagerite","1","single-use","hagerite","1 Chronicles 27:31",""
"haggeri","1","single-use","haggeri","1 Chronicles 11:38",""
"haggiah","1","single-use","haggiah","1 Chronicles 6:30","Nave"
"haggites","1","single-use","haggites; haggite","Numbers 26:15",""
"hakkatan","1","single-use","hakkatan","Ezra 8:12",""
"hakkoz","1","single-use","hakkoz","1 Chronicles 24:10","Easton; Nave"
"halhul","1","single-use","halhul","Joshua 15:58","Easton; Nave"
"hali","1","single-use","hali","Joshua 19:25",""
"hallohesh","1","single-use","hallohesh","Nehemiah 10:24",""
"halohesh","1","single-use","halohesh","Nehemiah 3:12","Nave"
"hamathzobah","1","single-use","hamathzobah","2 Chronicles 8:3","Easton; Nave"
"hammath","1","single-use","hammath","Joshua 19:35","Easton; Nave"
"hammoleketh","1","single-use","hammoleketh; hammolek; hammoleke","1 Chronicles 7:18","Easton; Nave"
"hammothdor","1","single-use","hammothdor","Joshua 21:32","Easton; Nave"
"hamonah","1","single-use","hamonah","Ezekiel 39:16","Easton; Nave"
"hamuel","1","single-use","hamuel","1 Chronicles 4:26","Nave"
"hamulites","1","single-use","hamulites; hamulite","Numbers 26:21",""
"handstaves","1","single-use","handstaves; handstave","Ezekiel 39:9",""
"handywork","1","single-use","handywork","Psalms 19:1",""
"hanes","1","single-use","hanes; hane","Isaiah 30:4","Easton; Nave"
"haniel","1","single-use","haniel","1 Chronicles 7:39",""
"hannathon","1","single-use","hannathon","Joshua 19:14",""
"hanniel","1","single-use","hanniel","Numbers 34:23","Easton; Nave"
"hanochites","1","single-use","hanochites; hanochite","Numbers 26:5",""
"haphraim","1","single-use","haphraim","Joshua 19:19",""
"happier","1","single-use","happier","1 Corinthians 7:40",""
"hara","1","single-use","hara","1 Chronicles 5:26","Easton; Nave"
"harbona","1","single-use","harbona","Esther 1:10","Easton"
"harbonah","1","single-use","harbonah","Esther 7:9",""
"hareph","1","single-use","hareph","1 Chronicles 2:51","Nave"
"harhaiah","1","single-use","harhaiah","Nehemiah 3:8","Easton; Nave"
"harhas","1","single-use","harhas; harha","2 Kings 22:14","Nave"
"harnepher","1","single-use","harnepher","1 Chronicles 7:36","Easton"
"harod","1","single-use","harod","Judges 7:1","Easton; Nave"
"haroeh","1","single-use","haroeh","1 Chronicles 2:52","Nave"
"harorite","1","single-use","harorite","1 Chronicles 11:27",""
"harum","1","single-use","harum","1 Chronicles 4:8","Easton; Nave"
"harumaph","1","single-use","harumaph","Nehemiah 3:10",""
"haruphite","1","single-use","haruphite","1 Chronicles 12:5","Easton"
"haruz","1","single-use","haruz","2 Kings 21:19","Easton"
"hasadiah","1","single-use","hasadiah","1 Chronicles 3:20","Easton; Nave"
"hasenuah","1","single-use","hasenuah","1 Chronicles 9:7","Easton; Nave"
"hashabnah","1","single-use","hashabnah","Nehemiah 10:25","Nave"
"hashbadana","1","single-use","hashbadana","Nehemiah 8:4","Easton"
"hashem","1","single-use","hashem","1 Chronicles 11:34","Nave"
"hashubah","1","single-use","hashubah","1 Chronicles 3:20","Easton"
"hashupha","1","single-use","hashupha","Nehemiah 7:46",""
"hasrah","1","single-use","hasrah","2 Chronicles 34:22","Easton"
"hassenaah","1","single-use","hassenaah","Nehemiah 3:3",""
"hasshub","1","single-use","hasshub","1 Chronicles 9:14",""
"hasupha","1","single-use","hasupha","Ezra 2:43","Easton"
"hathath","1","single-use","hathath","1 Chronicles 4:13",""
"hazaiah","1","single-use","hazaiah","Nehemiah 11:5",""
"hazaraddar","1","single-use","hazaraddar","Numbers 34:4","Easton"
"hazargaddah","1","single-use","hazargaddah","Joshua 15:27","Easton; Nave"
"hazarhatticon","1","single-use","hazarhatticon","Ezekiel 47:16","Easton; Nave"
"hazarsusah","1","single-use","hazarsusah","Joshua 19:5","Easton; Nave"
"hazarsusim","1","single-use","hazarsusim","1 Chronicles 4:31","KJV rare-term help"
"hazazontamar","1","single-use","hazazontamar; engedi","2 Chronicles 20:2","Easton; Nave"
"hazelelponi","1","single-use","hazelelponi","1 Chronicles 4:3","Nave"
"hazerim","1","single-use","hazerim","Deuteronomy 2:23","Easton; Nave"
"hazezontamar","1","single-use","hazezontamar","Genesis 14:7","Easton; Nave"
"haziel","1","single-use","haziel","1 Chronicles 23:9",""
"hazo","1","single-use","hazo","Genesis 22:22","Easton; Nave"
"heberites","1","single-use","heberites; heberite","Numbers 26:45",""
"hege","1","single-use","hege","Esther 2:3",""
"helbah","1","single-use","helbah","Judges 1:31","Easton"
"helbon","1","single-use","helbon","Ezekiel 27:18","Easton"
"heleb","1","single-use","heleb","2 Samuel 23:29","Easton"
"helekites","1","single-use","helekites; helekite","Numbers 26:30",""
"heleph","1","single-use","heleph","Joshua 19:33","Easton"
"heli","1","single-use","heli","Luke 3:23","Easton"
"helkai","1","single-use","helkai","Nehemiah 12:15","Easton"
"helkathhazzurim","1","single-use","helkathhazzurim","2 Samuel 2:16","Easton"
"hemam","1","single-use","hemam","Genesis 36:22","Nave"
"hemdan","1","single-use","hemdan","Genesis 36:26","Nave"
"hepherites","1","single-use","hepherites; hepherite","Numbers 26:32",""
"herdman","1","single-use","herdman","Amos 7:14","KJV rare-term help"
"heresh","1","single-use","heresh","1 Chronicles 9:15",""
"heretick","1","single-use","heretick","Titus 3:10",""
"hermas","1","single-use","hermas; herma","Romans 16:14","Easton"
"hermes","1","single-use","hermes; herme","Romans 16:14","Easton; Nave"
"hermogenes","1","single-use","hermogenes; hermogene","2 Timothy 1:15","Easton; Nave"
"hermonites","1","single-use","hermonites; hermonite","Psalms 42:6",""
"herodion","1","single-use","herodion","Romans 16:11","Easton"
"hesed","1","single-use","hesed; hes; hese","1 Kings 4:10","Nave"
"heshmon","1","single-use","heshmon","Joshua 15:27","Easton"
"hezeki","1","single-use","hezeki","1 Chronicles 8:17",""
"hezion","1","single-use","hezion","1 Kings 15:18","Easton"
"hezrai","1","single-use","hezrai","2 Samuel 23:35","Nave"
"hezro","1","single-use","hezro","1 Chronicles 11:37","Easton"
"hiddai","1","single-use","hiddai","2 Samuel 23:30","Easton"
"hiel","1","single-use","hiel","1 Kings 16:34","Easton"
"hierapolis","1","single-use","hierapolis; hierapoli","Colossians 4:13","Easton; Nave"
"higgaion","1","single-use","higgaion","Psalms 9:16","Easton; Nave"
"hilen","1","single-use","hilen","1 Chronicles 6:58",""
"hizkiah","1","single-use","hizkiah","Zephaniah 1:1","Easton"
"hizkijah","1","single-use","hizkijah","Nehemiah 10:17","Easton; Nave"
"hobah","1","single-use","hobah","Genesis 14:15","Easton; Nave"
"hodaiah","1","single-use","hodaiah","1 Chronicles 3:24","Nave"
"hodesh","1","single-use","hodesh","1 Chronicles 8:9","Nave"
"hodevah","1","single-use","hodevah","Nehemiah 7:43","Nave"
"hodiah","1","single-use","hodiah","1 Chronicles 4:19","Nave"
"hoham","1","single-use","hoham","Joshua 10:3","Easton; Nave"
"hoised","1","single-use","hoised; hois; hoise","Acts 27:40",""
"holier","1","single-use","holier","Isaiah 65:5",""
"homam","1","single-use","homam","1 Chronicles 1:39","Nave"
"horam","1","single-use","horam","Joshua 10:33","Nave"
"horem","1","single-use","horem","Joshua 19:38","Easton; Nave"
"horite","1","single-use","horite","Genesis 36:20",""
"horsehoofs","1","single-use","horsehoofs; horsehoof; horsehoofe","Judges 5:22",""
"horseleach","1","single-use","horseleach","Proverbs 30:15",""
"hosen","1","single-use","hosen","Daniel 3:21",""
"hoshama","1","single-use","hoshama","1 Chronicles 3:18","Nave"
"hotham","1","single-use","hotham","1 Chronicles 7:32","Nave"
"hothan","1","single-use","hothan","1 Chronicles 11:44","Nave"
"hottest","1","single-use","hottest; hott; hotte","2 Samuel 11:15",""
"huge","1","single-use","huge","2 Chronicles 16:8",""
"hukkok","1","single-use","hukkok","Joshua 19:34","Easton; Nave"
"hukok","1","single-use","hukok","1 Chronicles 6:75",""
"humtah","1","single-use","humtah","Joshua 15:54","Nave"
"hungerbitten","1","single-use","hungerbitten","Job 18:12",""
"hupham","1","single-use","hupham","Numbers 26:39","Nave"
"huphamites","1","single-use","huphamites; huphamite","Numbers 26:39",""
"huppah","1","single-use","huppah","1 Chronicles 24:13","Nave"
"hurai","1","single-use","hurai","1 Chronicles 11:32","Easton; Nave"
"huri","1","single-use","huri","1 Chronicles 5:14",""
"hushah","1","single-use","hushah","1 Chronicles 4:4",""
"huz","1","single-use","huz","Genesis 22:21",""
"huzzab","1","single-use","huzzab","Nahum 2:7","Nave"
"ibneiah","1","single-use","ibneiah","1 Chronicles 9:8",""
"ibnijah","1","single-use","ibnijah","1 Chronicles 9:8","Nave"
"ibri","1","single-use","ibri","1 Chronicles 24:27","Nave"
"idalah","1","single-use","idalah","Joshua 19:15","Easton"
"idbash","1","single-use","idbash","1 Chronicles 4:3",""
"idolatrous","1","single-use","idolatrous; idolatrou","2 Kings 23:5",""
"idumaea","1","single-use","idumaea","Mark 3:8","Easton"
"igdaliah","1","single-use","igdaliah","Jeremiah 35:4",""
"igeal","1","single-use","igeal","1 Chronicles 3:22","Nave"
"ilai","1","single-use","ilai","1 Chronicles 11:29","Easton"
"illyricum","1","single-use","illyricum","Romans 15:19","Easton"
"imagery","1","single-use","imagery","Ezekiel 8:12","Easton"
"imna","1","single-use","imna","1 Chronicles 7:35","Nave"
"imrah","1","single-use","imrah","1 Chronicles 7:36","Nave"
"incredible","1","single-use","incredible","Acts 26:8",""
"inscription","1","single-use","inscription","Acts 17:23",""
"instructer","1","single-use","instructer","Genesis 4:22",""
"instructor","1","single-use","instructor","Romans 2:20",""
"instructors","1","single-use","instructors; instructor; instructore","1 Corinthians 4:15","KJV rare-term help"
"intreaties","1","single-use","intreaties; intreaty; intreatye; intreatie","Proverbs 18:23",""
"intreaty","1","single-use","intreaty","2 Corinthians 8:4",""
"iphedeiah","1","single-use","iphedeiah","1 Chronicles 8:25","Easton; Nave"
"iri","1","single-use","iri","1 Chronicles 7:7",""
"irnahash","1","single-use","irnahash; nahash","1 Chronicles 4:12","Easton; Nave"
"irpeel","1","single-use","irpeel","Joshua 18:27","Nave"
"irshemesh","1","single-use","irshemesh","Joshua 19:41","Nave"
"iru","1","single-use","iru","1 Chronicles 4:15","Nave"
"iscah","1","single-use","iscah","Genesis 11:29","Easton; Nave"
"ishbah","1","single-use","ishbah","1 Chronicles 4:17","Nave"
"ishbibenob","1","single-use","ishbibenob","2 Samuel 21:16","Easton"
"ishiah","1","single-use","ishiah","1 Chronicles 7:3","Nave"
"ishijah","1","single-use","ishijah","Ezra 10:31","Nave"
"ishma","1","single-use","ishma","1 Chronicles 4:3","Nave"
"ishmaelite","1","single-use","ishmaelite","1 Chronicles 27:30",""
"ishmaiah","1","single-use","ishmaiah","1 Chronicles 27:19","Easton"
"ishmeelite","1","single-use","ishmeelite","1 Chronicles 2:17",""
"ishmerai","1","single-use","ishmerai","1 Chronicles 8:18",""
"ishod","1","single-use","ishod","1 Chronicles 7:18",""
"ishpan","1","single-use","ishpan","1 Chronicles 8:22","Nave"
"ishuah","1","single-use","ishuah","Genesis 46:17",""
"ishuai","1","single-use","ishuai","1 Chronicles 7:30",""
"ishui","1","single-use","ishui","1 Samuel 14:49","Nave"
"ismachiah","1","single-use","ismachiah","2 Chronicles 31:13","Nave"
"ismaiah","1","single-use","ismaiah","1 Chronicles 12:4",""
"ispah","1","single-use","ispah","1 Chronicles 8:16","Nave"
"isuah","1","single-use","isuah","1 Chronicles 7:30",""
"isui","1","single-use","isui","Genesis 46:17",""
"ithai","1","single-use","ithai","1 Chronicles 11:31","Nave"
"ithmah","1","single-use","ithmah","1 Chronicles 11:46","Nave"
"ithnan","1","single-use","ithnan","Joshua 15:23","Nave"
"ithra","1","single-use","ithra","2 Samuel 17:25","Nave"
"ithrites","1","single-use","ithrites; ithrite","1 Chronicles 2:53","Easton; Nave"
"its","1","single-use","its","Leviticus 25:5",""
"ittahkazin","1","single-use","ittahkazin","Joshua 19:13","KJV rare-term help"
"ituraea","1","single-use","ituraea","Luke 3:1","Easton"
"izehar","1","single-use","izehar","Numbers 3:19",""
"izeharites","1","single-use","izeharites; izeharite","Numbers 3:27",""
"izrahite","1","single-use","izrahite","1 Chronicles 27:8","Easton"
"izri","1","single-use","izri","1 Chronicles 25:11",""
"jaakan","1","single-use","jaakan","Deuteronomy 10:6","Easton; Nave"
"jaakobah","1","single-use","jaakobah","1 Chronicles 4:36","Easton; Nave"
"jaala","1","single-use","jaala","Nehemiah 7:58","Easton"
"jaalah","1","single-use","jaalah","Ezra 2:56",""
"jaanai","1","single-use","jaanai","1 Chronicles 5:12","Easton; Nave"
"jaareoregim","1","single-use","jaareoregim","2 Samuel 21:19","Easton; Nave"
"jaasau","1","single-use","jaasau","Ezra 10:37","Easton; Nave"
"jaasiel","1","single-use","jaasiel","1 Chronicles 27:21","Easton; Nave"
"jaaziel","1","single-use","jaaziel","1 Chronicles 15:18","Easton; Nave"
"jabal","1","single-use","jabal","Genesis 4:20","Easton"
"jabneh","1","single-use","jabneh","2 Chronicles 26:6","Easton; Nave"
"jachan","1","single-use","jachan","1 Chronicles 5:13","Easton; Nave"
"jachinites","1","single-use","jachinites; jachinite","Numbers 26:12",""
"jadau","1","single-use","jadau","Ezra 10:43",""
"jadon","1","single-use","jadon","Nehemiah 3:7","Easton"
"jagur","1","single-use","jagur","Joshua 15:21","Easton; Nave"
"jahaziah","1","single-use","jahaziah","Ezra 10:15",""
"jahdai","1","single-use","jahdai","1 Chronicles 2:47","Easton; Nave"
"jahdiel","1","single-use","jahdiel","1 Chronicles 5:24","Nave"
"jahdo","1","single-use","jahdo","1 Chronicles 5:14","Nave"
"jahleelites","1","single-use","jahleelites; jahleelite","Numbers 26:26",""
"jahmai","1","single-use","jahmai","1 Chronicles 7:2","Nave"
"jahzah","1","single-use","jahzah","1 Chronicles 6:78","Nave"
"jahzeelites","1","single-use","jahzeelites; jahzeelite","Numbers 26:48",""
"jahzerah","1","single-use","jahzerah","1 Chronicles 9:12","Easton"
"jahziel","1","single-use","jahziel","1 Chronicles 7:13","Nave"
"jailor","1","single-use","jailor","Acts 16:23",""
"jairite","1","single-use","jairite","2 Samuel 20:26",""
"jakan","1","single-use","jakan","1 Chronicles 1:42",""
"jakeh","1","single-use","jakeh","Proverbs 30:1","Easton; Nave"
"jalon","1","single-use","jalon","1 Chronicles 4:17","Easton; Nave"
"jambres","1","single-use","jambres; jambre","2 Timothy 3:8","Easton"
"jaminites","1","single-use","jaminites; jaminite","Numbers 26:12",""
"jamlech","1","single-use","jamlech","1 Chronicles 4:34","Nave"
"janna","1","single-use","janna","Luke 3:24","Nave"
"jannes","1","single-use","jannes; janne","2 Timothy 3:8","Easton; Nave"
"janoah","1","single-use","janoah","2 Kings 15:29","Easton"
"janum","1","single-use","janum","Joshua 15:53","Easton; Nave"
"japhleti","1","single-use","japhleti","Joshua 16:3",""
"japho","1","single-use","japho","Joshua 19:46","Easton; Nave"
"jaresiah","1","single-use","jaresiah","1 Chronicles 8:27","Nave"
"jaroah","1","single-use","jaroah","1 Chronicles 5:14","Nave"
"jashen","1","single-use","jashen","2 Samuel 23:32","Easton"
"jashubilehem","1","single-use","jashubilehem","1 Chronicles 4:22","Nave"
"jashubites","1","single-use","jashubites; jashubite","Numbers 26:24",""
"jasiel","1","single-use","jasiel","1 Chronicles 11:47","Nave"
"jathniel","1","single-use","jathniel","1 Chronicles 26:2","Nave"
"jaziz","1","single-use","jaziz","1 Chronicles 27:31",""
"jearim","1","single-use","jearim","Joshua 15:10","Easton"
"jeaterai","1","single-use","jeaterai","1 Chronicles 6:21","Nave"
"jeberechiah","1","single-use","jeberechiah","Isaiah 8:2","Nave"
"jecamiah","1","single-use","jecamiah","1 Chronicles 3:18","Nave"
"jecholiah","1","single-use","jecholiah","2 Kings 15:2","Nave"
"jecoliah","1","single-use","jecoliah","2 Chronicles 26:3","Easton"
"jedidah","1","single-use","jedidah","2 Kings 22:1","Nave"
"jedidiah","1","single-use","jedidiah","2 Samuel 12:25","Easton; Nave"
"jeezer","1","single-use","jeezer","Numbers 26:30",""
"jeezerites","1","single-use","jeezerites; jeezerite","Numbers 26:30",""
"jegarsahadutha","1","single-use","jegarsahadutha","Genesis 31:47","Easton; Nave"
"jehaleleel","1","single-use","jehaleleel","1 Chronicles 4:16","Easton; Nave"
"jehalelel","1","single-use","jehalelel","2 Chronicles 29:12","Nave"
"jehezekel","1","single-use","jehezekel","1 Chronicles 24:16","Nave"
"jehiah","1","single-use","jehiah","1 Chronicles 15:24","Nave"
"jehizkiah","1","single-use","jehizkiah","2 Chronicles 28:12","Easton; Nave"
"jehosheba","1","single-use","jehosheba","2 Kings 11:2","Easton; Nave"
"jehovahjireh","1","single-use","jehovahjireh","Genesis 22:14","Easton"
"jehovahnissi","1","single-use","jehovahnissi","Exodus 17:15","Easton; Nave"
"jehovahshalom","1","single-use","jehovahshalom","Judges 6:24","Easton; Nave"
"jehubbah","1","single-use","jehubbah","1 Chronicles 7:34","Nave"
"jehucal","1","single-use","jehucal","Jeremiah 37:3","Easton"
"jehud","1","single-use","jehud","Joshua 19:45","Nave"
"jehudijah","1","single-use","jehudijah","1 Chronicles 4:18",""
"jehush","1","single-use","jehush","1 Chronicles 8:39",""
"jekabzeel","1","single-use","jekabzeel","Nehemiah 11:25","Nave"
"jekuthiel","1","single-use","jekuthiel","1 Chronicles 4:18",""
"jemima","1","single-use","jemima","Job 42:14","Easton; Nave"
"jephthae","1","single-use","jephthae","Hebrews 11:32",""
"jeremai","1","single-use","jeremai","Ezra 10:33","Nave"
"jeremias","1","single-use","jeremias; jeremia","Matthew 16:14",""
"jeribai","1","single-use","jeribai","1 Chronicles 11:46","Nave"
"jeriel","1","single-use","jeriel","1 Chronicles 7:2",""
"jerijah","1","single-use","jerijah","1 Chronicles 26:31",""
"jerioth","1","single-use","jerioth","1 Chronicles 2:18","Nave"
"jerubbesheth","1","single-use","jerubbesheth; jerubbesh; jerubbeshe","2 Samuel 11:21","Easton"
"jeruel","1","single-use","jeruel","2 Chronicles 20:16","Easton; Nave"
"jerusha","1","single-use","jerusha","2 Kings 15:33","Easton"
"jerushah","1","single-use","jerushah","2 Chronicles 27:1",""
"jeshanah","1","single-use","jeshanah","2 Chronicles 13:19","Easton"
"jesharelah","1","single-use","jesharelah","1 Chronicles 25:14","Easton"
"jeshebeab","1","single-use","jeshebeab","1 Chronicles 24:13","Easton"
"jesher","1","single-use","jesher","1 Chronicles 2:18","Easton"
"jeshishai","1","single-use","jeshishai","1 Chronicles 5:14",""
"jeshohaiah","1","single-use","jeshohaiah","1 Chronicles 4:36",""
"jesimiel","1","single-use","jesimiel","1 Chronicles 4:36","Nave"
"jesui","1","single-use","jesui","Numbers 26:44","Nave"
"jesuites","1","single-use","jesuites; jesuite","Numbers 26:44",""
"jesurun","1","single-use","jesurun","Isaiah 44:2",""
"jethlah","1","single-use","jethlah","Joshua 19:42","Easton; Nave"
"jeuel","1","single-use","jeuel","1 Chronicles 9:6","Easton"
"jeuz","1","single-use","jeuz","1 Chronicles 8:10","Nave"
"jewish","1","single-use","jewish","Titus 1:14",""
"jezerites","1","single-use","jezerites; jezerite","Numbers 26:49",""
"jeziah","1","single-use","jeziah","Ezra 10:25",""
"jeziel","1","single-use","jeziel","1 Chronicles 12:3","Easton"
"jezliah","1","single-use","jezliah","1 Chronicles 8:18",""
"jezoar","1","single-use","jezoar","1 Chronicles 4:7","Nave"
"jezrahiah","1","single-use","jezrahiah","Nehemiah 12:42",""
"jibsam","1","single-use","jibsam","1 Chronicles 7:2","Nave"
"jidlaph","1","single-use","jidlaph","Genesis 22:22","Nave"
"jimna","1","single-use","jimna","Numbers 26:44",""
"jimnah","1","single-use","jimnah","Genesis 46:17","Nave"
"jimnites","1","single-use","jimnites; jimnite","Numbers 26:44",""
"jiphtah","1","single-use","jiphtah","Joshua 15:43","Nave"
"joahaz","1","single-use","joahaz","2 Chronicles 34:8","Easton; Nave"
"joed","1","single-use","joed","Nehemiah 11:7","Nave"
"joelah","1","single-use","joelah","1 Chronicles 12:7","Easton; Nave"
"joezer","1","single-use","joezer","1 Chronicles 12:6","Easton"
"jogli","1","single-use","jogli","Numbers 34:22",""
"jokdeam","1","single-use","jokdeam","Joshua 15:56","Easton; Nave"
"jokim","1","single-use","jokim","1 Chronicles 4:22","Easton; Nave"
"jokmeam","1","single-use","jokmeam","1 Chronicles 6:68","Easton; Nave"
"jona","1","single-use","jona","John 1:42",""
"jonan","1","single-use","jonan","Luke 3:30","Nave"
"jorah","1","single-use","jorah","Ezra 2:18","Nave"
"jorai","1","single-use","jorai","1 Chronicles 5:13","Nave"
"jorim","1","single-use","jorim","Luke 3:29",""
"jorkoam","1","single-use","jorkoam","1 Chronicles 2:44","Nave"
"josabad","1","single-use","josabad","1 Chronicles 12:4","Nave"
"jose","1","single-use","jose","Luke 3:29","Nave"
"joshah","1","single-use","joshah","1 Chronicles 4:34","Nave"
"joshaphat","1","single-use","joshaphat","1 Chronicles 11:43","Nave"
"joshaviah","1","single-use","joshaviah","1 Chronicles 11:46","Nave"
"josibiah","1","single-use","josibiah","1 Chronicles 4:35",""
"josiphiah","1","single-use","josiphiah","Ezra 8:10","Nave"
"jotbah","1","single-use","jotbah","2 Kings 21:19",""
"jotbath","1","single-use","jotbath","Deuteronomy 10:7",""
"jozachar","1","single-use","jozachar","2 Kings 12:21","Easton; Nave"
"jubal","1","single-use","jubal","Genesis 4:21","Easton; Nave"
"jucal","1","single-use","jucal","Jeremiah 38:1",""
"jude","1","single-use","jude","Jude 1:1","Easton"
"judea","1","single-use","judea","Ezra 5:8","Easton; Nave"
"judith","1","single-use","judith","Genesis 26:34","Easton; Nave"
"julia","1","single-use","julia","Romans 16:15","Easton; Nave"
"junia","1","single-use","junia","Romans 16:7","Easton; Nave"
"jushabhesed","1","single-use","jushabhesed; jushabhes; jushabhese","1 Chronicles 3:20","Nave"
"kadmonites","1","single-use","kadmonites; kadmonite","Genesis 15:19","Easton"
"kallai","1","single-use","kallai","Nehemiah 12:20",""
"karkaa","1","single-use","karkaa","Joshua 15:3","Easton; Nave"
"karkor","1","single-use","karkor","Judges 8:10","Easton; Nave"
"karnaim","1","single-use","karnaim","Genesis 14:5",""
"kartah","1","single-use","kartah","Joshua 21:34","Easton; Nave"
"kartan","1","single-use","kartan","Joshua 21:32","Easton"
"kattath","1","single-use","kattath","Joshua 19:15","Easton; Nave"
"kedeshnaphtali","1","single-use","kedeshnaphtali; kedesh","Judges 4:6","Easton; Nave"
"kelaiah","1","single-use","kelaiah","Ezra 10:23","Nave"
"kenan","1","single-use","kenan","1 Chronicles 1:2",""
"kenizzites","1","single-use","kenizzites; kenizzite","Genesis 15:19","Easton"
"kerenhappuch","1","single-use","kerenhappuch","Job 42:14","Easton; Nave"
"kezia","1","single-use","kezia","Job 42:14","Easton; Nave"
"keziz","1","single-use","keziz","Joshua 18:21","Easton; Nave"
"kibzaim","1","single-use","kibzaim","Joshua 21:22","Easton; Nave"
"kinah","1","single-use","kinah","Joshua 15:22","Easton; Nave"
"kirharaseth","1","single-use","kirharaseth; kirharas; kirharase","2 Kings 3:25","Easton"
"kirhareseth","1","single-use","kirhareseth; kirharaseth; kirhares; kirharese","Isaiah 16:7","Easton"
"kirharesh","1","single-use","kirharesh; kirharaseth","Isaiah 16:11","Easton"
"kirjath","1","single-use","kirjath","Joshua 18:28","Easton"
"kirjatharim","1","single-use","kirjatharim; kirjathjearim","Ezra 2:25","Easton; Nave"
"kirjathhuzoth","1","single-use","kirjathhuzoth","Numbers 22:39","Easton"
"kirjathsannah","1","single-use","kirjathsannah","Joshua 15:49","Easton; Nave"
"kishi","1","single-use","kishi","1 Chronicles 6:44","Nave"
"kishion","1","single-use","kishion","Joshua 19:20","Easton"
"kison","1","single-use","kison","Psalms 83:9",""
"kithlish","1","single-use","kithlish","Joshua 15:40","Easton; Nave"
"kitron","1","single-use","kitron","Judges 1:30","Easton; Nave"
"koa","1","single-use","koa","Ezekiel 23:23","Easton; Nave"
"korahite","1","single-use","korahite","1 Chronicles 9:31",""
"korahites","1","single-use","korahites; korahite","1 Chronicles 9:19","Easton"
"korathites","1","single-use","korathites; korathite","Numbers 26:58",""
"kushaiah","1","single-use","kushaiah","1 Chronicles 15:17",""
"laadah","1","single-use","laadah","1 Chronicles 4:21","Nave"
"lael","1","single-use","lael","Numbers 3:24",""
"lahad","1","single-use","lahad","1 Chronicles 4:2","Nave"
"lahmam","1","single-use","lahmam","Joshua 15:40","Nave"
"lahmi","1","single-use","lahmi","1 Chronicles 20:5","Nave"
"laidst","1","single-use","laidst","Psalms 66:11",""
"lakum","1","single-use","lakum","Joshua 19:33","Nave"
"lancets","1","single-use","lancets; lancet; lancete","1 Kings 18:28",""
"lapidoth","1","single-use","lapidoth","Judges 4:4","Easton; Nave"
"lasea","1","single-use","lasea","Acts 27:8","Nave"
"lasha","1","single-use","lasha","Genesis 10:19","Easton; Nave"
"lasharon","1","single-use","lasharon","Joshua 12:18",""
"lately","1","single-use","lately","Acts 18:2",""
"lebana","1","single-use","lebana","Nehemiah 7:48",""
"lebanah","1","single-use","lebanah","Ezra 2:45","Nave"
"lebaoth","1","single-use","lebaoth","Joshua 15:32","Nave"
"lebbaeus","1","single-use","lebbaeus; lebbaeu","Matthew 10:3","Easton"
"lebonah","1","single-use","lebonah","Judges 21:19","Easton"
"lecah","1","single-use","lecah","1 Chronicles 4:21",""
"letushim","1","single-use","letushim","Genesis 25:3","Nave"
"leummim","1","single-use","leummim","Genesis 25:3","Easton; Nave"
"lign","1","single-use","lign","Numbers 24:6",""
"likhi","1","single-use","likhi","1 Chronicles 7:19",""
"lineage","1","single-use","lineage","Luke 2:4","KJV rare-term help"
"linus","1","single-use","linus; linu","2 Timothy 4:21","Nave"
"lizard","1","single-use","lizard","Leviticus 11:30","Easton; Nave"
"loammi","1","single-use","loammi","Hosea 1:9","Easton; Nave"
"lois","1","single-use","lois; loi","2 Timothy 1:5","Easton; Nave"
"longwinged","1","single-use","longwinged; longwing; longwinge","Ezekiel 17:3",""
"lowring","1","single-use","lowring; lowr; lowre","Matthew 16:3",""
"lubim","1","single-use","lubim","Nahum 3:9",""
"lucas","1","single-use","lucas; luca","Philemon 1:24","Easton; Nave"
"lycia","1","single-use","lycia","Acts 27:5","Easton"
"lydians","1","single-use","lydians; lydian; lydiane","Jeremiah 46:9",""
"lysanias","1","single-use","lysanias; lysania","Luke 3:1","Easton"
"maachathi","1","single-use","maachathi","Deuteronomy 3:14",""
"maadai","1","single-use","maadai","Ezra 10:34","Nave"
"maadiah","1","single-use","maadiah","Nehemiah 12:5","Nave"
"maai","1","single-use","maai","Nehemiah 12:36","Nave"
"maalehacrabbim","1","single-use","maalehacrabbim","Joshua 15:3","Easton"
"maarath","1","single-use","maarath","Joshua 15:59","Easton; Nave"
"maasiai","1","single-use","maasiai","1 Chronicles 9:12","Easton"
"maath","1","single-use","maath","Luke 3:26","Easton; Nave"
"maaz","1","single-use","maaz","1 Chronicles 2:27",""
"macedonian","1","single-use","macedonian","Acts 27:2",""
"machbanai","1","single-use","machbanai","1 Chronicles 12:13","Easton"
"machbenah","1","single-use","machbenah","1 Chronicles 2:49",""
"machi","1","single-use","machi","Numbers 13:15","Nave"
"machirites","1","single-use","machirites; machirite","Numbers 26:29",""
"machnadebai","1","single-use","machnadebai","Ezra 10:40","Nave"
"madian","1","single-use","madian","Acts 7:29",""
"madmen","1","single-use","madmen","Jeremiah 48:2","Easton"
"madmenah","1","single-use","madmenah","Isaiah 10:31","Easton; Nave"
"magbish","1","single-use","magbish","Ezra 2:30",""
"magdala","1","single-use","magdala","Matthew 15:39","Easton; Nave"
"magician","1","single-use","magician","Daniel 2:10","Nave"
"magnifical","1","single-use","magnifical","1 Chronicles 22:5",""
"magnificence","1","single-use","magnificence","Acts 19:27",""
"magormissabib","1","single-use","magormissabib","Jeremiah 20:3","Easton; Nave"
"magpiash","1","single-use","magpiash","Nehemiah 10:20","Nave"
"mahalah","1","single-use","mahalah","1 Chronicles 7:18","Nave"
"mahali","1","single-use","mahali","Exodus 6:19",""
"mahanehdan","1","single-use","mahanehdan","Judges 18:12","Easton; Nave"
"mahavite","1","single-use","mahavite","1 Chronicles 11:46",""
"mahol","1","single-use","mahol","1 Kings 4:31","Easton; Nave"
"makaz","1","single-use","makaz","1 Kings 4:9","Nave"
"maktesh","1","single-use","maktesh","Zephaniah 1:11","Easton"
"malachi","1","single-use","malachi","Malachi 1:1","Easton; Nave"
"malchielites","1","single-use","malchielites; malchielite","Numbers 26:45",""
"malchiram","1","single-use","malchiram","1 Chronicles 3:18",""
"malchus","1","single-use","malchus; malchu","John 18:10","Easton; Nave"
"maleleel","1","single-use","maleleel","Luke 3:37",""
"malicious","1","single-use","malicious; maliciou","3 John 1:10",""
"manaen","1","single-use","manaen","Acts 13:1","Easton; Nave"
"maneh","1","single-use","maneh","Ezekiel 45:12","Easton; Nave"
"maoch","1","single-use","maoch","1 Samuel 27:2","Easton"
"maonites","1","single-use","maonites; maonite","Judges 10:12",""
"mara","1","single-use","mara","Ruth 1:20","Easton"
"maralah","1","single-use","maralah","Joshua 19:11","Easton; Nave"
"marketplaces","1","single-use","marketplaces; marketplace","Mark 12:38","Easton"
"maroth","1","single-use","maroth","Micah 1:12","Easton; Nave"
"marsena","1","single-use","marsena","Esther 1:14",""
"mashal","1","single-use","mashal","1 Chronicles 6:74","Easton; Nave"
"masterbuilder","1","single-use","masterbuilder","1 Corinthians 3:10",""
"mathusala","1","single-use","mathusala","Luke 3:37",""
"matri","1","single-use","matri","1 Samuel 10:21","Nave"
"mattatha","1","single-use","mattatha","Luke 3:31",""
"mattathah","1","single-use","mattathah","Ezra 10:33",""
"mazzaroth","1","single-use","mazzaroth","Job 38:32","Easton; Nave"
"mearah","1","single-use","mearah","Joshua 13:4","Easton"
"mebunnai","1","single-use","mebunnai","2 Samuel 23:27","Easton; Nave"
"mecherathite","1","single-use","mecherathite","1 Chronicles 11:36",""
"mede","1","single-use","mede","Daniel 11:1","Easton"
"median","1","single-use","median","Daniel 5:31",""
"megiddon","1","single-use","megiddon","Zechariah 12:11",""
"mehetabeel","1","single-use","mehetabeel","Nehemiah 6:10","Easton; Nave"
"mehir","1","single-use","mehir","1 Chronicles 4:11","Nave"
"mehuman","1","single-use","mehuman","Esther 1:10","Easton; Nave"
"mehunim","1","single-use","mehunim","Ezra 2:50","Nave"
"mehunims","1","single-use","mehunims; mehunim; mehunime","2 Chronicles 26:7","Easton; Nave"
"mejarkon","1","single-use","mejarkon","Joshua 19:46","Easton; Nave"
"mekonah","1","single-use","mekonah","Nehemiah 11:28","Easton; Nave"
"melatiah","1","single-use","melatiah","Nehemiah 3:7",""
"melchiah","1","single-use","melchiah","Jeremiah 21:1",""
"melchishua","1","single-use","melchishua","1 Samuel 14:49","Nave"
"melea","1","single-use","melea","Luke 3:31","Easton"
"melicu","1","single-use","melicu","Nehemiah 12:14",""
"melita","1","single-use","melita","Acts 28:1","Easton"
"memphis","1","single-use","memphis; memphi","Hosea 9:6","Easton; Nave"
"menan","1","single-use","menan","Luke 3:31",""
"menstealers","1","single-use","menstealers; menstealer; menstealere","1 Timothy 1:10",""
"meonenim","1","single-use","meonenim","Judges 9:37","Easton"
"meonothai","1","single-use","meonothai","1 Chronicles 4:14",""
"meraiah","1","single-use","meraiah","Nehemiah 12:12","Easton"
"merarites","1","single-use","merarites; merarite","Numbers 26:57","Easton"
"merathaim","1","single-use","merathaim","Jeremiah 50:21","Easton"
"mercurius","1","single-use","mercurius; mercuriu","Acts 14:12","Easton; Nave"
"meribahkadesh","1","single-use","meribahkadesh; meribah","Deuteronomy 32:51","Easton"
"merodach","1","single-use","merodach","Jeremiah 50:2","Easton"
"merodachbaladan","1","single-use","merodachbaladan","Isaiah 39:1","Easton"
"meroz","1","single-use","meroz","Judges 5:23","Easton"
"merryhearted","1","single-use","merryhearted; merryheart; merryhearte","Isaiah 24:7",""
"mesech","1","single-use","mesech","Psalms 120:5",""
"meshillemith","1","single-use","meshillemith","1 Chronicles 9:12",""
"meshobab","1","single-use","meshobab","1 Chronicles 4:34","Nave"
"meshullemeth","1","single-use","meshullemeth; meshullem; meshulleme","2 Kings 21:19","Easton"
"mesobaite","1","single-use","mesobaite","1 Chronicles 11:47",""
"methegammah","1","single-use","methegammah","2 Samuel 8:1","Easton; Nave"
"meunim","1","single-use","meunim","Nehemiah 7:52",""
"mibhar","1","single-use","mibhar","1 Chronicles 11:38","Easton"
"michri","1","single-use","michri","1 Chronicles 9:8","Easton"
"middin","1","single-use","middin","Joshua 15:61","Easton"
"midianite","1","single-use","midianite","Numbers 10:29","Easton"
"migdalel","1","single-use","migdalel","Joshua 19:38","Easton"
"migdalgad","1","single-use","migdalgad","Joshua 15:37","Easton; Nave"
"mightiest","1","single-use","mightiest; mighti","1 Chronicles 11:19",""
"milalai","1","single-use","milalai","Nehemiah 12:36",""
"miletum","1","single-use","miletum","2 Timothy 4:20",""
"millet","1","single-use","millet","Ezekiel 4:9","Easton"
"minni","1","single-use","minni","Jeremiah 51:27","Easton; Nave"
"minstrels","1","single-use","minstrels; minstrel; minstrele","Matthew 9:23","Easton"
"miphkad","1","single-use","miphkad","Nehemiah 3:31",""
"mirma","1","single-use","mirma","1 Chronicles 8:10","Nave"
"miscarrying","1","single-use","miscarrying; miscarry; miscarrye","Hosea 9:14","KJV rare-term help"
"misgab","1","single-use","misgab","Jeremiah 48:1","Easton; Nave"
"mishal","1","single-use","mishal","Joshua 21:30","Easton"
"misham","1","single-use","misham","1 Chronicles 8:12","Easton; Nave"
"misheal","1","single-use","misheal","Joshua 19:26","Easton"
"mishmannah","1","single-use","mishmannah","1 Chronicles 12:10","Easton"
"mishraites","1","single-use","mishraites; mishraite","1 Chronicles 2:53",""
"mispar","1","single-use","mispar","Ezra 2:2",""
"mispereth","1","single-use","mispereth; misper; mispere","Nehemiah 7:7","Nave"
"mithnite","1","single-use","mithnite","1 Chronicles 11:43",""
"mitylene","1","single-use","mitylene","Acts 20:14","Easton; Nave"
"mixt","1","single-use","mixt","Numbers 11:4",""
"mizar","1","single-use","mizar","Psalms 42:6","Easton; Nave"
"mnason","1","single-use","mnason","Acts 21:16","Easton; Nave"
"moabitish","1","single-use","moabitish","Ruth 2:6",""
"moadiah","1","single-use","moadiah","Nehemiah 12:17","Nave"
"molid","1","single-use","molid","1 Chronicles 2:29",""
"moreshethgath","1","single-use","moreshethgath","Micah 1:14","Easton"
"mosera","1","single-use","mosera","Deuteronomy 10:6","Easton; Nave"
"moveable","1","single-use","moveable","Proverbs 5:6",""
"mover","1","single-use","mover","Acts 24:5",""
"mown","1","single-use","mown","Psalms 72:6",""
"mozah","1","single-use","mozah","Joshua 18:26","Easton; Nave"
"multipliedst","1","single-use","multipliedst","Nehemiah 9:23",""
"muppim","1","single-use","muppim","Genesis 46:21","Nave"
"musicians","1","single-use","musicians; musician; musiciane","Revelation 18:22",""
"myra","1","single-use","myra","Acts 27:5","Easton; Nave"
"naam","1","single-use","naam","1 Chronicles 4:15","Easton; Nave"
"naamites","1","single-use","naamites; naamite","Numbers 26:40",""
"naarai","1","single-use","naarai","1 Chronicles 11:37","Easton; Nave"
"naaran","1","single-use","naaran","1 Chronicles 7:28","Easton; Nave"
"naarath","1","single-use","naarath","Joshua 16:7","Easton; Nave"
"naashon","1","single-use","naashon","Exodus 6:23",""
"nachon","1","single-use","nachon","2 Samuel 6:6","Easton"
"nagge","1","single-use","nagge","Luke 3:25","Easton"
"nahalal","1","single-use","nahalal","Joshua 21:35",""
"nahallal","1","single-use","nahallal","Joshua 19:15","Easton"
"nahalol","1","single-use","nahalol","Judges 1:30","Nave"
"naham","1","single-use","naham","1 Chronicles 4:19","Nave"
"nahamani","1","single-use","nahamani","Nehemiah 7:7","Nave"
"nahbi","1","single-use","nahbi","Numbers 13:14","Easton; Nave"
"nahum","1","single-use","nahum","Nahum 1:1","Easton; Nave"
"nain","1","single-use","nain","Luke 7:11","Easton; Nave"
"narrower","1","single-use","narrower","Isaiah 28:20",""
"nathanmelech","1","single-use","nathanmelech","2 Kings 23:11","Nave"
"naum","1","single-use","naum","Luke 3:25","Nave"
"neah","1","single-use","neah","Joshua 19:13","Easton"
"neapolis","1","single-use","neapolis; neapoli","Acts 16:11","Easton"
"nebai","1","single-use","nebai","Nehemiah 10:19",""
"neballat","1","single-use","neballat","Nehemiah 11:34","Easton"
"nebushasban","1","single-use","nebushasban","Jeremiah 39:13","Easton; Nave"
"nedabiah","1","single-use","nedabiah","1 Chronicles 3:18","Easton"
"nehum","1","single-use","nehum","Nehemiah 7:7","Nave"
"nehushta","1","single-use","nehushta","2 Kings 24:8","Easton; Nave"
"nehushtan","1","single-use","nehushtan","2 Kings 18:4","Easton; Nave"
"neiel","1","single-use","neiel","Joshua 19:27","Easton; Nave"
"neighings","1","single-use","neighings; neighing; neighinge","Jeremiah 13:27",""
"nekeb","1","single-use","nekeb","Joshua 19:33","Easton; Nave"
"nemuelites","1","single-use","nemuelites; nemuelite","Numbers 26:12",""
"nephish","1","single-use","nephish","1 Chronicles 5:19",""
"nephishesim","1","single-use","nephishesim","Nehemiah 7:52",""
"nephusim","1","single-use","nephusim","Ezra 2:50",""
"nepthalim","1","single-use","nepthalim; naphtali","Revelation 7:6","Easton; Nave"
"nereus","1","single-use","nereus; nereu","Romans 16:15","Easton; Nave"
"nergal","1","single-use","nergal","2 Kings 17:30","Easton; Nave"
"neri","1","single-use","neri","Luke 3:27","Nave"
"netophathi","1","single-use","netophathi","Nehemiah 12:28",""
"newborn","1","single-use","newborn","1 Peter 2:2",""
"nezib","1","single-use","nezib","Joshua 15:43","Easton; Nave"
"nibhaz","1","single-use","nibhaz","2 Kings 17:31","Easton; Nave"
"nibshan","1","single-use","nibshan","Joshua 15:62","Easton; Nave"
"nicanor","1","single-use","nicanor","Acts 6:5","Easton; Nave"
"nicolas","1","single-use","nicolas; nicola","Acts 6:5","Easton; Nave"
"nicopolis","1","single-use","nicopolis; nicopoli","Titus 3:12","Easton; Nave"
"niger","1","single-use","niger","Acts 13:1","Easton; Nave"
"nimrah","1","single-use","nimrah","Numbers 32:3","Easton"
"nineve","1","single-use","nineve","Luke 11:32",""
"ninevites","1","single-use","ninevites; ninevite","Luke 11:30",""
"nodab","1","single-use","nodab","1 Chronicles 5:19","Easton"
"nohah","1","single-use","nohah","1 Chronicles 8:2",""
"nophah","1","single-use","nophah","Numbers 21:30","Easton; Nave"
"nourisher","1","single-use","nourisher","Ruth 4:15",""
"oar","1","single-use","oar","Ezekiel 27:29","Nave"
"obal","1","single-use","obal","Genesis 10:28","Easton; Nave"
"obil","1","single-use","obil","1 Chronicles 27:30","Easton; Nave"
"obscure","1","single-use","obscure","Proverbs 20:20",""
"observation","1","single-use","observation","Luke 17:20",""
"occupieth","1","single-use","occupieth; occupi","1 Corinthians 14:16",""
"oftener","1","single-use","oftener","Acts 24:26",""
"ohel","1","single-use","ohel","1 Chronicles 3:20","Easton"
"olympas","1","single-use","olympas; olympa","Romans 16:15","Easton; Nave"
"ophni","1","single-use","ophni","Joshua 18:24","Easton; Nave"
"oppositions","1","single-use","oppositions; opposition; oppositione","1 Timothy 6:20",""
"oren","1","single-use","oren","1 Chronicles 2:25","Easton"
"osee","1","single-use","osee","Romans 9:25","Nave"
"othni","1","single-use","othni","1 Chronicles 26:7","Easton; Nave"
"overplus","1","single-use","overplus; overplu","Leviticus 25:27",""
"overran","1","single-use","overran","2 Samuel 18:23",""
"ozni","1","single-use","ozni","Numbers 26:16","Easton; Nave"
"oznites","1","single-use","oznites; oznite","Numbers 26:16",""
"paarai","1","single-use","paarai","2 Samuel 23:35","Easton; Nave"
"padan","1","single-use","padan","Genesis 48:7","Easton"
"pai","1","single-use","pai","1 Chronicles 1:50","Nave"
"palal","1","single-use","palal","Nehemiah 3:25","Nave"
"palestine","1","single-use","palestine","Joel 3:4","Easton"
"palluites","1","single-use","palluites; palluite","Numbers 26:5",""
"palti","1","single-use","palti","Numbers 13:9","Easton; Nave"
"paltiel","1","single-use","paltiel","Numbers 34:26","Easton; Nave"
"paltite","1","single-use","paltite","2 Samuel 23:26","Easton"
"pannag","1","single-use","pannag","Ezekiel 27:17","Easton"
"parah","1","single-use","parah","Joshua 18:23","Easton; Nave"
"paramours","1","single-use","paramours; paramour; paramoure","Ezekiel 23:20",""
"parlours","1","single-use","parlours; parlour; parloure","1 Chronicles 28:11","Easton"
"parmashta","1","single-use","parmashta","Esther 9:9","Easton; Nave"
"parmenas","1","single-use","parmenas; parmena","Acts 6:5","Easton; Nave"
"parnach","1","single-use","parnach","Numbers 34:25","Nave"
"parshandatha","1","single-use","parshandatha","Esther 9:7","Easton"
"parthians","1","single-use","parthians; parthian; parthiane","Acts 2:9","Easton; Nave"
"parties","1","single-use","parties; party; partye; partie","Exodus 22:9",""
"paruah","1","single-use","paruah","1 Kings 4:17","Easton; Nave"
"parvaim","1","single-use","parvaim","2 Chronicles 3:6","Easton; Nave"
"pasach","1","single-use","pasach","1 Chronicles 7:33","Easton; Nave"
"pasdammim","1","single-use","pasdammim","1 Chronicles 11:13","Easton; Nave"
"patara","1","single-use","patara","Acts 21:1","Easton"
"patmos","1","single-use","patmos; patmo","Revelation 1:9","Easton; Nave"
"patrobas","1","single-use","patrobas; patroba","Romans 16:14","Easton"
"pau","1","single-use","pau","Genesis 36:39","Easton; Nave"
"paulus","1","single-use","paulus; paulu","Acts 13:7",""
"pedahel","1","single-use","pedahel","Numbers 34:28","Easton"
"pelaliah","1","single-use","pelaliah","Nehemiah 11:12",""
"peniel","1","single-use","peniel","Genesis 32:30",""
"perazim","1","single-use","perazim","Isaiah 28:21",""
"peres","1","single-use","peres; pere","Daniel 5:28","Easton"
"peresh","1","single-use","peresh","1 Chronicles 7:16",""
"perezuzza","1","single-use","perezuzza","1 Chronicles 13:11","Nave"
"perezuzzah","1","single-use","perezuzzah","2 Samuel 6:8","Easton"
"perida","1","single-use","perida","Nehemiah 7:57",""
"perilous","1","single-use","perilous; perilou","2 Timothy 3:1",""
"pernicious","1","single-use","pernicious; perniciou","2 Peter 2:2",""
"persis","1","single-use","persis; persi","Romans 16:12","Easton; Nave"
"peruda","1","single-use","peruda","Ezra 2:55","Easton; Nave"
"pestle","1","single-use","pestle","Proverbs 27:22",""
"pethuel","1","single-use","pethuel","Joel 1:1","Easton; Nave"
"peulthai","1","single-use","peulthai","1 Chronicles 26:5","Easton; Nave"
"phalec","1","single-use","phalec","Luke 3:35",""
"phallu","1","single-use","phallu","Genesis 46:9","Easton; Nave"
"phalti","1","single-use","phalti","1 Samuel 25:44","Easton; Nave"
"phaltiel","1","single-use","phaltiel","2 Samuel 3:15",""
"phanuel","1","single-use","phanuel","Luke 2:36","Easton"
"pharaohhophra","1","single-use","pharaohhophra; pharaoh","Jeremiah 44:30","Easton; Nave"
"pharaohnecho","1","single-use","pharaohnecho; pharaoh","Jeremiah 46:2","Easton; Nave"
"pharosh","1","single-use","pharosh","Ezra 8:3",""
"pharpar","1","single-use","pharpar","2 Kings 5:12","Easton; Nave"
"pharzites","1","single-use","pharzites; pharzite","Numbers 26:20",""
"phaseah","1","single-use","phaseah","Nehemiah 7:51","Nave"
"phebe","1","single-use","phebe","Romans 16:1","Easton; Nave"
"phenicia","1","single-use","phenicia","Acts 21:2","Easton; Nave"
"philemon","1","single-use","philemon","Philemon 1:1","Easton; Nave"
"philetus","1","single-use","philetus; philetu","2 Timothy 2:17","Easton; Nave"
"philippians","1","single-use","philippians; philippian; philippiane","Philippians 4:15","Easton"
"philistim","1","single-use","philistim","Genesis 10:14",""
"philologus","1","single-use","philologus; philologu","Romans 16:15","Nave"
"phlegon","1","single-use","phlegon","Romans 16:14","Easton; Nave"
"phuvah","1","single-use","phuvah","Genesis 46:13","Nave"
"phygellus","1","single-use","phygellus; phygellu","2 Timothy 1:15","Easton; Nave"
"pibeseth","1","single-use","pibeseth; pibes; pibese","Ezekiel 30:17","Easton; Nave"
"pildash","1","single-use","pildash","Genesis 22:22",""
"pileha","1","single-use","pileha","Nehemiah 10:24","Nave"
"piltai","1","single-use","piltai","Nehemiah 12:17",""
"pipers","1","single-use","pipers; piper; pipere","Revelation 18:22",""
"piram","1","single-use","piram","Joshua 10:3","Easton; Nave"
"pirathon","1","single-use","pirathon","Judges 12:15","Easton"
"pison","1","single-use","pison","Genesis 2:11","Easton"
"pispah","1","single-use","pispah","1 Chronicles 7:38",""
"pithom","1","single-use","pithom","Exodus 1:11","Easton"
"plainness","1","single-use","plainness; plainnes; plainnese","2 Corinthians 3:12",""
"plotteth","1","single-use","plotteth; plott; plotte","Psalms 37:12",""
"pluckt","1","single-use","pluckt","Genesis 8:11",""
"plunge","1","single-use","plunge","Job 9:31",""
"poets","1","single-use","poets; poet; poete","Acts 17:28","Nave"
"policy","1","single-use","policy","Daniel 8:25","Nave"
"poorer","1","single-use","poorer","Leviticus 27:8",""
"poratha","1","single-use","poratha","Esther 9:8","Nave"
"porcius","1","single-use","porcius; porciu","Acts 24:27",""
"praetorium","1","single-use","praetorium","Mark 15:16","Easton"
"pransing","1","single-use","pransing; prans; pranse","Nahum 3:2",""
"presbytery","1","single-use","presbytery","1 Timothy 4:14",""
"pressfat","1","single-use","pressfat","Haggai 2:16",""
"prisca","1","single-use","prisca","2 Timothy 4:19","Nave"
"prochorus","1","single-use","prochorus; prochoru","Acts 6:5","Nave"
"profaneness","1","single-use","profaneness; profanenes; profanenese","Jeremiah 23:15",""
"progenitors","1","single-use","progenitors; progenitor; progenitore","Genesis 49:26",""
"psalmist","1","single-use","psalmist","2 Samuel 23:1",""
"ptolemais","1","single-use","ptolemais; ptolemai","Acts 21:7","Easton"
"pua","1","single-use","pua","Numbers 26:23",""
"publick","1","single-use","publick","Matthew 1:19",""
"pudens","1","single-use","pudens; puden; pudene","2 Timothy 4:21","Easton; Nave"
"puhites","1","single-use","puhites; puhite","1 Chronicles 2:53",""
"pulpit","1","single-use","pulpit","Nehemiah 8:4","Nave"
"punites","1","single-use","punites; punite","Numbers 26:23",""
"puteoli","1","single-use","puteoli","Acts 28:13","Easton; Nave"
"putiel","1","single-use","putiel","Exodus 6:25","Nave"
"putrifying","1","single-use","putrifying; putrify; putrifye","Isaiah 1:6",""
"pygarg","1","single-use","pygarg","Deuteronomy 14:5","Easton; Nave"
"quantity","1","single-use","quantity","Isaiah 22:24",""
"quartus","1","single-use","quartus; quartu","Romans 16:23","Easton; Nave"
"raamiah","1","single-use","raamiah","Nehemiah 7:7","Easton; Nave"
"raamses","1","single-use","raamses; raams; raamse","Exodus 1:11",""
"rabbith","1","single-use","rabbith","Joshua 19:20",""
"rabboni","1","single-use","rabboni","John 20:16","Easton"
"rachab","1","single-use","rachab","Matthew 1:5","Easton"
"rachal","1","single-use","rachal","1 Samuel 30:29","Easton"
"raddai","1","single-use","raddai","1 Chronicles 2:14","Nave"
"ragau","1","single-use","ragau","Luke 3:35",""
"raguel","1","single-use","raguel","Numbers 10:29","Easton; Nave"
"raham","1","single-use","raham","1 Chronicles 2:44","Easton; Nave"
"rahel","1","single-use","rahel","Jeremiah 31:15",""
"rainy","1","single-use","rainy","Proverbs 27:15",""
"rakem","1","single-use","rakem","1 Chronicles 7:16","Nave"
"rakkath","1","single-use","rakkath","Joshua 19:35","Easton; Nave"
"rakkon","1","single-use","rakkon","Joshua 19:46","Easton"
"rama","1","single-use","rama","Matthew 2:18","Easton; Nave"
"ramath","1","single-use","ramath","Joshua 19:8","Nave"
"ramathaimzophim","1","single-use","ramathaimzophim","1 Samuel 1:1","Easton"
"ramathite","1","single-use","ramathite","1 Chronicles 27:27","Easton"
"ramathlehi","1","single-use","ramathlehi","Judges 15:17","Easton"
"ramathmizpeh","1","single-use","ramathmizpeh","Joshua 13:26","Easton; Nave"
"ramiah","1","single-use","ramiah","Ezra 10:25","Nave"
"raphu","1","single-use","raphu","Numbers 13:9","Easton; Nave"
"rare","1","single-use","rare","Daniel 2:11","KJV rare-term help"
"reaia","1","single-use","reaia","1 Chronicles 5:5",""
"rebecca","1","single-use","rebecca; rebekah","Romans 9:10","Easton"
"rechah","1","single-use","rechah","1 Chronicles 4:12",""
"reelaiah","1","single-use","reelaiah","Ezra 2:2","Nave"
"regem","1","single-use","regem","1 Chronicles 2:47","Nave"
"regemmelech","1","single-use","regemmelech","Zechariah 7:2","Easton"
"rei","1","single-use","rei","1 Kings 1:8","Easton; Nave"
"remeth","1","single-use","remeth; rem; reme","Joshua 19:21","Easton"
"remmon","1","single-use","remmon","Joshua 19:7",""
"remmonmethoar","1","single-use","remmonmethoar","Joshua 19:13","Easton; Nave"
"remphan","1","single-use","remphan","Acts 7:43","Easton"
"repetitions","1","single-use","repetitions; repetition; repetitione","Matthew 6:7","Nave"
"rephael","1","single-use","rephael","1 Chronicles 26:7","Easton; Nave"
"rephah","1","single-use","rephah","1 Chronicles 7:25","Nave"
"repliest","1","single-use","repliest; repli","Romans 9:20",""
"resemblance","1","single-use","resemblance","Zechariah 5:6",""
"resen","1","single-use","resen","Genesis 10:12","Easton"
"resheph","1","single-use","resheph","1 Chronicles 7:25",""
"restingplace","1","single-use","restingplace","Jeremiah 50:6",""
"restrainest","1","single-use","restrainest; restrain; restraine","Job 15:4",""
"reubenite","1","single-use","reubenite","1 Chronicles 11:42",""
"reumah","1","single-use","reumah","Genesis 22:24","Nave"
"reverend","1","single-use","reverend","Psalms 111:9",""
"revolting","1","single-use","revolting; revolt; revolte","Jeremiah 5:23","Nave"
"rezia","1","single-use","rezia","1 Chronicles 7:39","Nave"
"rezon","1","single-use","rezon","1 Kings 11:23","Easton; Nave"
"rhegium","1","single-use","rhegium","Acts 28:13","Easton; Nave"
"rhesa","1","single-use","rhesa","Luke 3:27","Easton"
"rhoda","1","single-use","rhoda","Acts 12:13","Easton; Nave"
"rhodes","1","single-use","rhodes; rhode","Acts 21:1","Easton; Nave"
"ribband","1","single-use","ribband","Numbers 15:38","Nave"
"richer","1","single-use","richer","Daniel 11:2",""
"ridges","1","single-use","ridges; ridge","Psalms 65:10",""
"rinnah","1","single-use","rinnah","1 Chronicles 4:20",""
"rites","1","single-use","rites; rite","Numbers 9:3",""
"road","1","single-use","road","1 Samuel 27:10","Easton"
"rohgah","1","single-use","rohgah","1 Chronicles 7:34","Nave"
"rosh","1","single-use","rosh","Genesis 46:21","Easton; Nave"
"ruhamah","1","single-use","ruhamah","Hosea 2:1","Easton; Nave"
"rumah","1","single-use","rumah","2 Kings 23:36","Easton; Nave"
"runnest","1","single-use","runnest; runn; runne","Proverbs 4:12",""
"sabta","1","single-use","sabta","1 Chronicles 1:9",""
"sabtah","1","single-use","sabtah","Genesis 10:7","Easton"
"sackclothes","1","single-use","sackclothes; sackclothe","Nehemiah 9:1",""
"sacrilege","1","single-use","sacrilege","Romans 2:22","Nave"
"sala","1","single-use","sala","Luke 3:35","Easton"
"salamis","1","single-use","salamis; salami","Acts 13:5","Easton; Nave"
"salim","1","single-use","salim","John 3:23","Easton; Nave"
"salmone","1","single-use","salmone","Acts 27:7","Easton; Nave"
"saltness","1","single-use","saltness; saltnes; saltnese","Mark 9:50",""
"salu","1","single-use","salu","Numbers 25:14",""
"samgarnebo","1","single-use","samgarnebo","Jeremiah 39:3","Easton"
"samos","1","single-use","samos; samo","Acts 20:15","Easton; Nave"
"samothracia","1","single-use","samothracia","Acts 16:11","Easton"
"sansannah","1","single-use","sansannah","Joshua 15:31","Easton; Nave"
"saph","1","single-use","saph","2 Samuel 21:18","Easton; Nave"
"saphir","1","single-use","saphir","Micah 1:11","Easton"
"sapphira","1","single-use","sapphira","Acts 5:1","Easton; Nave"
"saraph","1","single-use","saraph","1 Chronicles 4:22","Nave"
"sardine","1","single-use","sardine","Revelation 4:3",""
"sardites","1","single-use","sardites; sardite","Numbers 26:26","Nave"
"sarepta","1","single-use","sarepta","Luke 4:26",""
"sargon","1","single-use","sargon","Isaiah 20:1","Easton"
"saron","1","single-use","saron","Acts 9:35",""
"sarsechim","1","single-use","sarsechim","Jeremiah 39:3","Nave"
"saruch","1","single-use","saruch","Luke 3:35",""
"satisfiest","1","single-use","satisfiest; satisfi","Psalms 145:16",""
"savours","1","single-use","savours; savour; savoure","Ezra 6:10",""
"sawn","1","single-use","sawn","Hebrews 11:37",""
"sceptres","1","single-use","sceptres; sceptre","Ezekiel 19:11","Easton"
"sceva","1","single-use","sceva","Acts 19:14","Easton"
"seatward","1","single-use","seatward","Exodus 37:9",""
"sebat","1","single-use","sebat","Zechariah 1:7","Easton; Nave"
"secacah","1","single-use","secacah","Joshua 15:61","Easton"
"sechu","1","single-use","sechu","1 Samuel 19:22","Easton"
"secundus","1","single-use","secundus; secundu","Acts 20:4","Easton; Nave"
"seditions","1","single-use","seditions; sedition; seditione","Galatians 5:20","Nave"
"seirath","1","single-use","seirath","Judges 3:26","Easton; Nave"
"sela","1","single-use","sela","Isaiah 16:1","Easton; Nave"
"selahammahlekoth","1","single-use","selahammahlekoth","1 Samuel 23:28","Easton"
"seleucia","1","single-use","seleucia","Acts 13:4","Easton; Nave"
"sem","1","single-use","sem","Luke 3:36",""
"semachiah","1","single-use","semachiah","1 Chronicles 26:7","Nave"
"semei","1","single-use","semei","Luke 3:26","Easton; Nave"
"seneh","1","single-use","seneh","1 Samuel 14:4","Easton; Nave"
"sense","1","single-use","sense","Nehemiah 8:8",""
"senses","1","single-use","senses; sens; sense","Hebrews 5:14",""
"senuah","1","single-use","senuah","Nehemiah 11:9","Nave"
"seorim","1","single-use","seorim","1 Chronicles 24:8","Easton; Nave"
"sephar","1","single-use","sephar","Genesis 10:30","Easton; Nave"
"sepharad","1","single-use","sepharad","Obadiah 1:20","Easton; Nave"
"sepharvites","1","single-use","sepharvites; sepharvite","2 Kings 17:31","Nave"
"sergius","1","single-use","sergius; sergiu","Acts 13:7",""
"sethur","1","single-use","sethur","Numbers 13:13","Easton; Nave"
"shaalabbin","1","single-use","shaalabbin","Joshua 19:42","Easton; Nave"
"shaashgaz","1","single-use","shaashgaz","Esther 2:14","Easton; Nave"
"shachia","1","single-use","shachia","1 Chronicles 8:10","Nave"
"shage","1","single-use","shage","1 Chronicles 11:34","Nave"
"shaharaim","1","single-use","shaharaim","1 Chronicles 8:8","Nave"
"shahazimah","1","single-use","shahazimah","Joshua 19:22","Nave"
"shalem","1","single-use","shalem","Genesis 33:18","Easton; Nave"
"shalim","1","single-use","shalim","1 Samuel 9:4","Nave"
"shalisha","1","single-use","shalisha","1 Samuel 9:4","Nave"
"shallecheth","1","single-use","shallecheth; shallech; shalleche","1 Chronicles 26:16","Nave"
"shallun","1","single-use","shallun","Nehemiah 3:15","Nave"
"shalman","1","single-use","shalman","Hosea 10:14","Easton; Nave"
"shama","1","single-use","shama","1 Chronicles 11:44","Nave"
"shamariah","1","single-use","shamariah","2 Chronicles 11:19","Nave"
"shamhuth","1","single-use","shamhuth","1 Chronicles 27:8","Nave"
"shamma","1","single-use","shamma","1 Chronicles 7:37","Nave"
"shammoth","1","single-use","shammoth","1 Chronicles 11:27","Nave"
"shamsherai","1","single-use","shamsherai","1 Chronicles 8:26","Nave"
"shapen","1","single-use","shapen","Psalms 51:5",""
"shapham","1","single-use","shapham","1 Chronicles 5:12","Nave"
"sharai","1","single-use","sharai","Ezra 10:40","Nave"
"sharaim","1","single-use","sharaim","Joshua 15:36","Easton; Nave"
"sharar","1","single-use","sharar","2 Samuel 23:33","Nave"
"sharonite","1","single-use","sharonite","1 Chronicles 27:29",""
"sharuhen","1","single-use","sharuhen","Joshua 19:6",""
"shashai","1","single-use","shashai","Ezra 10:40","Nave"
"shaulites","1","single-use","shaulites; shaulite","Numbers 26:13",""
"shavsha","1","single-use","shavsha","1 Chronicles 18:16","Easton; Nave"
"sheal","1","single-use","sheal","Ezra 10:29",""
"shearjashub","1","single-use","shearjashub","Isaiah 7:3","Easton"
"shebah","1","single-use","shebah","Genesis 26:33","Nave"
"shebam","1","single-use","shebam","Numbers 32:3",""
"shebarim","1","single-use","shebarim","Joshua 7:5","Easton"
"sheber","1","single-use","sheber","1 Chronicles 2:48",""
"shechemites","1","single-use","shechemites; shechemite","Numbers 26:31","Nave"
"shedder","1","single-use","shedder","Ezekiel 18:10",""
"sheepcotes","1","single-use","sheepcotes; sheepcote","1 Samuel 24:3",""
"sheepfold","1","single-use","sheepfold","John 10:1","Easton"
"sheepmaster","1","single-use","sheepmaster","2 Kings 3:4",""
"sheepskins","1","single-use","sheepskins; sheepskin; sheepskine","Hebrews 11:37",""
"shehariah","1","single-use","shehariah","1 Chronicles 8:26","Nave"
"shelanites","1","single-use","shelanites; shelanite","Numbers 26:20","Nave"
"shelesh","1","single-use","shelesh","1 Chronicles 7:35","Nave"
"shelomi","1","single-use","shelomi","Numbers 34:27","Nave"
"shemaah","1","single-use","shemaah","1 Chronicles 12:3","Easton; Nave"
"shemeber","1","single-use","shemeber","Genesis 14:2","Easton"
"shemidah","1","single-use","shemidah","1 Chronicles 7:19",""
"shemidaites","1","single-use","shemidaites; shemidaite","Numbers 26:32",""
"sheminith","1","single-use","sheminith","1 Chronicles 15:21","Easton; Nave"
"shen","1","single-use","shen","1 Samuel 7:12","Easton"
"shenazar","1","single-use","shenazar","1 Chronicles 3:18","Nave"
"shephathiah","1","single-use","shephathiah","1 Chronicles 9:8",""
"shephi","1","single-use","shephi","1 Chronicles 1:40",""
"shepho","1","single-use","shepho","Genesis 36:23",""
"shephuphan","1","single-use","shephuphan","1 Chronicles 8:5","Nave"
"sherah","1","single-use","sherah","1 Chronicles 7:24",""
"sheresh","1","single-use","sheresh","1 Chronicles 7:16","Easton"
"sherezer","1","single-use","sherezer","Zechariah 7:2","Easton; Nave"
"shethar","1","single-use","shethar","Esther 1:14","Easton; Nave"
"shibboleth","1","single-use","shibboleth; shibbol; shibbole","Judges 12:6","Easton"
"shibmah","1","single-use","shibmah","Numbers 32:38","Easton; Nave"
"shicron","1","single-use","shicron","Joshua 15:11",""
"shigionoth","1","single-use","shigionoth","Habakkuk 3:1",""
"shihor","1","single-use","shihor","1 Chronicles 13:5","Easton"
"shihorlibnath","1","single-use","shihorlibnath","Joshua 19:26","Easton; Nave"
"shilhim","1","single-use","shilhim","Joshua 15:32","Easton; Nave"
"shillemites","1","single-use","shillemites; shillemite","Numbers 26:49",""
"shiloah","1","single-use","shiloah","Isaiah 8:6","Nave"
"shiloni","1","single-use","shiloni","Nehemiah 11:5","Nave"
"shilonites","1","single-use","shilonites; shilonite","1 Chronicles 9:5","Easton; Nave"
"shilshah","1","single-use","shilshah","1 Chronicles 7:37",""
"shimeam","1","single-use","shimeam","1 Chronicles 9:38","Nave"
"shimeathites","1","single-use","shimeathites; shimeathite","1 Chronicles 2:55","Nave"
"shimeon","1","single-use","shimeon","Ezra 10:31","Nave"
"shimhi","1","single-use","shimhi","1 Chronicles 8:21","Nave"
"shimi","1","single-use","shimi","Exodus 6:17","Nave"
"shimites","1","single-use","shimites; shimite","Numbers 3:21",""
"shimma","1","single-use","shimma","1 Chronicles 2:13","Nave"
"shimon","1","single-use","shimon","1 Chronicles 4:20","Nave"
"shimrath","1","single-use","shimrath","1 Chronicles 8:21","Easton; Nave"
"shimrith","1","single-use","shimrith","2 Chronicles 24:26","Nave"
"shimronites","1","single-use","shimronites; shimronite","Numbers 26:24","Nave"
"shimronmeron","1","single-use","shimronmeron","Joshua 12:20","Easton; Nave"
"shinab","1","single-use","shinab","Genesis 14:2","Easton; Nave"
"shion","1","single-use","shion","Joshua 19:19",""
"shiphi","1","single-use","shiphi","1 Chronicles 4:37",""
"shiphmite","1","single-use","shiphmite","1 Chronicles 27:27","Easton"
"shiphrah","1","single-use","shiphrah","Exodus 1:15","Easton"
"shiphtan","1","single-use","shiphtan","Numbers 34:24","Easton; Nave"
"shisha","1","single-use","shisha","1 Kings 4:3",""
"shitrai","1","single-use","shitrai","1 Chronicles 27:29",""
"shiza","1","single-use","shiza","1 Chronicles 11:42",""
"shoa","1","single-use","shoa","Ezekiel 23:23","Easton; Nave"
"shobek","1","single-use","shobek","Nehemiah 10:24","Nave"
"shobi","1","single-use","shobi","2 Samuel 17:27","Easton; Nave"
"shocho","1","single-use","shocho","2 Chronicles 28:18","Easton; Nave"
"shoco","1","single-use","shoco","2 Chronicles 11:7","Nave"
"shoelatchet","1","single-use","shoelatchet","Genesis 14:23",""
"shoham","1","single-use","shoham","1 Chronicles 24:27",""
"shophan","1","single-use","shophan","Numbers 32:35","Easton"
"shuham","1","single-use","shuham","Numbers 26:42","Nave"
"shumathites","1","single-use","shumathites; shumathite","1 Chronicles 2:53",""
"shunites","1","single-use","shunites; shunite","Numbers 26:15",""
"shupham","1","single-use","shupham","Numbers 26:39","Nave"
"shuphamites","1","single-use","shuphamites; shuphamite","Numbers 26:39",""
"shuthalhites","1","single-use","shuthalhites; shuthalhite","Numbers 26:35",""
"sia","1","single-use","sia","Nehemiah 7:47",""
"siaha","1","single-use","siaha","Ezra 2:44","Nave"
"sibboleth","1","single-use","sibboleth; sibbol; sibbole","Judges 12:6",""
"sibraim","1","single-use","sibraim","Ezekiel 47:16",""
"sichem","1","single-use","sichem","Genesis 12:6",""
"sickly","1","single-use","sickly","1 Corinthians 11:30",""
"signification","1","single-use","signification","1 Corinthians 14:10",""
"signifieth","1","single-use","signifieth; signifi","Hebrews 12:27",""
"silla","1","single-use","silla","2 Kings 12:20","Easton; Nave"
"siloah","1","single-use","siloah","Nehemiah 3:15","Nave"
"silversmith","1","single-use","silversmith","Acts 19:24","Nave"
"simri","1","single-use","simri","1 Chronicles 26:10","Easton; Nave"
"sinim","1","single-use","sinim","Isaiah 49:12",""
"sinnest","1","single-use","sinnest; sinn; sinne","Job 35:6",""
"siphmoth","1","single-use","siphmoth","1 Samuel 30:28","Easton; Nave"
"sippai","1","single-use","sippai","1 Chronicles 20:4","Nave"
"sirah","1","single-use","sirah","2 Samuel 3:26","Easton"
"sith","1","single-use","sith","Ezekiel 35:6",""
"sitnah","1","single-use","sitnah","Genesis 26:21","Easton; Nave"
"sixtyfold","1","single-use","sixtyfold","Matthew 13:8",""
"skilfully","1","single-use","skilfully","Psalms 33:3",""
"skilfulness","1","single-use","skilfulness; skilfulnes; skilfulnese","Psalms 78:72",""
"skippedst","1","single-use","skippedst","Jeremiah 48:27",""
"slackness","1","single-use","slackness; slacknes; slacknese","2 Peter 3:9",""
"slandered","1","single-use","slandered; slander; slandere","2 Samuel 19:27","Nave"
"slanderers","1","single-use","slanderers; slanderer; slanderere","1 Timothy 3:11",""
"slanderest","1","single-use","slanderest; slander; slandere","Psalms 50:20","Nave"
"slandereth","1","single-use","slandereth; slander; slandere","Psalms 101:5","Nave"
"slanderously","1","single-use","slanderously; slander","Romans 3:8","Nave"
"slewest","1","single-use","slewest; slew; slewe","1 Samuel 21:9",""
"slidden","1","single-use","slidden","Jeremiah 8:5",""
"slingstones","1","single-use","slingstones; slingstone","Job 41:28",""
"sluices","1","single-use","sluices; sluice","Isaiah 19:10",""
"socho","1","single-use","socho","1 Chronicles 4:18","Easton"
"sochoh","1","single-use","sochoh","1 Kings 4:10",""
"sodi","1","single-use","sodi","Numbers 13:10","Nave"
"sodoma","1","single-use","sodoma","Romans 9:29","Easton"
"softer","1","single-use","softer","Psalms 55:21",""
"sopater","1","single-use","sopater","Acts 20:4","Easton; Nave"
"sorceress","1","single-use","sorceress; sorceres; sorcerese","Isaiah 57:3",""
"sorek","1","single-use","sorek","Judges 16:4","Easton; Nave"
"sorer","1","single-use","sorer","Hebrews 10:29",""
"sosipater","1","single-use","sosipater","Romans 16:21","Nave"
"spat","1","single-use","spat","John 9:6",""
"speakings","1","single-use","speakings; speaking; speakinge","1 Peter 2:1","Nave"
"spectacle","1","single-use","spectacle","1 Corinthians 4:9",""
"spindle","1","single-use","spindle","Proverbs 31:19","Nave"
"spued","1","single-use","spued; spu","Leviticus 18:28",""
"stachys","1","single-use","stachys; stachy; stachye","Romans 16:9","Easton; Nave"
"stacks","1","single-use","stacks; stack; stacke","Exodus 22:6",""
"stately","1","single-use","stately","Ezekiel 23:41",""
"stiffhearted","1","single-use","stiffhearted; stiffheart; stiffhearte","Ezekiel 2:4",""
"stoicks","1","single-use","stoicks; stoick; stoicke","Acts 17:18",""
"strangely","1","single-use","strangely","Deuteronomy 32:27",""
"stripling","1","single-use","stripling; stripl; striple","1 Samuel 17:56",""
"stript","1","single-use","stript","Genesis 37:23",""
"striven","1","single-use","striven","Jeremiah 50:24",""
"strowed","1","single-use","strowed; strow; strowe","2 Chronicles 34:4",""
"suah","1","single-use","suah","1 Chronicles 7:36","Nave"
"success","1","single-use","success; succes; succese","Joshua 1:8",""
"succothbenoth","1","single-use","succothbenoth","2 Kings 17:30","Easton"
"succourer","1","single-use","succourer","Romans 16:2",""
"suchathites","1","single-use","suchathites; suchathite","1 Chronicles 2:55",""
"sukkiims","1","single-use","sukkiims; sukkiim; sukkiime","2 Chronicles 12:3","Easton"
"sumptuously","1","single-use","sumptuously","Luke 16:19",""
"superstitious","1","single-use","superstitious; superstitiou","Acts 17:22",""
"sur","1","single-use","sur","2 Kings 11:6","Nave"
"suretiship","1","single-use","suretiship","Proverbs 11:15",""
"susanchites","1","single-use","susanchites; susanchite","Ezra 4:9","Easton"
"susanna","1","single-use","susanna","Luke 8:3","Easton; Nave"
"susi","1","single-use","susi","Numbers 13:11","Easton"
"swaddlingband","1","single-use","swaddlingband","Job 38:9",""
"swearers","1","single-use","swearers; swearer; swearere","Malachi 3:5",""
"swerved","1","single-use","swerved; swerv; swerve","1 Timothy 1:6",""
"sychar","1","single-use","sychar","John 4:5","Easton; Nave"
"sycomores","1","single-use","sycomores; sycomore","Isaiah 9:10",""
"syntyche","1","single-use","syntyche","Philippians 4:2","Easton; Nave"
"syracuse","1","single-use","syracuse","Acts 28:12","Easton"
"syriack","1","single-use","syriack","Daniel 2:4",""
"syriadamascus","1","single-use","syriadamascus; syria; syriadamascu","1 Chronicles 18:6","Easton; Nave"
"syriamaachah","1","single-use","syriamaachah; syria","1 Chronicles 19:6","Easton; Nave"
"syrophenician","1","single-use","syrophenician","Mark 7:26","Easton"
"taanathshiloh","1","single-use","taanathshiloh","Joshua 16:6","Easton"
"tabbath","1","single-use","tabbath","Judges 7:22","Easton; Nave"
"tabeal","1","single-use","tabeal","Isaiah 7:6","Easton"
"tabeel","1","single-use","tabeel","Ezra 4:7","Easton; Nave"
"tabering","1","single-use","tabering; taber; tabere","Nahum 2:7","Easton"
"tabrimon","1","single-use","tabrimon","1 Kings 15:18","Easton"
"tachmonite","1","single-use","tachmonite","2 Samuel 23:8","Easton"
"tahanites","1","single-use","tahanites; tahanite","Numbers 26:35",""
"tahapanes","1","single-use","tahapanes; tahapane","Jeremiah 2:16","Easton"
"tahrea","1","single-use","tahrea","1 Chronicles 9:41",""
"tahtimhodshi","1","single-use","tahtimhodshi","2 Samuel 24:6","Easton"
"taker","1","single-use","taker","Isaiah 24:2",""
"talitha","1","single-use","talitha","Mark 5:41",""
"taller","1","single-use","taller","Deuteronomy 1:28",""
"tamah","1","single-use","tamah","Nehemiah 7:55","Nave"
"tammuz","1","single-use","tammuz","Ezekiel 8:14","Easton"
"tanach","1","single-use","tanach","Joshua 21:25","Nave"
"taphath","1","single-use","taphath","1 Kings 4:11","Nave"
"taralah","1","single-use","taralah","Joshua 18:27",""
"tarea","1","single-use","tarea","1 Chronicles 8:35","Nave"
"tarpelites","1","single-use","tarpelites; tarpelite","Ezra 4:9","Nave"
"tarriest","1","single-use","tarriest; tarri","Acts 22:16",""
"tartak","1","single-use","tartak","2 Kings 17:31","Easton"
"tebah","1","single-use","tebah","Genesis 22:24",""
"tebaliah","1","single-use","tebaliah","1 Chronicles 26:11",""
"tebeth","1","single-use","tebeth; teb; tebe","Esther 2:16","Easton; Nave"
"tedious","1","single-use","tedious; tediou","Acts 24:4",""
"tehaphnehes","1","single-use","tehaphnehes; tehaphnehe","Ezekiel 30:18","Nave"
"tehinnah","1","single-use","tehinnah","1 Chronicles 4:12","Nave"
"telabib","1","single-use","telabib","Ezekiel 3:15","Easton; Nave"
"telah","1","single-use","telah","1 Chronicles 7:25","Nave"
"telaim","1","single-use","telaim","1 Samuel 15:4","Easton; Nave"
"telassar","1","single-use","telassar","Isaiah 37:12","Easton; Nave"
"telharesha","1","single-use","telharesha","Nehemiah 7:61","Easton"
"telharsa","1","single-use","telharsa","Ezra 2:59","Nave"
"temani","1","single-use","temani","Genesis 36:34",""
"temanites","1","single-use","temanites; temanite","1 Chronicles 1:45","Easton"
"temeni","1","single-use","temeni","1 Chronicles 4:6","Easton; Nave"
"tentmakers","1","single-use","tentmakers; tentmaker; tentmakere","Acts 18:3",""
"terrifiest","1","single-use","terrifiest; terrifi","Job 7:14",""
"tertius","1","single-use","tertius; tertiu","Romans 16:22","Easton; Nave"
"thahash","1","single-use","thahash","Genesis 22:24","Easton"
"thamah","1","single-use","thamah","Ezra 2:53",""
"thamar","1","single-use","thamar","Matthew 1:3","Nave"
"thankfulness","1","single-use","thankfulness; thankfulnes; thankfulnese","Acts 24:3","Nave"
"thankworthy","1","single-use","thankworthy","1 Peter 2:19",""
"thara","1","single-use","thara","Luke 3:34",""
"theeward","1","single-use","theeward","1 Samuel 19:4","KJV rare-term help"
"thelasar","1","single-use","thelasar","2 Kings 19:12","Nave"
"thereabout","1","single-use","thereabout","Luke 24:4",""
"theudas","1","single-use","theudas; theuda","Acts 5:36","Easton; Nave"
"thimnathah","1","single-use","thimnathah","Joshua 19:43","Nave"
"threshingplace","1","single-use","threshingplace","2 Samuel 24:16",""
"thyine","1","single-use","thyine","Revelation 18:12","Nave"
"tiberius","1","single-use","tiberius; tiberiu","Luke 3:1",""
"tibhath","1","single-use","tibhath","1 Chronicles 18:8","Nave"
"tikvath","1","single-use","tikvath","2 Chronicles 34:22",""
"tilon","1","single-use","tilon","1 Chronicles 4:20","Nave"
"timaeus","1","single-use","timaeus; timaeu","Mark 10:46","Easton"
"timnathheres","1","single-use","timnathheres; timnathhere","Judges 2:9","Easton; Nave"
"timnite","1","single-use","timnite","Judges 15:6","Easton"
"timon","1","single-use","timon","Acts 6:5","Easton; Nave"
"tirathites","1","single-use","tirathites; tirathite","1 Chronicles 2:55",""
"tirhanah","1","single-use","tirhanah","1 Chronicles 2:48","Nave"
"tiria","1","single-use","tiria","1 Chronicles 4:16",""
"tizite","1","single-use","tizite","1 Chronicles 11:45",""
"toah","1","single-use","toah","1 Chronicles 6:34","Nave"
"tobadonijah","1","single-use","tobadonijah","2 Chronicles 17:8","Easton; Nave"
"tochen","1","single-use","tochen","1 Chronicles 4:32","Easton; Nave"
"tohu","1","single-use","tohu","1 Samuel 1:1","Nave"
"tolad","1","single-use","tolad","1 Chronicles 4:29","Easton"
"tolaites","1","single-use","tolaites; tolaite","Numbers 26:23","Easton"
"tophel","1","single-use","tophel","Deuteronomy 1:1","Easton; Nave"
"trachonitis","1","single-use","trachonitis; trachoniti","Luke 3:1","Easton; Nave"
"tranquillity","1","single-use","tranquillity","Daniel 4:27",""
"travellers","1","single-use","travellers; traveller; travellere","Judges 5:6",""
"trimmest","1","single-use","trimmest; trimm; trimme","Jeremiah 2:33",""
"trogyllium","1","single-use","trogyllium","Acts 20:15","Easton; Nave"
"tryphena","1","single-use","tryphena","Romans 16:12",""
"tryphosa","1","single-use","tryphosa","Romans 16:12","Nave"
"tyrannus","1","single-use","tyrannus; tyrannu","Acts 19:9","Easton"
"ucal","1","single-use","ucal","Proverbs 30:1","Easton"
"uel","1","single-use","uel","Ezra 10:34",""
"ulla","1","single-use","ulla","1 Chronicles 7:39","Nave"
"ummah","1","single-use","ummah","Joshua 19:30","Easton"
"unadvisedly","1","single-use","unadvisedly","Psalms 106:33",""
"unblameably","1","single-use","unblameably","1 Thessalonians 2:10",""
"unchangeable","1","single-use","unchangeable","Hebrews 7:24","Nave"
"uncorruptible","1","single-use","uncorruptible","Romans 1:23",""
"unequally","1","single-use","unequally","2 Corinthians 6:14",""
"unfaithful","1","single-use","unfaithful","Proverbs 25:19",""
"unfaithfully","1","single-use","unfaithfully","Psalms 78:57",""
"unmerciful","1","single-use","unmerciful","Romans 1:31",""
"unperfect","1","single-use","unperfect","Psalms 139:16",""
"unprepared","1","single-use","unprepared; unprepar; unprepare","2 Corinthians 9:4",""
"unrebukeable","1","single-use","unrebukeable","1 Timothy 6:14",""
"unreproveable","1","single-use","unreproveable","Colossians 1:22",""
"unskilful","1","single-use","unskilful","Hebrews 5:13",""
"upharsin","1","single-use","upharsin","Daniel 5:25","Easton; Nave"
"urbane","1","single-use","urbane","Romans 16:9","Nave"
"urias","1","single-use","urias; uria","Matthew 1:6","Nave"
"usurer","1","single-use","usurer","Exodus 22:25",""
"usurp","1","single-use","usurp","1 Timothy 2:12",""
"uzai","1","single-use","uzai","Nehemiah 3:25","Nave"
"uzzensherah","1","single-use","uzzensherah","1 Chronicles 7:24","Easton; Nave"
"uzzia","1","single-use","uzzia","1 Chronicles 11:44",""
"vajezatha","1","single-use","vajezatha","Esther 9:9","Easton; Nave"
"vaniah","1","single-use","vaniah","Ezra 10:36","Nave"
"vashni","1","single-use","vashni","1 Chronicles 6:28",""
"vilely","1","single-use","vilely","2 Samuel 1:21",""
"viler","1","single-use","viler","Job 30:8",""
"vophsi","1","single-use","vophsi","Numbers 13:14","Nave"
"wanderings","1","single-use","wanderings; wandering; wanderinge","Psalms 56:8","Easton"
"warreth","1","single-use","warreth; warr; warre","2 Timothy 2:4",""
"warrior","1","single-use","warrior","Isaiah 9:5",""
"washings","1","single-use","washings; washing; washinge","Hebrews 9:10","Easton; Nave"
"watchful","1","single-use","watchful","Revelation 3:2",""
"waterspouts","1","single-use","waterspouts; waterspout; waterspoute","Psalms 42:7","Easton"
"weaken","1","single-use","weaken","Isaiah 14:12",""
"weasel","1","single-use","weasel","Leviticus 11:29","Easton"
"weightier","1","single-use","weightier","Matthew 23:23",""
"wellfavoured","1","single-use","wellfavoured; wellfavour; wellfavoure","Nahum 3:4",""
"whereabout","1","single-use","whereabout","1 Samuel 21:2",""
"whereinsoever","1","single-use","whereinsoever","2 Corinthians 11:21",""
"wideness","1","single-use","wideness; widenes; widenese","Ezekiel 41:10",""
"wilfully","1","single-use","wilfully","Hebrews 10:26",""
"winebibbers","1","single-use","winebibbers; winebibber; winebibbere","Proverbs 23:20","Nave"
"winneth","1","single-use","winneth; winn; winne","Proverbs 11:30",""
"winterhouse","1","single-use","winterhouse","Jeremiah 36:22",""
"woeful","1","single-use","woeful","Jeremiah 17:16",""
"womankind","1","single-use","womankind","Leviticus 18:22",""
"worthily","1","single-use","worthily","Ruth 4:11",""
"wotteth","1","single-use","wotteth; wott; wotte","Genesis 39:8",""
"wretchedness","1","single-use","wretchedness; wretchednes; wretchednese","Numbers 11:15",""
"yearn","1","single-use","yearn","Genesis 43:30",""
"yearned","1","single-use","yearned; yearn; yearne","1 Kings 3:26",""
"yokefellow","1","single-use","yokefellow","Philippians 4:3","Easton"
"zaanaim","1","single-use","zaanaim","Judges 4:11","Easton; Nave"
"zaanan","1","single-use","zaanan","Micah 1:11","Easton; Nave"
"zaanannim","1","single-use","zaanannim","Joshua 19:33","Nave"
"zaavan","1","single-use","zaavan","Genesis 36:27","Easton; Nave"
"zabbud","1","single-use","zabbud","Ezra 8:14","Nave"
"zabud","1","single-use","zabud","1 Kings 4:5","Easton"
"zacchur","1","single-use","zacchur","1 Chronicles 4:26",""
"zacher","1","single-use","zacher","1 Chronicles 8:31","Easton; Nave"
"zaham","1","single-use","zaham","2 Chronicles 11:19","Nave"
"zair","1","single-use","zair","2 Kings 8:21","Easton; Nave"
"zalaph","1","single-use","zalaph","Nehemiah 3:30","Nave"
"zamzummims","1","single-use","zamzummims; zamzummim; zamzummime","Deuteronomy 2:20","Easton; Nave"
"zaphnathpaaneah","1","single-use","zaphnathpaaneah","Genesis 41:45","Easton"
"zaphon","1","single-use","zaphon","Joshua 13:27","Nave"
"zara","1","single-use","zara","Matthew 1:3","Nave"
"zarah","1","single-use","zarah","Genesis 38:30","Nave"
"zareah","1","single-use","zareah","Nehemiah 11:29","Nave"
"zareathites","1","single-use","zareathites; zareathite","1 Chronicles 2:53",""
"zared","1","single-use","zared; zar; zare","Numbers 21:12","Nave"
"zaretan","1","single-use","zaretan","Joshua 3:16","Easton; Nave"
"zarethshahar","1","single-use","zarethshahar","Joshua 13:19","Easton"
"zartanah","1","single-use","zartanah","1 Kings 4:12",""
"zarthan","1","single-use","zarthan","1 Kings 7:46","Easton"
"zatthu","1","single-use","zatthu","Nehemiah 10:14",""
"zavan","1","single-use","zavan","1 Chronicles 1:42","Nave"
"zaza","1","single-use","zaza","1 Chronicles 2:33","Easton; Nave"
"zebina","1","single-use","zebina","Ezra 10:43",""
"zebudah","1","single-use","zebudah","2 Kings 23:36","Easton; Nave"
"zebulunites","1","single-use","zebulunites; zebulunite","Numbers 26:27",""
"zelzah","1","single-use","zelzah","1 Samuel 10:2","Nave"
"zemira","1","single-use","zemira","1 Chronicles 7:8","Easton; Nave"
"zenan","1","single-use","zenan","Joshua 15:37","Nave"
"zenas","1","single-use","zenas; zena","Titus 3:13","Easton"
"zephath","1","single-use","zephath","Judges 1:17","Easton; Nave"
"zephathah","1","single-use","zephathah","2 Chronicles 14:10","Easton; Nave"
"zephi","1","single-use","zephi","1 Chronicles 1:36",""
"zephon","1","single-use","zephon","Numbers 26:15","Nave"
"zephonites","1","single-use","zephonites; zephonite","Numbers 26:15",""
"zer","1","single-use","zer","Joshua 19:35",""
"zereda","1","single-use","zereda","1 Kings 11:26","Easton; Nave"
"zeredathah","1","single-use","zeredathah","2 Chronicles 4:17","Easton; Nave"
"zererath","1","single-use","zererath","Judges 7:22","Easton; Nave"
"zereth","1","single-use","zereth; zer; zere","1 Chronicles 4:7","Nave"
"zeri","1","single-use","zeri","1 Chronicles 25:3","Nave"
"zeror","1","single-use","zeror","1 Samuel 9:1","Nave"
"zeruah","1","single-use","zeruah","1 Kings 11:26","Easton; Nave"
"zethan","1","single-use","zethan","1 Chronicles 7:10","Nave"
"zethar","1","single-use","zethar","Esther 1:10","Nave"
"zia","1","single-use","zia","1 Chronicles 5:13","Nave"
"zibia","1","single-use","zibia","1 Chronicles 8:9","Nave"
"ziddim","1","single-use","ziddim","Joshua 19:35","Easton"
"zidkijah","1","single-use","zidkijah","Nehemiah 10:1","Easton; Nave"
"zina","1","single-use","zina","1 Chronicles 23:10","Easton; Nave"
"zior","1","single-use","zior","Joshua 15:54","Easton; Nave"
"ziphah","1","single-use","ziphah","1 Chronicles 4:16","Nave"
"ziphion","1","single-use","ziphion","Genesis 46:16","Nave"
"ziphron","1","single-use","ziphron","Numbers 34:9","Easton; Nave"
"zithri","1","single-use","zithri","Exodus 6:22","Easton; Nave"
"ziz","1","single-use","ziz","2 Chronicles 20:16","Easton; Nave"
"zizah","1","single-use","zizah","1 Chronicles 23:11","Nave"
"zobebah","1","single-use","zobebah","1 Chronicles 4:8","Nave"
"zoheleth","1","single-use","zoheleth; zohel; zohele","1 Kings 1:9","Easton; Nave"
"zoheth","1","single-use","zoheth; zoh; zohe","1 Chronicles 4:20","Easton; Nave"
"zophai","1","single-use","zophai","1 Chronicles 6:26",""
"zophim","1","single-use","zophim","Numbers 23:14","Nave"
"zorathites","1","single-use","zorathites; zorathite","1 Chronicles 4:2",""
"zoreah","1","single-use","zoreah","Joshua 15:33",""
"zorites","1","single-use","zorites; zorite","1 Chronicles 2:54",""
"zuriel","1","single-use","zuriel","Numbers 3:35","Easton; Nave"
"zuzims","1","single-use","zuzims; zuzim; zuzime","Genesis 14:5","Easton"
