title,author,source_url,category,collection,rights_status,doctrinal_status,warning_label,recommended_use
The Sword and the trowel,"Spurgeon, C. H. (Charles Haddon), 1834-1892",https://archive.org/download/swordtrowel25spur/swordtrowel25spur_djvu.txt,Preaching & Teaching,Spurgeon Collection,verified public domain,reviewed,Requested author collection;Use with discernment;OCR spot-check,"Spurgeon preaching, devotional, and teaching resource for sermon preparation and Christian living. OCR text should be spot-checked before quotation."
The treasury of David,"Spurgeon, C. H. (Charles Haddon), 1834-1892",https://archive.org/download/thetreasuryofdav00spuruoft/thetreasuryofdav00spuruoft_djvu.txt,Preaching & Teaching,Spurgeon Collection,verified public domain,reviewed,Requested author collection;Use with discernment;OCR spot-check,"Spurgeon preaching, devotional, and teaching resource for sermon preparation and Christian living. OCR text should be spot-checked before quotation."
"Third series of lectures to my students : the art of illustration : being addresses delivered to the students of the Pastors' College, Metropolitan Tabernacle","Spurgeon, C. H. (Charles Haddon), 1834-1892",https://archive.org/download/thirdseriesoflec00spuruoft/thirdseriesoflec00spuruoft_djvu.txt,Preaching & Teaching,Spurgeon Collection,verified public domain,reviewed,Requested author collection;Use with discernment;OCR spot-check,"Spurgeon preaching, devotional, and teaching resource for sermon preparation and Christian living. OCR text should be spot-checked before quotation."
"Autobiography of Charles H. Spurgeon compiled from his diary, letters and records by his wife and his private secretary","Spurgeon, C. H. (Charles Haddon)",https://archive.org/download/autobiographyofc04inspur/autobiographyofc04inspur_djvu.txt,Preaching & Teaching,Spurgeon Collection,verified public domain,reviewed,Requested author collection;Use with discernment;OCR spot-check,"Spurgeon preaching, devotional, and teaching resource for sermon preparation and Christian living. OCR text should be spot-checked before quotation."
"Morning by morning : or, Daily readings for the family or the closet","Spurgeon, C. H. (Charles Haddon), 1834-1892",https://archive.org/download/morningbymornin00spur/morningbymornin00spur_djvu.txt,Preaching & Teaching,Spurgeon Collection,verified public domain,reviewed,Requested author collection;Use with discernment;OCR spot-check,"Spurgeon preaching, devotional, and teaching resource for sermon preparation and Christian living. OCR text should be spot-checked before quotation."
The autobiography of Charles H. Spurgeon,"Spurgeon, C. H. (Charles Haddon), 1834-1892; Spurgeon, Susannah Thompson, 1832-1903; Harrald, W J",https://archive.org/download/autobiographyofc01spur/autobiographyofc01spur_djvu.txt,Preaching & Teaching,Spurgeon Collection,verified public domain,reviewed,Requested author collection;Use with discernment;OCR spot-check,"Spurgeon preaching, devotional, and teaching resource for sermon preparation and Christian living. OCR text should be spot-checked before quotation."
The autobiography of Charles H. Spurgeon,"Spurgeon, C. H. (Charles Haddon), 1834-1892; Spurgeon, Susannah Thompson, 1832-1903; Harrald, W J",https://archive.org/download/autobiographyofc03spur/autobiographyofc03spur_djvu.txt,Preaching & Teaching,Spurgeon Collection,verified public domain,reviewed,Requested author collection;Use with discernment;OCR spot-check,"Spurgeon preaching, devotional, and teaching resource for sermon preparation and Christian living. OCR text should be spot-checked before quotation."
"Illustrations and meditations; or, Flowers from a Puritan's garden, distilled and dispensed","Spurgeon, C. H. (Charles Haddon), 1834-1892",https://archive.org/download/illustrationsmed00spur/illustrationsmed00spur_djvu.txt,Preaching & Teaching,Spurgeon Collection,verified public domain,reviewed,Requested author collection;Use with discernment;OCR spot-check,"Spurgeon preaching, devotional, and teaching resource for sermon preparation and Christian living. OCR text should be spot-checked before quotation."
Our Lord's passion and death : sermons,"Spurgeon, C. H. (Charles Haddon), 1834-1892",https://archive.org/download/ourlordspassiona00spuruoft/ourlordspassiona00spuruoft_djvu.txt,Preaching & Teaching,Spurgeon Collection,verified public domain,reviewed,Requested author collection;Use with discernment;OCR spot-check,"Spurgeon preaching, devotional, and teaching resource for sermon preparation and Christian living. OCR text should be spot-checked before quotation."
The treasury of David,"Spurgeon, C. H. (Charles Haddon), 1834-1892",https://archive.org/download/treasuryofdavid04spuruoft/treasuryofdavid04spuruoft_djvu.txt,Preaching & Teaching,Spurgeon Collection,verified public domain,reviewed,Requested author collection;Use with discernment;OCR spot-check,"Spurgeon preaching, devotional, and teaching resource for sermon preparation and Christian living. OCR text should be spot-checked before quotation."
"The most eloquent sermons of the greatest living preachers: Rev. Wm. Morley Punshon, D.D., Rev. Henry Ward Beecher, Rev. C.H. Spurgeon [microform] : containing select pulpit orations delivered on various occasions, from a great variety of texts of scripture, and including Dr. Punshon's famous ""Farewell sermon,"" preached in the Metropolitan Church, Toronto, previous to his departure for England : with portraits and biographical notices of each divine; and an introduction to Dr. Punshon's sermons","Punshon, W. Morley (William Morley), 1824-1881; Beecher, Henry Ward, 1813-1887; Spurgeon, C. H. (Charles Haddon), 1834-1892",https://archive.org/download/cihm_33082/cihm_33082_djvu.txt,Preaching & Teaching,Spurgeon Collection,verified public domain,reviewed,Requested author collection;Use with discernment;OCR spot-check,"Spurgeon preaching, devotional, and teaching resource for sermon preparation and Christian living. OCR text should be spot-checked before quotation."
Sermons on our Lord's parables : delivered at the Metropolitan Tabernacle and New Park Street Chapel,"Spurgeon, C. H. (Charles Haddon), 1834-1892",https://archive.org/download/sermonsparables00spuruoft/sermonsparables00spuruoft_djvu.txt,Preaching & Teaching,Spurgeon Collection,verified public domain,reviewed,Requested author collection;Use with discernment;OCR spot-check,"Spurgeon preaching, devotional, and teaching resource for sermon preparation and Christian living. OCR text should be spot-checked before quotation."
The treasury of David,"Spurgeon, C. H. (Charles Haddon), 1834-1892",https://archive.org/download/treasuryofdavid06spuruoft/treasuryofdavid06spuruoft_djvu.txt,Preaching & Teaching,Spurgeon Collection,verified public domain,reviewed,Requested author collection;Use with discernment;OCR spot-check,"Spurgeon preaching, devotional, and teaching resource for sermon preparation and Christian living. OCR text should be spot-checked before quotation."
My sermon notes : a selection from outlines of discourses delivered at the Metropolitan Taberbacle : from Romans to Revelation - CXCVI to CCLXIV,"Spurgeon, C. H. (Charles Haddon), 1834-1892",https://archive.org/download/sermonnotesasele00spuruoft/sermonnotesasele00spuruoft_djvu.txt,Preaching & Teaching,Spurgeon Collection,verified public domain,reviewed,Requested author collection;Use with discernment;OCR spot-check,"Spurgeon preaching, devotional, and teaching resource for sermon preparation and Christian living. OCR text should be spot-checked before quotation."
Till he come : communion meditations and addresses,"Spurgeon, C. H. (Charles Haddon), 1834-1892",https://archive.org/download/tillhecome00spuruoft/tillhecome00spuruoft_djvu.txt,Preaching & Teaching,Spurgeon Collection,verified public domain,reviewed,Requested author collection;Use with discernment;OCR spot-check,"Spurgeon preaching, devotional, and teaching resource for sermon preparation and Christian living. OCR text should be spot-checked before quotation."
"The cheque book of the bank of faith : being precious promises arranged for daily use, with brief experimental comments","Spurgeon, C. H. (Charles Haddon), 1834-1892",https://archive.org/download/chequebookofbank00spur/chequebookofbank00spur_djvu.txt,Preaching & Teaching,Spurgeon Collection,verified public domain,reviewed,Requested author collection;Use with discernment;OCR spot-check,"Spurgeon preaching, devotional, and teaching resource for sermon preparation and Christian living. OCR text should be spot-checked before quotation."
The autobiography of Charles H. Spurgeon,"Spurgeon, C. H. (Charles Haddon), 1834-1892; Spurgeon, Susannah Thompson, 1832-1903; Harrald, W J",https://archive.org/download/autobiographyofc04spur/autobiographyofc04spur_djvu.txt,Preaching & Teaching,Spurgeon Collection,verified public domain,reviewed,Requested author collection;Use with discernment;OCR spot-check,"Spurgeon preaching, devotional, and teaching resource for sermon preparation and Christian living. OCR text should be spot-checked before quotation."
Life and works of Rev. Charles H. Spurgeon : being a graphic account of the greatest preacher of modern times ...,"Northrop, Henry Davenport, 1836-1909; Spurgeon, C. H. (Charles Haddon), 1834-1892",https://archive.org/download/lifeworksofrevch00nort/lifeworksofrevch00nort_djvu.txt,Preaching & Teaching,Spurgeon Collection,verified public domain,reviewed,Requested author collection;Use with discernment;OCR spot-check,"Spurgeon preaching, devotional, and teaching resource for sermon preparation and Christian living. OCR text should be spot-checked before quotation."
"Commenting and commentaries: two lectures addressed to the students of the Pastors' College, Metropolitan Tabernacle, together with a catalogue of Biblical commentaries and expositions","Spurgeon, C. H. (Charles Haddon), 1834-1892",https://archive.org/download/commentpastors00spuruoft/commentpastors00spuruoft_djvu.txt,Preaching & Teaching,Spurgeon Collection,verified public domain,reviewed,Requested author collection;Use with discernment;OCR spot-check,"Spurgeon preaching, devotional, and teaching resource for sermon preparation and Christian living. OCR text should be spot-checked before quotation."
Spurgeon's gold..,"Spurgeon, C. H. (Charles Haddon), 1834-1892",https://archive.org/download/spurgeonsgold000spur/spurgeonsgold000spur_djvu.txt,Preaching & Teaching,Spurgeon Collection,verified public domain,reviewed,Requested author collection;Use with discernment;OCR spot-check,"Spurgeon preaching, devotional, and teaching resource for sermon preparation and Christian living. OCR text should be spot-checked before quotation."
Hands full of honey : and other sermons preached in 1883,"Spurgeon, C. H. (Charles Haddon), 1834-1892",https://archive.org/download/handsfullofhoney00spur/handsfullofhoney00spur_djvu.txt,Preaching & Teaching,Spurgeon Collection,verified public domain,reviewed,Requested author collection;Use with discernment;OCR spot-check,"Spurgeon preaching, devotional, and teaching resource for sermon preparation and Christian living. OCR text should be spot-checked before quotation."
Commenting and commentaries,"Spurgeon, C. H. (Charles Haddon), 1834-1892",https://archive.org/download/commentingcommen00spur/commentingcommen00spur_djvu.txt,Preaching & Teaching,Spurgeon Collection,verified public domain,reviewed,Requested author collection;Use with discernment;OCR spot-check,"Spurgeon preaching, devotional, and teaching resource for sermon preparation and Christian living. OCR text should be spot-checked before quotation."
The autobiography of Charles H. Spurgeon,"Spurgeon, C. H. (Charles Haddon), 1834-1892; Spurgeon, Susannah Thompson, 1832-1903; Harrald, W J",https://archive.org/download/autobiographyofc02spur/autobiographyofc02spur_djvu.txt,Preaching & Teaching,Spurgeon Collection,verified public domain,reviewed,Requested author collection;Use with discernment;OCR spot-check,"Spurgeon preaching, devotional, and teaching resource for sermon preparation and Christian living. OCR text should be spot-checked before quotation."
Spurgeon's Illustrative anecdotes,"Spurgeon, C. H. (Charles Haddon), 1834-1892; Banks, Louis Albert, 1855-1933",https://archive.org/download/spurgeonsanecdot00spuruoft/spurgeonsanecdot00spuruoft_djvu.txt,Preaching & Teaching,Spurgeon Collection,verified public domain,reviewed,Requested author collection;Use with discernment;OCR spot-check,"Spurgeon preaching, devotional, and teaching resource for sermon preparation and Christian living. OCR text should be spot-checked before quotation."
Spurgeon's gems being brilliant passages from the discourses of the Rev. C. H. Spurgeon,"Spurgeon, C. H. (Charles Haddon), 1834-1892",https://archive.org/download/spurgeonsgemsbei00spur/spurgeonsgemsbei00spur_djvu.txt,Preaching & Teaching,Spurgeon Collection,verified public domain,reviewed,Requested author collection;Use with discernment;OCR spot-check,"Spurgeon preaching, devotional, and teaching resource for sermon preparation and Christian living. OCR text should be spot-checked before quotation."
The treasury of David,"Spurgeon, C. H. (Charles Haddon), 1834-1892",https://archive.org/download/thetreasuryofdav02spuruoft/thetreasuryofdav02spuruoft_djvu.txt,Preaching & Teaching,Spurgeon Collection,verified public domain,reviewed,Requested author collection;Use with discernment;OCR spot-check,"Spurgeon preaching, devotional, and teaching resource for sermon preparation and Christian living. OCR text should be spot-checked before quotation."
Sermons of Rev. C.H. Spurgeon of London,"Spurgeon, C. H. (Charles Haddon), 1834-1892",https://archive.org/download/sermonsofrevch01spur/sermonsofrevch01spur_djvu.txt,Preaching & Teaching,Spurgeon Collection,verified public domain,reviewed,Requested author collection;Use with discernment;OCR spot-check,"Spurgeon preaching, devotional, and teaching resource for sermon preparation and Christian living. OCR text should be spot-checked before quotation."
Sermons of Rev. C.H. Spurgeon of London,"Spurgeon, C. H. (Charles Haddon), 1834-1892",https://archive.org/download/sermonsofrevch08spur/sermonsofrevch08spur_djvu.txt,Preaching & Teaching,Spurgeon Collection,verified public domain,reviewed,Requested author collection;Use with discernment;OCR spot-check,"Spurgeon preaching, devotional, and teaching resource for sermon preparation and Christian living. OCR text should be spot-checked before quotation."
"Evening by evening : or, Readings at eventide for the family or the closet","Spurgeon, C. H. (Charles Haddon), 1834-1892",https://archive.org/download/eveningbyevenin00spur/eveningbyevenin00spur_djvu.txt,Preaching & Teaching,Spurgeon Collection,verified public domain,reviewed,Requested author collection;Use with discernment;OCR spot-check,"Spurgeon preaching, devotional, and teaching resource for sermon preparation and Christian living. OCR text should be spot-checked before quotation."
The art of illustration,"Spurgeon, C. H. (Charles Haddon), 1834-1892",https://archive.org/download/artofillustratio00spur/artofillustratio00spur_djvu.txt,Preaching & Teaching,Spurgeon Collection,verified public domain,reviewed,Requested author collection;Use with discernment;OCR spot-check,"Spurgeon preaching, devotional, and teaching resource for sermon preparation and Christian living. OCR text should be spot-checked before quotation."
Sermons of Rev. C.H. Spurgeon of London,"Spurgeon, C. H. (Charles Haddon), 1834-1892",https://archive.org/download/sermonsofrevchsp05spuruoft/sermonsofrevchsp05spuruoft_djvu.txt,Preaching & Teaching,Spurgeon Collection,verified public domain,reviewed,Requested author collection;Use with discernment;OCR spot-check,"Spurgeon preaching, devotional, and teaching resource for sermon preparation and Christian living. OCR text should be spot-checked before quotation."
Sermons of Rev. C.H. Spurgeon of London,"Spurgeon, C. H. (Charles Haddon), 1834-1892",https://archive.org/download/sermonsofrevchsp15spuruoft/sermonsofrevchsp15spuruoft_djvu.txt,Preaching & Teaching,Spurgeon Collection,verified public domain,reviewed,Requested author collection;Use with discernment;OCR spot-check,"Spurgeon preaching, devotional, and teaching resource for sermon preparation and Christian living. OCR text should be spot-checked before quotation."
The treasury of David: containing an original exposition of the book of Psalms; a collection of illustrative extracts from the whole range of literature; a series of homiletical hints upon almost every verse; and lists of writers upon each psalm,"Spurgeon, C. H. (Charles Haddon), 1834-1892",https://archive.org/download/treasurydavidco07spurgoog/treasurydavidco07spurgoog_djvu.txt,Preaching & Teaching,Spurgeon Collection,verified public domain,reviewed,Requested author collection;Use with discernment;OCR spot-check,"Spurgeon preaching, devotional, and teaching resource for sermon preparation and Christian living. OCR text should be spot-checked before quotation."
My sermon-notes : a selection from outlines of discourses delivered at the Metropolitan Taberbacle : from Ecclesiastes to Malachi LXV to CXXIX,"Spurgeon, C. H. (Charles Haddon), 1834-1892",https://archive.org/download/mysermonnotessel02spuruoft/mysermonnotessel02spuruoft_djvu.txt,Preaching & Teaching,Spurgeon Collection,verified public domain,reviewed,Requested author collection;Use with discernment;OCR spot-check,"Spurgeon preaching, devotional, and teaching resource for sermon preparation and Christian living. OCR text should be spot-checked before quotation."
"According to promise : or, The Lord's method of dealing with his chosen people","Spurgeon, C. H. (Charles Haddon), 1834-1892",https://archive.org/download/accordingtopro00spur/accordingtopro00spur_djvu.txt,Preaching & Teaching,Spurgeon Collection,verified public domain,reviewed,Requested author collection;Use with discernment;OCR spot-check,"Spurgeon preaching, devotional, and teaching resource for sermon preparation and Christian living. OCR text should be spot-checked before quotation."
Sermons of Rev. C.H. Spurgeon of London,"Spurgeon, C. H. (Charles Haddon), 1834-1892",https://archive.org/download/sermonsofrevchsp03spuruoft/sermonsofrevchsp03spuruoft_djvu.txt,Preaching & Teaching,Spurgeon Collection,verified public domain,reviewed,Requested author collection;Use with discernment;OCR spot-check,"Spurgeon preaching, devotional, and teaching resource for sermon preparation and Christian living. OCR text should be spot-checked before quotation."
The treasury of David: containing an original exposition of the book of Psalms; a collection of illustrative extracts from the whole range of literature; a series of homiletical hints upon almost every verse; and lists of writers upon each psalm,"Spurgeon, C. H. (Charles Haddon), 1834-1892",https://archive.org/download/treasurydavidco08spurgoog/treasurydavidco08spurgoog_djvu.txt,Preaching & Teaching,Spurgeon Collection,verified public domain,reviewed,Requested author collection;Use with discernment;OCR spot-check,"Spurgeon preaching, devotional, and teaching resource for sermon preparation and Christian living. OCR text should be spot-checked before quotation."
Sermons of Rev. C.H. Spurgeon of London,"Spurgeon, C. H. (Charles Haddon), 1834-1892",https://archive.org/download/sermonsofrevchsp14spuruoft/sermonsofrevchsp14spuruoft_djvu.txt,Preaching & Teaching,Spurgeon Collection,verified public domain,reviewed,Requested author collection;Use with discernment;OCR spot-check,"Spurgeon preaching, devotional, and teaching resource for sermon preparation and Christian living. OCR text should be spot-checked before quotation."
Sermons of the Rev. C. H. Spurgeon of London,"Spurgeon, C. H. (Charles Haddon), 1834-1892",https://archive.org/download/sermonsofrevchsp00spur/sermonsofrevchsp00spur_djvu.txt,Preaching & Teaching,Spurgeon Collection,verified public domain,reviewed,Requested author collection;Use with discernment;OCR spot-check,"Spurgeon preaching, devotional, and teaching resource for sermon preparation and Christian living. OCR text should be spot-checked before quotation."
"Illustrations and meditations; or, Flowers from a Puritan's garden","Spurgeon, C. H. (Charles Haddon), 1834-1892",https://archive.org/download/illustrationsmed01spur/illustrationsmed01spur_djvu.txt,Preaching & Teaching,Spurgeon Collection,verified public domain,reviewed,Requested author collection;Use with discernment;OCR spot-check,"Spurgeon preaching, devotional, and teaching resource for sermon preparation and Christian living. OCR text should be spot-checked before quotation."
The Metropolitan Tabernacle pulpit : sermons,"Spurgeon, C. H. (Charles Haddon), 1834-1892",https://archive.org/download/metropolitantab07spurgoog/metropolitantab07spurgoog_djvu.txt,Preaching & Teaching,Spurgeon Collection,verified public domain,reviewed,Requested author collection;Use with discernment;OCR spot-check,"Spurgeon preaching, devotional, and teaching resource for sermon preparation and Christian living. OCR text should be spot-checked before quotation."
My sermon notes : a selection from outlines of discourses delivered at the Metropolitan Tabernacle,"Spurgeon, C. H. (Charles Haddon), 1834-1892",https://archive.org/download/mysermonnotessel04spur/mysermonnotessel04spur_djvu.txt,Preaching & Teaching,Spurgeon Collection,verified public domain,reviewed,Requested author collection;Use with discernment;OCR spot-check,"Spurgeon preaching, devotional, and teaching resource for sermon preparation and Christian living. OCR text should be spot-checked before quotation."
Types and emblems : being a collection of sermons preached on Sunday and Thursday evenings at the Metropolitan Tabernacle,"Spurgeon, C. H. (Charles Haddon), 1834-1892",https://archive.org/download/typesemblemsbein00spur/typesemblemsbein00spur_djvu.txt,Preaching & Teaching,Spurgeon Collection,verified public domain,reviewed,Requested author collection;Use with discernment;OCR spot-check,"Spurgeon preaching, devotional, and teaching resource for sermon preparation and Christian living. OCR text should be spot-checked before quotation."
"Autobiography of Charles H. Spurgeon compiled from his diary, letters and records by his wife and his private secretary","Spurgeon, C. H. (Charles Haddon)",https://archive.org/download/autobiographyofc02inspur/autobiographyofc02inspur_djvu.txt,Preaching & Teaching,Spurgeon Collection,verified public domain,reviewed,Requested author collection;Use with discernment;OCR spot-check,"Spurgeon preaching, devotional, and teaching resource for sermon preparation and Christian living. OCR text should be spot-checked before quotation."
The saint and his Saviour [microform] : the progress of the soul in the knowledge of Jesus,"Spurgeon, C. H. (Charles Haddon), 1834-1892",https://archive.org/download/cihm_33548/cihm_33548_djvu.txt,Preaching & Teaching,Spurgeon Collection,verified public domain,reviewed,Requested author collection;Use with discernment;OCR spot-check,"Spurgeon preaching, devotional, and teaching resource for sermon preparation and Christian living. OCR text should be spot-checked before quotation."
Sermons of Rev. C.H. Spurgeon of London,"Spurgeon, C. H. (Charles Haddon), 1834-1892",https://archive.org/download/sermonsofrevchsp04spur/sermonsofrevchsp04spur_djvu.txt,Preaching & Teaching,Spurgeon Collection,verified public domain,reviewed,Requested author collection;Use with discernment;OCR spot-check,"Spurgeon preaching, devotional, and teaching resource for sermon preparation and Christian living. OCR text should be spot-checked before quotation."
Sermons of Rev. C.H. Spurgeon of London,"Spurgeon, C. H. (Charles Haddon), 1834-1892",https://archive.org/download/sermonsofrevchsp03spur/sermonsofrevchsp03spur_djvu.txt,Preaching & Teaching,Spurgeon Collection,verified public domain,reviewed,Requested author collection;Use with discernment;OCR spot-check,"Spurgeon preaching, devotional, and teaching resource for sermon preparation and Christian living. OCR text should be spot-checked before quotation."
The Metropolitan Tabernacle pulpit : sermons,"Spurgeon, C. H. (Charles Haddon), 1834-1892",https://archive.org/download/metropolitantab09spurgoog/metropolitantab09spurgoog_djvu.txt,Preaching & Teaching,Spurgeon Collection,verified public domain,reviewed,Requested author collection;Use with discernment;OCR spot-check,"Spurgeon preaching, devotional, and teaching resource for sermon preparation and Christian living. OCR text should be spot-checked before quotation."
"""The modern Whitfield."" Sermons of the Rev. C. H. Spurgeon, of London;","Spurgeon, C. H. (Charles Haddon), 1834-1892",https://archive.org/download/themodernwhitfie1856spur/themodernwhitfie1856spur_djvu.txt,Preaching & Teaching,Spurgeon Collection,verified public domain,reviewed,Requested author collection;Use with discernment;OCR spot-check,"Spurgeon preaching, devotional, and teaching resource for sermon preparation and Christian living. OCR text should be spot-checked before quotation."
Sermons of the Rev. C. H. Spurgeon of London,"Spurgeon, C. H. (Charles Haddon), 1834-1892",https://archive.org/download/sermonsofrevchsp06spur/sermonsofrevchsp06spur_djvu.txt,Preaching & Teaching,Spurgeon Collection,verified public domain,reviewed,Requested author collection;Use with discernment;OCR spot-check,"Spurgeon preaching, devotional, and teaching resource for sermon preparation and Christian living. OCR text should be spot-checked before quotation."
Sermons of Rev. C.H. Spurgeon of London,"Spurgeon, C. H. (Charles Haddon), 1834-1892",https://archive.org/download/sermonsofrevchsp13spuruoft/sermonsofrevchsp13spuruoft_djvu.txt,Preaching & Teaching,Spurgeon Collection,verified public domain,reviewed,Requested author collection;Use with discernment;OCR spot-check,"Spurgeon preaching, devotional, and teaching resource for sermon preparation and Christian living. OCR text should be spot-checked before quotation."
"Lectures to my students : being addresses delivered to the students of the Pastors' College, Metropolitan Tabernacle","Spurgeon, C. H. (Charles Haddon), 1834-1892",https://archive.org/download/lecturestomystud1889spur/lecturestomystud1889spur_djvu.txt,Preaching & Teaching,Spurgeon Collection,verified public domain,reviewed,Requested author collection;Use with discernment;OCR spot-check,"Spurgeon preaching, devotional, and teaching resource for sermon preparation and Christian living. OCR text should be spot-checked before quotation."
"The Four great preachers [microform] : a collection of choice sermons by Spurgeon, Moody, Talmage, and Beecher, with short biographical sketches of these celebrated divines","Spurgeon, C. H. (Charles Haddon), 1834-1892",https://archive.org/download/cihm_12571/cihm_12571_djvu.txt,Preaching & Teaching,Spurgeon Collection,verified public domain,reviewed,Requested author collection;Use with discernment;OCR spot-check,"Spurgeon preaching, devotional, and teaching resource for sermon preparation and Christian living. OCR text should be spot-checked before quotation."
"Life and works of Charles H. Spurgeon being a graphic account of the greatest preacher of modern times ... to which is added a vast collection of his eloquent sermons, brilliant writings, and witty sayings. By Henry Davenport Northrop","Spurgeon, C. H. (Charles Haddon), 1834-1892",https://archive.org/download/lifeandworksofch00spuruoft/lifeandworksofch00spuruoft_djvu.txt,Preaching & Teaching,Spurgeon Collection,verified public domain,reviewed,Requested author collection;Use with discernment;OCR spot-check,"Spurgeon preaching, devotional, and teaching resource for sermon preparation and Christian living. OCR text should be spot-checked before quotation."
"Twelve soul-winning sermons, delivered at the Metropolitan Tabernacle","Spurgeon, C. H. (Charles Haddon), 1834-1892",https://archive.org/download/twelvesoulwinnin00spur/twelvesoulwinnin00spur_djvu.txt,Preaching & Teaching,Spurgeon Collection,verified public domain,reviewed,Requested author collection;Use with discernment;OCR spot-check,"Spurgeon preaching, devotional, and teaching resource for sermon preparation and Christian living. OCR text should be spot-checked before quotation."
Sermons of Rev. C.H. Spurgeon of London,"Spurgeon, C. H. (Charles Haddon), 1834-1892",https://archive.org/download/sermonsofrevch02spur/sermonsofrevch02spur_djvu.txt,Preaching & Teaching,Spurgeon Collection,verified public domain,reviewed,Requested author collection;Use with discernment;OCR spot-check,"Spurgeon preaching, devotional, and teaching resource for sermon preparation and Christian living. OCR text should be spot-checked before quotation."
Sermons of Rev. C.H. Spurgeon of London,"Spurgeon, C. H. (Charles Haddon), 1834-1892",https://archive.org/download/sermonsofrevchsp09spur/sermonsofrevchsp09spur_djvu.txt,Preaching & Teaching,Spurgeon Collection,verified public domain,reviewed,Requested author collection;Use with discernment;OCR spot-check,"Spurgeon preaching, devotional, and teaching resource for sermon preparation and Christian living. OCR text should be spot-checked before quotation."
My sermon notes : a selection from outlines of discourses delivered at the Metropolitan Tabernacle,"Spurgeon, C. H. (Charles Haddon), 1834-1892",https://archive.org/download/mysermonnotessel01spur/mysermonnotessel01spur_djvu.txt,Preaching & Teaching,Spurgeon Collection,verified public domain,reviewed,Requested author collection;Use with discernment;OCR spot-check,"Spurgeon preaching, devotional, and teaching resource for sermon preparation and Christian living. OCR text should be spot-checked before quotation."
Sermons of Rev. C.H. Spurgeon of London,"Spurgeon, C. H. (Charles Haddon), 1834-1892",https://archive.org/download/sermonsofrevch07spur/sermonsofrevch07spur_djvu.txt,Preaching & Teaching,Spurgeon Collection,verified public domain,reviewed,Requested author collection;Use with discernment;OCR spot-check,"Spurgeon preaching, devotional, and teaching resource for sermon preparation and Christian living. OCR text should be spot-checked before quotation."
The treasury of David:,"Spurgeon, C. H. (Charles Haddon), 1834-1892",https://archive.org/download/treasurydavidvo01spurgoog/treasurydavidvo01spurgoog_djvu.txt,Preaching & Teaching,Spurgeon Collection,verified public domain,reviewed,Requested author collection;Use with discernment;OCR spot-check,"Spurgeon preaching, devotional, and teaching resource for sermon preparation and Christian living. OCR text should be spot-checked before quotation."
"John Ploughman's pictures; or, More of his plain talk for plain people","Spurgeon, C. H. (Charles Haddon), 1834-1892",https://archive.org/download/johnploughmansp00spurgoog/johnploughmansp00spurgoog_djvu.txt,Preaching & Teaching,Spurgeon Collection,verified public domain,reviewed,Requested author collection;Use with discernment;OCR spot-check,"Spurgeon preaching, devotional, and teaching resource for sermon preparation and Christian living. OCR text should be spot-checked before quotation."
"The treasury of David : containing an original exposition of the book of Psalms ; a collection of illustrative extracts from the whole range of literature ; a series of homiletical hints upon almost every verse, and lists of writers upon each psalm","Spurgeon, C. H. (Charles Haddon), 1834-1892",https://archive.org/download/treasuryofdavidc0007spur/treasuryofdavidc0007spur_djvu.txt,Preaching & Teaching,Spurgeon Collection,verified public domain,reviewed,Requested author collection;Use with discernment;OCR spot-check,"Spurgeon preaching, devotional, and teaching resource for sermon preparation and Christian living. OCR text should be spot-checked before quotation."
"Lectures to my students : being addresses delivered to the students of the Pastors' College, Metropolitan Tabernacle","Spurgeon, C. H. (Charles Haddon), 1834-1892",https://archive.org/download/lecturestomystud1877spur/lecturestomystud1877spur_djvu.txt,Preaching & Teaching,Spurgeon Collection,verified public domain,reviewed,Requested author collection;Use with discernment;OCR spot-check,"Spurgeon preaching, devotional, and teaching resource for sermon preparation and Christian living. OCR text should be spot-checked before quotation."
Sermons of Rev. C.H. Spurgeon of London,"Spurgeon, C. H. (Charles Haddon), 1834-1892",https://archive.org/download/sermonsofrevchsp19spuruoft/sermonsofrevchsp19spuruoft_djvu.txt,Preaching & Teaching,Spurgeon Collection,verified public domain,reviewed,Requested author collection;Use with discernment;OCR spot-check,"Spurgeon preaching, devotional, and teaching resource for sermon preparation and Christian living. OCR text should be spot-checked before quotation."
"Sermons preached and revised by the Rev. C. H. Spurgeon, fifth series. New York, Sheldon","Spurgeon, C. H. (Charles Haddon), 1834-1892",https://archive.org/download/sermonspreachedr05spur/sermonspreachedr05spur_djvu.txt,Preaching & Teaching,Spurgeon Collection,verified public domain,reviewed,Requested author collection;Use with discernment;OCR spot-check,"Spurgeon preaching, devotional, and teaching resource for sermon preparation and Christian living. OCR text should be spot-checked before quotation."
First healing and then service : and other sermons preached in 1885,"Spurgeon, C. H. (Charles Haddon), 1834-1892",https://archive.org/download/firsthealing00spuruoft/firsthealing00spuruoft_djvu.txt,Preaching & Teaching,Spurgeon Collection,verified public domain,reviewed,Requested author collection;Use with discernment;OCR spot-check,"Spurgeon preaching, devotional, and teaching resource for sermon preparation and Christian living. OCR text should be spot-checked before quotation."
"""The modern Whitfield."" Sermons of the Rev. C. H. Spurgeon, of London;","Spurgeon, C. H. (Charles Haddon), 1834-1892",https://archive.org/download/modernwhitfield00spurgoog/modernwhitfield00spurgoog_djvu.txt,Preaching & Teaching,Spurgeon Collection,verified public domain,reviewed,Requested author collection;Use with discernment;OCR spot-check,"Spurgeon preaching, devotional, and teaching resource for sermon preparation and Christian living. OCR text should be spot-checked before quotation."
Sermons,"Spurgeon, C. H. (Charles Haddon), 1834-1892",https://archive.org/download/sermons10spur/sermons10spur_djvu.txt,Preaching & Teaching,Spurgeon Collection,verified public domain,reviewed,Requested author collection;Use with discernment;OCR spot-check,"Spurgeon preaching, devotional, and teaching resource for sermon preparation and Christian living. OCR text should be spot-checked before quotation."
Sermons of Rev. C.H. Spurgeon of London,"Spurgeon, C. H. (Charles Haddon), 1834-1892",https://archive.org/download/sermonsofrevchsp10spur/sermonsofrevchsp10spur_djvu.txt,Preaching & Teaching,Spurgeon Collection,verified public domain,reviewed,Requested author collection;Use with discernment;OCR spot-check,"Spurgeon preaching, devotional, and teaching resource for sermon preparation and Christian living. OCR text should be spot-checked before quotation."
Spurgeon's Sermons - Vol. IX: Metropolitan Tabernacle Pulpit,"Spurgeon, C. H. (Charles Haddon), 1834-1892",https://archive.org/download/SpurgeonMetropolitanPt09/Spurgeon-Metropolitan-pt09_djvu.txt,Preaching & Teaching,Spurgeon Collection,verified public domain,reviewed,Requested author collection;Use with discernment;OCR spot-check,"Spurgeon preaching, devotional, and teaching resource for sermon preparation and Christian living. OCR text should be spot-checked before quotation."
"Spurgeon's Sermons - New Park Street Pulpit, Vol. I","Spurgeon, C. H. (Charles Haddon), 1834-1892",https://archive.org/download/SpurgeonNewParkPt01/Spurgeon-NewPark-pt01_djvu.txt,Preaching & Teaching,Spurgeon Collection,verified public domain,reviewed,Requested author collection;Use with discernment;OCR spot-check,"Spurgeon preaching, devotional, and teaching resource for sermon preparation and Christian living. OCR text should be spot-checked before quotation."
Sermons of Rev. C.H. Spurgeon of London,"Spurgeon, C. H. (Charles Haddon), 1834-1892",https://archive.org/download/sermonsofrevchsp11spuruoft/sermonsofrevchsp11spuruoft_djvu.txt,Preaching & Teaching,Spurgeon Collection,verified public domain,reviewed,Requested author collection;Use with discernment;OCR spot-check,"Spurgeon preaching, devotional, and teaching resource for sermon preparation and Christian living. OCR text should be spot-checked before quotation."
Trumpet calls to Christian energy : being a collection of sermons preached on Sunday and Thursday evenings at the Metropolitan Tabernacle / by C.H. Spurgeon,"Spurgeon, C. H. (Charles Haddon), 1834-1892",https://archive.org/download/trumpetcallstoch00spur/trumpetcallstoch00spur_djvu.txt,Preaching & Teaching,Spurgeon Collection,verified public domain,reviewed,Requested author collection;Use with discernment;OCR spot-check,"Spurgeon preaching, devotional, and teaching resource for sermon preparation and Christian living. OCR text should be spot-checked before quotation."
Sermons of Rev. C.H. Spurgeon of London,"Spurgeon, C. H. (Charles Haddon), 1834-1892",https://archive.org/download/spurgeonssermons02spuruoft/spurgeonssermons02spuruoft_djvu.txt,Preaching & Teaching,Spurgeon Collection,verified public domain,reviewed,Requested author collection;Use with discernment;OCR spot-check,"Spurgeon preaching, devotional, and teaching resource for sermon preparation and Christian living. OCR text should be spot-checked before quotation."
"Morning by morning; or, Daily readings for the family or the closet ..","Spurgeon, C. H. (Charles Haddon), 1834-1892",https://archive.org/download/morningbymorning00spur/morningbymorning00spur_djvu.txt,Preaching & Teaching,Spurgeon Collection,verified public domain,reviewed,Requested author collection;Use with discernment;OCR spot-check,"Spurgeon preaching, devotional, and teaching resource for sermon preparation and Christian living. OCR text should be spot-checked before quotation."
The Metropolitan Tabernacle pulpit : sermons,"Spurgeon, C. H. (Charles Haddon), 1834-1892",https://archive.org/download/metropolitantab01spurgoog/metropolitantab01spurgoog_djvu.txt,Preaching & Teaching,Spurgeon Collection,verified public domain,reviewed,Requested author collection;Use with discernment;OCR spot-check,"Spurgeon preaching, devotional, and teaching resource for sermon preparation and Christian living. OCR text should be spot-checked before quotation."
"Autobiography of Charles H. Spurgeon compiled from his diary, letters and records by his wife and his private secretary","Spurgeon, C. H. (Charles Haddon)",https://archive.org/download/autobiographyofc03inspur/autobiographyofc03inspur_djvu.txt,Preaching & Teaching,Spurgeon Collection,verified public domain,reviewed,Requested author collection;Use with discernment;OCR spot-check,"Spurgeon preaching, devotional, and teaching resource for sermon preparation and Christian living. OCR text should be spot-checked before quotation."
Sermons of Rev. C.H. Spurgeon of London,"Spurgeon, C. H. (Charles Haddon), 1834-1892",https://archive.org/download/sermonsofrevchsp18spur/sermonsofrevchsp18spur_djvu.txt,Preaching & Teaching,Spurgeon Collection,verified public domain,reviewed,Requested author collection;Use with discernment;OCR spot-check,"Spurgeon preaching, devotional, and teaching resource for sermon preparation and Christian living. OCR text should be spot-checked before quotation."
"""The modern Whitfield."" Sermons of the Rev. C. H. Spurgeon, of London;","Spurgeon, C. H. (Charles Haddon), 1834-1892",https://archive.org/download/themodernwhitfie00spur/themodernwhitfie00spur_djvu.txt,Preaching & Teaching,Spurgeon Collection,verified public domain,reviewed,Requested author collection;Use with discernment;OCR spot-check,"Spurgeon preaching, devotional, and teaching resource for sermon preparation and Christian living. OCR text should be spot-checked before quotation."
Sermons,"Spurgeon, C. H. (Charles Haddon), 1834-1892",https://archive.org/download/sermons02spur/sermons02spur_djvu.txt,Preaching & Teaching,Spurgeon Collection,verified public domain,reviewed,Requested author collection;Use with discernment;OCR spot-check,"Spurgeon preaching, devotional, and teaching resource for sermon preparation and Christian living. OCR text should be spot-checked before quotation."
Sermons of Rev. C.H. Spurgeon of London,"Spurgeon, C. H. (Charles Haddon), 1834-1892",https://archive.org/download/sermonsofrevchsp16spuruoft/sermonsofrevchsp16spuruoft_djvu.txt,Preaching & Teaching,Spurgeon Collection,verified public domain,reviewed,Requested author collection;Use with discernment;OCR spot-check,"Spurgeon preaching, devotional, and teaching resource for sermon preparation and Christian living. OCR text should be spot-checked before quotation."
"Evening by evening or, Readings at eventide for the family or the closet","Spurgeon, C. H. (Charles Haddon), 1834-1892",https://archive.org/download/eveningbyevening00spur/eveningbyevening00spur_djvu.txt,Preaching & Teaching,Spurgeon Collection,verified public domain,reviewed,Requested author collection;Use with discernment;OCR spot-check,"Spurgeon preaching, devotional, and teaching resource for sermon preparation and Christian living. OCR text should be spot-checked before quotation."
Sermons of Rev. C.H. Spurgeon of London,"Spurgeon, C. H. (Charles Haddon), 1834-1892",https://archive.org/download/sermonsofrevchsp17spur/sermonsofrevchsp17spur_djvu.txt,Preaching & Teaching,Spurgeon Collection,verified public domain,reviewed,Requested author collection;Use with discernment;OCR spot-check,"Spurgeon preaching, devotional, and teaching resource for sermon preparation and Christian living. OCR text should be spot-checked before quotation."
"The treasury of David : containing an original exposition of the book of Psalms ; a collection of illustrative extracts from the whole range of literature ; a series of homiletical hints upon almost every verse, and lists of writers upon each psalm","Spurgeon, C. H. (Charles Haddon), 1834-1892",https://archive.org/download/treasuryofdavidc0005spur/treasuryofdavidc0005spur_djvu.txt,Preaching & Teaching,Spurgeon Collection,verified public domain,reviewed,Requested author collection;Use with discernment;OCR spot-check,"Spurgeon preaching, devotional, and teaching resource for sermon preparation and Christian living. OCR text should be spot-checked before quotation."
Sermons of Rev. C.H. Spurgeon of London,"Spurgeon, C. H. (Charles Haddon), 1834-1892",https://archive.org/download/sermonsofrevch06spur/sermonsofrevch06spur_djvu.txt,Preaching & Teaching,Spurgeon Collection,verified public domain,reviewed,Requested author collection;Use with discernment;OCR spot-check,"Spurgeon preaching, devotional, and teaching resource for sermon preparation and Christian living. OCR text should be spot-checked before quotation."
Sermons of Rev. C.H. Spurgeon of London,"Spurgeon, C. H. (Charles Haddon), 1834-1892",https://archive.org/download/sermonsofrevchsp15spur/sermonsofrevchsp15spur_djvu.txt,Preaching & Teaching,Spurgeon Collection,verified public domain,reviewed,Requested author collection;Use with discernment;OCR spot-check,"Spurgeon preaching, devotional, and teaching resource for sermon preparation and Christian living. OCR text should be spot-checked before quotation."
"Spurgeon : episodes and anecdotes of his busy life, with personal reminiscences","Handford, Thomas W; Spurgeon, C. H. (Charles Haddon), 1834-1892",https://archive.org/download/spurgeonepisodes00hand/spurgeonepisodes00hand_djvu.txt,Preaching & Teaching,Spurgeon Collection,verified public domain,reviewed,Requested author collection;Use with discernment;OCR spot-check,"Spurgeon preaching, devotional, and teaching resource for sermon preparation and Christian living. OCR text should be spot-checked before quotation."
Sermons of the Rev. C. H. Spurgeon of London,"Spurgeon, C. H. (Charles Haddon), 1834-1892",https://archive.org/download/sermonsofrevchsp01spur/sermonsofrevchsp01spur_djvu.txt,Preaching & Teaching,Spurgeon Collection,verified public domain,reviewed,Requested author collection;Use with discernment;OCR spot-check,"Spurgeon preaching, devotional, and teaching resource for sermon preparation and Christian living. OCR text should be spot-checked before quotation."
Sermons of the Rev. C. H. Spurgeon of London,"Spurgeon, C. H. (Charles Haddon), 1834-1892",https://archive.org/download/sermonsofrevchsp02spur/sermonsofrevchsp02spur_djvu.txt,Preaching & Teaching,Spurgeon Collection,verified public domain,reviewed,Requested author collection;Use with discernment;OCR spot-check,"Spurgeon preaching, devotional, and teaching resource for sermon preparation and Christian living. OCR text should be spot-checked before quotation."
The Metropolitan Tabernacle pulpit : sermons,"Spurgeon, C. H. (Charles Haddon), 1834-1892",https://archive.org/download/metropolitantab02spurgoog/metropolitantab02spurgoog_djvu.txt,Preaching & Teaching,Spurgeon Collection,verified public domain,reviewed,Requested author collection;Use with discernment;OCR spot-check,"Spurgeon preaching, devotional, and teaching resource for sermon preparation and Christian living. OCR text should be spot-checked before quotation."
"Lectures to my students: a selection from addresses delivered to the students of the Pastor's college, Metropolitan tabernacle","Spurgeon, C. H. (Charles Haddon), 1834-1892",https://archive.org/download/lecturestomystud00spurrich/lecturestomystud00spurrich_djvu.txt,Preaching & Teaching,Spurgeon Collection,verified public domain,reviewed,Requested author collection;Use with discernment;OCR spot-check,"Spurgeon preaching, devotional, and teaching resource for sermon preparation and Christian living. OCR text should be spot-checked before quotation."
Sermons of Rev. C.H. Spurgeon of London,"Spurgeon, C. H. (Charles Haddon), 1834-1892",https://archive.org/download/sermonsofrevchsp19spur/sermonsofrevchsp19spur_djvu.txt,Preaching & Teaching,Spurgeon Collection,verified public domain,reviewed,Requested author collection;Use with discernment;OCR spot-check,"Spurgeon preaching, devotional, and teaching resource for sermon preparation and Christian living. OCR text should be spot-checked before quotation."
The treasury of David:,"Spurgeon, C. H. (Charles Haddon), 1834-1892",https://archive.org/download/treasurydavid00spurgoog/treasurydavid00spurgoog_djvu.txt,Preaching & Teaching,Spurgeon Collection,verified public domain,reviewed,Requested author collection;Use with discernment;OCR spot-check,"Spurgeon preaching, devotional, and teaching resource for sermon preparation and Christian living. OCR text should be spot-checked before quotation."
"Morning by morning; or, Daily readings for the family or the closet","Spurgeon, C. H. (Charles Haddon), 1834-1892",https://archive.org/download/morningbymorning01spur/morningbymorning01spur_djvu.txt,Preaching & Teaching,Spurgeon Collection,verified public domain,reviewed,Requested author collection;Use with discernment;OCR spot-check,"Spurgeon preaching, devotional, and teaching resource for sermon preparation and Christian living. OCR text should be spot-checked before quotation."
John Ploughman's pictures,"Spurgeon, C. H. (Charles Haddon), 1834-1892",https://archive.org/download/johnploughmanspi00spur/johnploughmanspi00spur_djvu.txt,Preaching & Teaching,Spurgeon Collection,verified public domain,reviewed,Requested author collection;Use with discernment;OCR spot-check,"Spurgeon preaching, devotional, and teaching resource for sermon preparation and Christian living. OCR text should be spot-checked before quotation."
Sermons of Rev. C.H. Spurgeon of London,"Spurgeon, C. H. (Charles Haddon), 1834-1892",https://archive.org/download/sermonsofrevchsp12spuruoft/sermonsofrevchsp12spuruoft_djvu.txt,Preaching & Teaching,Spurgeon Collection,verified public domain,reviewed,Requested author collection;Use with discernment;OCR spot-check,"Spurgeon preaching, devotional, and teaching resource for sermon preparation and Christian living. OCR text should be spot-checked before quotation."
The Metropolitan Tabernacle pulpit : sermons,"Spurgeon, C. H. (Charles Haddon), 1834-1892",https://archive.org/download/metropolitantab00spurgoog/metropolitantab00spurgoog_djvu.txt,Preaching & Teaching,Spurgeon Collection,verified public domain,reviewed,Requested author collection;Use with discernment;OCR spot-check,"Spurgeon preaching, devotional, and teaching resource for sermon preparation and Christian living. OCR text should be spot-checked before quotation."
"Around the wicket gate; or, A friendly talk with seekers concerning faith in the Lord Jesus Christ","Spurgeon, C. H. (Charles Haddon), 1834-1892",https://archive.org/download/aroundwicketgate00spur/aroundwicketgate00spur_djvu.txt,Preaching & Teaching,Spurgeon Collection,verified public domain,reviewed,Requested author collection;Use with discernment;OCR spot-check,"Spurgeon preaching, devotional, and teaching resource for sermon preparation and Christian living. OCR text should be spot-checked before quotation."
Types and emblems : being a collection of sermons preached on Sunday and Thursday evenings at the Metropolitan Tabernacle,"Spurgeon, C. H. (Charles Haddon), 1834-1892",https://archive.org/download/typesandemblems00spuruoft/typesandemblems00spuruoft_djvu.txt,Preaching & Teaching,Spurgeon Collection,verified public domain,reviewed,Requested author collection;Use with discernment;OCR spot-check,"Spurgeon preaching, devotional, and teaching resource for sermon preparation and Christian living. OCR text should be spot-checked before quotation."
Sermons of Rev. C.H. Spurgeon of London,"Spurgeon, C. H. (Charles Haddon), 1834-1892",https://archive.org/download/sermonsofrevchsp16spur/sermonsofrevchsp16spur_djvu.txt,Preaching & Teaching,Spurgeon Collection,verified public domain,reviewed,Requested author collection;Use with discernment;OCR spot-check,"Spurgeon preaching, devotional, and teaching resource for sermon preparation and Christian living. OCR text should be spot-checked before quotation."
Sermons of Rev. C.H. Spurgeon of London,"Spurgeon, C. H. (Charles Haddon), 1834-1892",https://archive.org/download/sermonsofrevchsp17spuruoft/sermonsofrevchsp17spuruoft_djvu.txt,Preaching & Teaching,Spurgeon Collection,verified public domain,reviewed,Requested author collection;Use with discernment;OCR spot-check,"Spurgeon preaching, devotional, and teaching resource for sermon preparation and Christian living. OCR text should be spot-checked before quotation."
"Second series of lectures to my students : being the addresses delivered to the students of the Pastors' College, Metropolitan Tabernacle","Spurgeon, C. H. (Charles Haddon), 1834-1892",https://archive.org/download/secondseriesofle00spur/secondseriesofle00spur_djvu.txt,Preaching & Teaching,Spurgeon Collection,verified public domain,reviewed,Requested author collection;Use with discernment;OCR spot-check,"Spurgeon preaching, devotional, and teaching resource for sermon preparation and Christian living. OCR text should be spot-checked before quotation."
My sermon notes : a selection from outlines of discourses delivered at the Metropolitan Tabernacle,"Spurgeon, C. H. (Charles Haddon), 1834-1892",https://archive.org/download/mysermonnotessel02spur/mysermonnotessel02spur_djvu.txt,Preaching & Teaching,Spurgeon Collection,verified public domain,reviewed,Requested author collection;Use with discernment;OCR spot-check,"Spurgeon preaching, devotional, and teaching resource for sermon preparation and Christian living. OCR text should be spot-checked before quotation."
"The saint and his Saviour; or, The progress of the soul in the knowledge of Jesus","Spurgeon, Charles Haddon, 1834-1892",https://archive.org/download/sainthissaviouro00spur/sainthissaviouro00spur_djvu.txt,Preaching & Teaching,Spurgeon Collection,verified public domain,reviewed,Requested author collection;Use with discernment;OCR spot-check,"Spurgeon preaching, devotional, and teaching resource for sermon preparation and Christian living. OCR text should be spot-checked before quotation."
The Metropolitan Tabernacle pulpit : sermons,"Spurgeon, C. H. (Charles Haddon), 1834-1892",https://archive.org/download/metropolitantab06spurgoog/metropolitantab06spurgoog_djvu.txt,Preaching & Teaching,Spurgeon Collection,verified public domain,reviewed,Requested author collection;Use with discernment;OCR spot-check,"Spurgeon preaching, devotional, and teaching resource for sermon preparation and Christian living. OCR text should be spot-checked before quotation."
Storm signals : being a collection of sermons preached on Sunday and Thursday evenings at the Metropolitan Tabernacle,"Spurgeon, C. H. (Charles Haddon), 1834-1892",https://archive.org/download/stormsignalsbein00spur/stormsignalsbein00spur_djvu.txt,Preaching & Teaching,Spurgeon Collection,verified public domain,reviewed,Requested author collection;Use with discernment;OCR spot-check,"Spurgeon preaching, devotional, and teaching resource for sermon preparation and Christian living. OCR text should be spot-checked before quotation."
Sermons of Rev. C.H. Spurgeon of London,"Spurgeon, C. H. (Charles Haddon), 1834-1892",https://archive.org/download/sermonsofrevchsp12spur/sermonsofrevchsp12spur_djvu.txt,Preaching & Teaching,Spurgeon Collection,verified public domain,reviewed,Requested author collection;Use with discernment;OCR spot-check,"Spurgeon preaching, devotional, and teaching resource for sermon preparation and Christian living. OCR text should be spot-checked before quotation."
Daily help [microform],"Spurgeon, C. H. (Charles Haddon), 1834-1892",https://archive.org/download/MN41387ucmf_4/MN41387ucmf_4_djvu.txt,Preaching & Teaching,Spurgeon Collection,verified public domain,reviewed,Requested author collection;Use with discernment;OCR spot-check,"Spurgeon preaching, devotional, and teaching resource for sermon preparation and Christian living. OCR text should be spot-checked before quotation."
The Metropolitan Tabernacle pulpit : sermons,"Spurgeon, C. H. (Charles Haddon), 1834-1892",https://archive.org/download/metropolitantab05spurgoog/metropolitantab05spurgoog_djvu.txt,Preaching & Teaching,Spurgeon Collection,verified public domain,reviewed,Requested author collection;Use with discernment;OCR spot-check,"Spurgeon preaching, devotional, and teaching resource for sermon preparation and Christian living. OCR text should be spot-checked before quotation."
Sermons of Rev. C.H. Spurgeon of London,"Spurgeon, C. H. (Charles Haddon), 1834-1892",https://archive.org/download/sermonsofrevchsp18spuruoft/sermonsofrevchsp18spuruoft_djvu.txt,Preaching & Teaching,Spurgeon Collection,verified public domain,reviewed,Requested author collection;Use with discernment;OCR spot-check,"Spurgeon preaching, devotional, and teaching resource for sermon preparation and Christian living. OCR text should be spot-checked before quotation."
The Metropolitan Tabernacle pulpit : sermons,"Spurgeon, C. H. (Charles Haddon), 1834-1892",https://archive.org/download/metropolitantab08spurgoog/metropolitantab08spurgoog_djvu.txt,Preaching & Teaching,Spurgeon Collection,verified public domain,reviewed,Requested author collection;Use with discernment;OCR spot-check,"Spurgeon preaching, devotional, and teaching resource for sermon preparation and Christian living. OCR text should be spot-checked before quotation."
"Brilliants, selected from the works of C.H. Spurgeon","Spurgeon, C. H. (Charles Haddon), 1834-1892",https://archive.org/download/brilliantsselect00spur/brilliantsselect00spur_djvu.txt,Preaching & Teaching,Spurgeon Collection,verified public domain,reviewed,Requested author collection;Use with discernment;OCR spot-check,"Spurgeon preaching, devotional, and teaching resource for sermon preparation and Christian living. OCR text should be spot-checked before quotation."
Representative modern preachers,"Brastow, Lewis Orsmond, 1834-1912; Schleiermacher, Friedrich, 1768-1834; Robertson, Frederick William, 1816-1853; Beecher, Henry Ward, 1813-1887; Bushnell, Horace, 1802-1876; Brooks, Phillips, 1835-1893; Newman, John Henry, 1801-1890; Mozley, J. B. (James Bowling), 1813-1878; Guthrie, Thomas, 1803-1873; Spurgeon, C. H. (Charles Haddon), 1834-1892",https://archive.org/download/representativemo00bras/representativemo00bras_djvu.txt,Preaching & Teaching,Spurgeon Collection,verified public domain,reviewed,Requested author collection;Use with discernment;OCR spot-check,"Spurgeon preaching, devotional, and teaching resource for sermon preparation and Christian living. OCR text should be spot-checked before quotation."
Sermons of Rev. C.H. Spurgeon of London,"Spurgeon, C. H. (Charles Haddon), 1834-1892",https://archive.org/download/sermonsofrevchsp14spur/sermonsofrevchsp14spur_djvu.txt,Preaching & Teaching,Spurgeon Collection,verified public domain,reviewed,Requested author collection;Use with discernment;OCR spot-check,"Spurgeon preaching, devotional, and teaching resource for sermon preparation and Christian living. OCR text should be spot-checked before quotation."
"Second series of lectures to my students; being addresses delivered to the students of the Pastors' College, Metropolitan Tabernacle","Spurgeon, C. H. (Charles Haddon), 1834-1892",https://archive.org/download/secondseriesofle00spuriala/secondseriesofle00spuriala_djvu.txt,Preaching & Teaching,Spurgeon Collection,verified public domain,reviewed,Requested author collection;Use with discernment;OCR spot-check,"Spurgeon preaching, devotional, and teaching resource for sermon preparation and Christian living. OCR text should be spot-checked before quotation."
The Metropolitan Tabernacle pulpit : sermons,"Spurgeon, C. H. (Charles Haddon), 1834-1892",https://archive.org/download/metropolitantab04spurgoog/metropolitantab04spurgoog_djvu.txt,Preaching & Teaching,Spurgeon Collection,verified public domain,reviewed,Requested author collection;Use with discernment;OCR spot-check,"Spurgeon preaching, devotional, and teaching resource for sermon preparation and Christian living. OCR text should be spot-checked before quotation."
"Sermons preached and revised by the Rev. C. H. Spurgeon, fifth series. New York, Sheldon","Spurgeon, C. H. (Charles Haddon), 1834-1892",https://archive.org/download/sermonspreachedr00spurrich/sermonspreachedr00spurrich_djvu.txt,Preaching & Teaching,Spurgeon Collection,verified public domain,reviewed,Requested author collection;Use with discernment;OCR spot-check,"Spurgeon preaching, devotional, and teaching resource for sermon preparation and Christian living. OCR text should be spot-checked before quotation."
Sermons of the Rev. c. H. Spurgeon ... 3d series,"Spurgeon, C. H. (Charles Haddon), 1834-1892",https://archive.org/download/sermonsrevchspu00magogoog/sermonsrevchspu00magogoog_djvu.txt,Preaching & Teaching,Spurgeon Collection,verified public domain,reviewed,Requested author collection;Use with discernment;OCR spot-check,"Spurgeon preaching, devotional, and teaching resource for sermon preparation and Christian living. OCR text should be spot-checked before quotation."
Evangelistic songs,"Ironside, H. A. (Henry Allan), 1876-1951, compiler; Tovey, Herbert G. (Herbert George), 1888-1972, editor",https://archive.org/download/evangelisticsong00iron/evangelisticsong00iron_djvu.txt,Commentaries,Ironside Collection,verified public domain,reviewed,Use with discernment;OCR spot-check,Ironside exposition or Christian living resource for Bible study and teaching preparation. OCR text should be spot-checked before quotation.
Lectures on the Epistle to the Colossians,"Ironside, H. A. (Henry Allan), 1876-1951",https://archive.org/download/lecturesonepistl0000iron/lecturesonepistl0000iron_djvu.txt,Commentaries,Ironside Collection,verified public domain,reviewed,Use with discernment;OCR spot-check,Ironside exposition or Christian living resource for Bible study and teaching preparation. OCR text should be spot-checked before quotation.
Notes on the book of Nehemiah,"Ironside, H. A. (Henry Allan), 1876-1951",https://archive.org/download/notesonbookofneh0000iron/notesonbookofneh0000iron_djvu.txt,Commentaries,Ironside Collection,verified public domain,reviewed,Use with discernment;OCR spot-check,Ironside exposition or Christian living resource for Bible study and teaching preparation. OCR text should be spot-checked before quotation.
"DEATH AND AFTERWARDS: For the Christian, For the Christless, Spirit, Soul & Body",Harry A. Ironside Litt. D.,https://archive.org/download/deathafterwardsf0000harr/deathafterwardsf0000harr_djvu.txt,Commentaries,Ironside Collection,verified public domain,reviewed,Use with discernment;OCR spot-check,Ironside exposition or Christian living resource for Bible study and teaching preparation. OCR text should be spot-checked before quotation.
Lectures on the Epistle to the Colossians,"Ironside, H. A. (Henry Allan), 1876-1951",https://archive.org/download/colossians0000unse/colossians0000unse_djvu.txt,Commentaries,Ironside Collection,verified public domain,reviewed,Use with discernment;OCR spot-check,Ironside exposition or Christian living resource for Bible study and teaching preparation. OCR text should be spot-checked before quotation.
Lectures on the Book of Revelation,"Kelly, William, 1821-1906",https://archive.org/download/lecturesonbookof00kell/lecturesonbookof00kell_djvu.txt,Commentaries,William Kelly Collection,verified public domain,reviewed,Use with discernment;OCR spot-check,William Kelly Bible exposition for commentary comparison and teaching preparation. OCR text should be spot-checked before quotation.
"Notes on the Epistle of Paul, the apostle, to the Romans : with a new translation","Kelly, William, 1821-1906",https://archive.org/download/notesonepistleof00kell/notesonepistleof00kell_djvu.txt,Commentaries,William Kelly Collection,verified public domain,reviewed,Use with discernment;OCR spot-check,William Kelly Bible exposition for commentary comparison and teaching preparation. OCR text should be spot-checked before quotation.
Lectures on the Epistle of Paul the Apostle to the Philippians : with a new translation..,"Kelly, William, 1821-1906",https://archive.org/download/lecturesonepistlephil00kell/lecturesonepistlephil00kell_djvu.txt,Commentaries,William Kelly Collection,verified public domain,reviewed,Use with discernment;OCR spot-check,William Kelly Bible exposition for commentary comparison and teaching preparation. OCR text should be spot-checked before quotation.
"Lectures on the Epistle of Paul, the Apostle, to the Galatians : with a new translation..","Kelly, William, 1821-1906",https://archive.org/download/lecturesonepistl00kell/lecturesonepistl00kell_djvu.txt,Commentaries,William Kelly Collection,verified public domain,reviewed,Use with discernment;OCR spot-check,William Kelly Bible exposition for commentary comparison and teaching preparation. OCR text should be spot-checked before quotation.
"Preaching to the spirits in prison, I Peter, 3:18-20","Kelly, William, 1821-1906",https://archive.org/download/preachingtospiri00kellrich/preachingtospiri00kellrich_djvu.txt,Commentaries,William Kelly Collection,verified public domain,reviewed,Use with discernment;OCR spot-check,William Kelly Bible exposition for commentary comparison and teaching preparation. OCR text should be spot-checked before quotation.
Lectures on the Epistle of Paul the apostle to the Ephesians [microform],"Kelly, William, 1821-1906",https://archive.org/download/MN41979ucmf_7/MN41979ucmf_7_djvu.txt,Commentaries,William Kelly Collection,verified public domain,reviewed,Use with discernment;OCR spot-check,William Kelly Bible exposition for commentary comparison and teaching preparation. OCR text should be spot-checked before quotation.
Lectures on the book of Isaiah,"Kelly, William, 1821-1906",https://archive.org/download/lecturesonbooko00kell/lecturesonbooko00kell_djvu.txt,Commentaries,William Kelly Collection,verified public domain,reviewed,Use with discernment;OCR spot-check,William Kelly Bible exposition for commentary comparison and teaching preparation. OCR text should be spot-checked before quotation.
Lectures introductory to the study of the Pentateuch,"Kelly, William, 1821-1906",https://archive.org/download/lecturesintrodu02kellgoog/lecturesintrodu02kellgoog_djvu.txt,Commentaries,William Kelly Collection,verified public domain,reviewed,Use with discernment;OCR spot-check,William Kelly Bible exposition for commentary comparison and teaching preparation. OCR text should be spot-checked before quotation.
"Preaching to the spirits in prison, I Peter, 3:18-20 [microform]","Kelly, William, 1821-1906",https://archive.org/download/MN41537ucmf_3/MN41537ucmf_3_djvu.txt,Commentaries,William Kelly Collection,verified public domain,reviewed,Use with discernment;OCR spot-check,William Kelly Bible exposition for commentary comparison and teaching preparation. OCR text should be spot-checked before quotation.
Lectures introductory to the study of the Epistles of Paul the apostle,"Kelly, William, 1821-1906",https://archive.org/download/cu31924031183803/cu31924031183803_djvu.txt,Commentaries,William Kelly Collection,verified public domain,reviewed,Use with discernment;OCR spot-check,William Kelly Bible exposition for commentary comparison and teaching preparation. OCR text should be spot-checked before quotation.
Lectures introductory to the study of the Epistles of Paul the apostle,"Kelly, William, 1821-1906",https://archive.org/download/lecturesintrod00kell/lecturesintrod00kell_djvu.txt,Commentaries,William Kelly Collection,verified public domain,reviewed,Use with discernment;OCR spot-check,William Kelly Bible exposition for commentary comparison and teaching preparation. OCR text should be spot-checked before quotation.
Lectures introductory to the study of the Gospels,"Kelly, William, 1821-1906",https://archive.org/download/cu31924031187754/cu31924031187754_djvu.txt,Commentaries,William Kelly Collection,verified public domain,reviewed,Use with discernment;OCR spot-check,William Kelly Bible exposition for commentary comparison and teaching preparation. OCR text should be spot-checked before quotation.
Notes on the book of Job : with a new version,"Kelly, William, 1821-1906",https://archive.org/download/notesonbookjobw00kellgoog/notesonbookjobw00kellgoog_djvu.txt,Commentaries,William Kelly Collection,verified public domain,reviewed,Use with discernment;OCR spot-check,William Kelly Bible exposition for commentary comparison and teaching preparation. OCR text should be spot-checked before quotation.
Notes on the book of Job : with a new version,"Kelly, William, 1821-1906",https://archive.org/download/notesonbookjobw01kellgoog/notesonbookjobw01kellgoog_djvu.txt,Commentaries,William Kelly Collection,verified public domain,reviewed,Use with discernment;OCR spot-check,William Kelly Bible exposition for commentary comparison and teaching preparation. OCR text should be spot-checked before quotation.
Six lectures on fundamental truths connected with the church of God,"Kelly, William, 1821-1906",https://archive.org/download/sixlecturesonfun00kell/sixlecturesonfun00kell_djvu.txt,Commentaries,William Kelly Collection,verified public domain,reviewed,Use with discernment;OCR spot-check,William Kelly Bible exposition for commentary comparison and teaching preparation. OCR text should be spot-checked before quotation.
Lectures introductory to the study of the Gospels,"Kelly, William, 1821-1906",https://archive.org/download/lecturesintrodu05kellgoog/lecturesintrodu05kellgoog_djvu.txt,Commentaries,William Kelly Collection,verified public domain,reviewed,Use with discernment;OCR spot-check,William Kelly Bible exposition for commentary comparison and teaching preparation. OCR text should be spot-checked before quotation.
Lectures introductory to the study of the Gospels,"Kelly, William, 1821-1906",https://archive.org/download/lecturesintrodu04kellgoog/lecturesintrodu04kellgoog_djvu.txt,Commentaries,William Kelly Collection,verified public domain,reviewed,Use with discernment;OCR spot-check,William Kelly Bible exposition for commentary comparison and teaching preparation. OCR text should be spot-checked before quotation.
Lectures introductory to the study of the Gospels,"Kelly, William, 1821-1906",https://archive.org/download/lecturesintrodu01kellgoog/lecturesintrodu01kellgoog_djvu.txt,Commentaries,William Kelly Collection,verified public domain,reviewed,Use with discernment;OCR spot-check,William Kelly Bible exposition for commentary comparison and teaching preparation. OCR text should be spot-checked before quotation.
"Preaching to the spirits in prison, I Peter, 3:18-20","Kelly, William, 1821-1906",https://archive.org/download/cu31924031695434/cu31924031695434_djvu.txt,Commentaries,William Kelly Collection,verified public domain,reviewed,Use with discernment;OCR spot-check,William Kelly Bible exposition for commentary comparison and teaching preparation. OCR text should be spot-checked before quotation.
Lectures on the New Testament doctrine of the Holy Spirit,"Kelly, William, 1821-1906",https://archive.org/download/lecturesonnewtes00kell/lecturesonnewtes00kell_djvu.txt,Commentaries,William Kelly Collection,verified public domain,reviewed,Use with discernment;OCR spot-check,William Kelly Bible exposition for commentary comparison and teaching preparation. OCR text should be spot-checked before quotation.
Synopsis of the books of the Bible,"Darby, J. N. (John Nelson), 1800-1882",https://archive.org/download/synopsisofbookso05darb/synopsisofbookso05darb_djvu.txt,Commentaries,Darby Collection,verified public domain,reviewed,Use with discernment;OCR spot-check,Darby Bible exposition or collected teaching for study and doctrinal review. OCR text should be spot-checked before quotation.
Synopsis of the books of the Bible,"Darby, J. N. (John Nelson), 1800-1882",https://archive.org/download/synopsisofbookso01darb/synopsisofbookso01darb_djvu.txt,Commentaries,Darby Collection,verified public domain,reviewed,Use with discernment;OCR spot-check,Darby Bible exposition or collected teaching for study and doctrinal review. OCR text should be spot-checked before quotation.
Synopsis of the books of the Bible,"Darby, J. N. (John Nelson), 1800-1882",https://archive.org/download/synopsisofbookso02darb/synopsisofbookso02darb_djvu.txt,Commentaries,Darby Collection,verified public domain,reviewed,Use with discernment;OCR spot-check,Darby Bible exposition or collected teaching for study and doctrinal review. OCR text should be spot-checked before quotation.
"The claims of the church of England considered : being the close of a correspondence between the Rev. James Kelly, of Stillogen, Ireland, and J.N. Darby","Kelly, James; Darby, J. N. (John Nelson), 1800-1882",https://archive.org/download/theclaimsofthech00kelluoft/theclaimsofthech00kelluoft_djvu.txt,Commentaries,Darby Collection,verified public domain,reviewed,Use with discernment;OCR spot-check,Darby Bible exposition or collected teaching for study and doctrinal review. OCR text should be spot-checked before quotation.
Synopsis of the books of the Bible,"Darby, J. N. (John Nelson), 1800-1882",https://archive.org/download/synopsisofbookso03darb/synopsisofbookso03darb_djvu.txt,Commentaries,Darby Collection,verified public domain,reviewed,Use with discernment;OCR spot-check,Darby Bible exposition or collected teaching for study and doctrinal review. OCR text should be spot-checked before quotation.
Practical reflections on the Psalms,"Darby, J. N. (John Nelson), 1800-1882",https://archive.org/download/practicalreflect00darb/practicalreflect00darb_djvu.txt,Commentaries,Darby Collection,verified public domain,reviewed,Use with discernment;OCR spot-check,Darby Bible exposition or collected teaching for study and doctrinal review. OCR text should be spot-checked before quotation.
Dialogues on the essays and reviews,"Darby, J. N. (John Nelson), 1800-1882",https://archive.org/download/dialoguesonessa00darbgoog/dialoguesonessa00darbgoog_djvu.txt,Commentaries,Darby Collection,verified public domain,reviewed,Use with discernment;OCR spot-check,Darby Bible exposition or collected teaching for study and doctrinal review. OCR text should be spot-checked before quotation.
Dr. Colenso and the Pentateuch [microform],"Darby, John Nelson, 1800-1882; Colenso, John William, 1814-1883. The Pentateuch and book of Joshua critically examined",https://archive.org/download/cihm_63132/cihm_63132_djvu.txt,Commentaries,Darby Collection,verified public domain,reviewed,Use with discernment;OCR spot-check,Darby Bible exposition or collected teaching for study and doctrinal review. OCR text should be spot-checked before quotation.
"The claims of the church of England considered : being the close of a correspondence between the Rev. James Kelly, of Stillogen, Ireland, and J.N. Darby","Kelly, James; Darby, J. N. (John Nelson), 1800-1882",https://archive.org/download/claimsofchurchof00kell/claimsofchurchof00kell_djvu.txt,Commentaries,Darby Collection,verified public domain,reviewed,Use with discernment;OCR spot-check,Darby Bible exposition or collected teaching for study and doctrinal review. OCR text should be spot-checked before quotation.
Ministry on the epistle to the Ephesians,"Darby, J. N. (John Nelson), 1800-1882",https://archive.org/download/ministryonepistl00darb/ministryonepistl00darb_djvu.txt,Commentaries,Darby Collection,verified public domain,reviewed,Use with discernment;OCR spot-check,Darby Bible exposition or collected teaching for study and doctrinal review. OCR text should be spot-checked before quotation.
"Ought we to be watching? [microform] : a reply to Mr. Laing's tract on the ""Second coming of the Lord""","Grant, F. W. (Frederick William), 1834-1902; Laing, John, 1828-1902. Second coming of the Lord",https://archive.org/download/cihm_33695/cihm_33695_djvu.txt,Commentaries,F. W. Grant Collection,verified public domain,reviewed,Use with discernment;OCR spot-check,F. W. Grant Bible exposition or doctrinal resource for study and teaching preparation. OCR text should be spot-checked before quotation.
A letter relating to the division at Montreal [microform],"Grant, F. W. (Frederick William), 1834-1902",https://archive.org/download/cihm_60949/cihm_60949_djvu.txt,Commentaries,F. W. Grant Collection,verified public domain,reviewed,Use with discernment;OCR spot-check,F. W. Grant Bible exposition or doctrinal resource for study and teaching preparation. OCR text should be spot-checked before quotation.
The annotated Bible; the Holy Scriptures analysed and annotated,"Gaebelein, Arno Clemens, 1861-1945",https://archive.org/download/annotatedbibleho04gaeb/annotatedbibleho04gaeb_djvu.txt,Commentaries,Gaebelein Collection,verified public domain,reviewed,Use with discernment;OCR spot-check,Gaebelein Bible exposition and prophecy study resource. OCR text should be spot-checked before quotation.
The annotated Bible; the Holy Scriptures analyzed and annotated,"Gaebelein, Arno Clemens, 1861-1945",https://archive.org/download/annotatedbible05gaeb/annotatedbible05gaeb_djvu.txt,Commentaries,Gaebelein Collection,verified public domain,reviewed,Use with discernment;OCR spot-check,Gaebelein Bible exposition and prophecy study resource. OCR text should be spot-checked before quotation.
The annotated Bible; the Holy Scriptures analysed and annotated,"Gaebelein, Arno Clemens, 1861-1945",https://archive.org/download/annotatedbibleho02gaeb/annotatedbibleho02gaeb_djvu.txt,Commentaries,Gaebelein Collection,verified public domain,reviewed,Use with discernment;OCR spot-check,Gaebelein Bible exposition and prophecy study resource. OCR text should be spot-checked before quotation.
Things new and old; Old and New Testament studies,"Scofield, C. I. (Cyrus Ingerson), 1843-1921; Gaebelein, Arno Clemens, 1861-1945, ed",https://archive.org/download/thingsnewoldoldn00scof/thingsnewoldoldn00scof_djvu.txt,Commentaries,Gaebelein Collection,verified public domain,reviewed,Use with discernment;OCR spot-check,Gaebelein Bible exposition and prophecy study resource. OCR text should be spot-checked before quotation.
The annotated Bible; the Holy Scriptures analysed and annotated,"Gaebelein, Arno Clemens, 1861-1945",https://archive.org/download/annotatedbibleho01gaeb/annotatedbibleho01gaeb_djvu.txt,Commentaries,Gaebelein Collection,verified public domain,reviewed,Use with discernment;OCR spot-check,Gaebelein Bible exposition and prophecy study resource. OCR text should be spot-checked before quotation.
The annotated Bible; the Holy Scriptures analysed and annotated,"Gaebelein, Arno Clemens, 1861-1945",https://archive.org/download/annotatedbibleho05gaeb/annotatedbibleho05gaeb_djvu.txt,Commentaries,Gaebelein Collection,verified public domain,reviewed,Use with discernment;OCR spot-check,Gaebelein Bible exposition and prophecy study resource. OCR text should be spot-checked before quotation.
The annotated Bible; the Holy Scriptures analysed and annotated,"Gaebelein, Arno Clemens, 1861-1945",https://archive.org/download/annotatedbibleho08gaeb/annotatedbibleho08gaeb_djvu.txt,Commentaries,Gaebelein Collection,verified public domain,reviewed,Use with discernment;OCR spot-check,Gaebelein Bible exposition and prophecy study resource. OCR text should be spot-checked before quotation.
"The Prophet Daniel, a key to the visions and prophecies of the Book of Daniel","Gaebelein, Arno Clemens, 1861-1945",https://archive.org/download/prophetdanielkey00gaebuoft/prophetdanielkey00gaebuoft_djvu.txt,Commentaries,Gaebelein Collection,verified public domain,reviewed,Use with discernment;OCR spot-check,Gaebelein Bible exposition and prophecy study resource. OCR text should be spot-checked before quotation.
The Jewish question,"Gaebelein, Arno Clemens, 1861-1945; Scofield, C. I. (Cyrus Ingerson), 1843-1921",https://archive.org/download/jewishquestion00gaeb/jewishquestion00gaeb_djvu.txt,Commentaries,Gaebelein Collection,verified public domain,reviewed,Use with discernment;OCR spot-check,Gaebelein Bible exposition and prophecy study resource. OCR text should be spot-checked before quotation.
The annotated Bible; the Holy Scriptures analysed and annotated,"Gaebelein, Arno Clemens, 1861-1945",https://archive.org/download/annotatedbibleho07gaeb/annotatedbibleho07gaeb_djvu.txt,Commentaries,Gaebelein Collection,verified public domain,reviewed,Use with discernment;OCR spot-check,Gaebelein Bible exposition and prophecy study resource. OCR text should be spot-checked before quotation.
The annotated Bible; the Holy Scriptures analyzed and annotated,"Gaebelein, Arno Clemens, 1861-1945",https://archive.org/download/annotatedbible02gaeb/annotatedbible02gaeb_djvu.txt,Commentaries,Gaebelein Collection,verified public domain,reviewed,Use with discernment;OCR spot-check,Gaebelein Bible exposition and prophecy study resource. OCR text should be spot-checked before quotation.
The annotated Bible; the Holy Scriptures analyzed and annotated,"Gaebelein, Arno Clemens, 1861-1945",https://archive.org/download/annotatedbible04gaeb/annotatedbible04gaeb_djvu.txt,Commentaries,Gaebelein Collection,verified public domain,reviewed,Use with discernment;OCR spot-check,Gaebelein Bible exposition and prophecy study resource. OCR text should be spot-checked before quotation.
The annotated Bible; the Holy Scriptures analyzed and annotated,"Gaebelein, Arno Clemens, 1861-1945",https://archive.org/download/annotatedbible01gaeb/annotatedbible01gaeb_djvu.txt,Commentaries,Gaebelein Collection,verified public domain,reviewed,Use with discernment;OCR spot-check,Gaebelein Bible exposition and prophecy study resource. OCR text should be spot-checked before quotation.
The annotated Bible; the Holy Scriptures analyzed and annotated,"Gaebelein, Arno Clemens, 1861-1945",https://archive.org/download/annotatedbible03gaeb/annotatedbible03gaeb_djvu.txt,Commentaries,Gaebelein Collection,verified public domain,reviewed,Use with discernment;OCR spot-check,Gaebelein Bible exposition and prophecy study resource. OCR text should be spot-checked before quotation.
The annotated Bible; the Holy Scriptures analysed and annotated,"Gaebelein, Arno Clemens, 1861-1945",https://archive.org/download/annotatedbibleho03gaeb/annotatedbibleho03gaeb_djvu.txt,Commentaries,Gaebelein Collection,verified public domain,reviewed,Use with discernment;OCR spot-check,Gaebelein Bible exposition and prophecy study resource. OCR text should be spot-checked before quotation.
The Jewish question,"Gaebelein, Arno Clemens, 1861-1945; Scofield, C. I. (Cyrus Ingerson), 1843-1921",https://archive.org/download/jewishquestion00scofgoog/jewishquestion00scofgoog_djvu.txt,Commentaries,Gaebelein Collection,verified public domain,reviewed,Use with discernment;OCR spot-check,Gaebelein Bible exposition and prophecy study resource. OCR text should be spot-checked before quotation.
The annotated Bible; the Holy Scriptures analysed and annotated,"Gaebelein, Arno Clemens, 1861-1945",https://archive.org/download/annotatedbibleho06gaeb/annotatedbibleho06gaeb_djvu.txt,Commentaries,Gaebelein Collection,verified public domain,reviewed,Use with discernment;OCR spot-check,Gaebelein Bible exposition and prophecy study resource. OCR text should be spot-checked before quotation.
Current events in the light of the Bible,"Gaebelein, Arno Clemens, 1861-1945",https://archive.org/download/currenteventsinl00gaeb/currenteventsinl00gaeb_djvu.txt,Commentaries,Gaebelein Collection,verified public domain,reviewed,Use with discernment;OCR spot-check,Gaebelein Bible exposition and prophecy study resource. OCR text should be spot-checked before quotation.
Studies in prophecy,"Gaebelein, Arno Clemens, 1861-",https://archive.org/download/studiesinprophec00gaebuoft/studiesinprophec00gaebuoft_djvu.txt,Commentaries,Gaebelein Collection,verified public domain,reviewed,Use with discernment;OCR spot-check,Gaebelein Bible exposition and prophecy study resource. OCR text should be spot-checked before quotation.
The annotated Bible; the Holy Scriptures analyzed and annotated,"Gaebelein, Arno Clemens, 1861-1945",https://archive.org/download/annotatedbib01gaeb/annotatedbib01gaeb_djvu.txt,Commentaries,Gaebelein Collection,verified public domain,reviewed,Use with discernment;OCR spot-check,Gaebelein Bible exposition and prophecy study resource. OCR text should be spot-checked before quotation.
His riches--our riches : a gospel message,"Gaebelein, Arno Clemens, 1861-1945",https://archive.org/download/hisrichesourrich00gaeb/hisrichesourrich00gaeb_djvu.txt,Commentaries,Gaebelein Collection,verified public domain,reviewed,Use with discernment;OCR spot-check,Gaebelein Bible exposition and prophecy study resource. OCR text should be spot-checked before quotation.
The annotated Bible; the Holy Scriptures analyzed and annotated,"Gaebelein, Arno Clemens, 1861-1945",https://archive.org/download/annotatedbib02gaeb/annotatedbib02gaeb_djvu.txt,Commentaries,Gaebelein Collection,verified public domain,reviewed,Use with discernment;OCR spot-check,Gaebelein Bible exposition and prophecy study resource. OCR text should be spot-checked before quotation.
"The seven parables, Matthew XIII : an exposition ..","Gaebelein, Arno Clemens, 1861-1945",https://archive.org/download/sevenparablesmat00gaeb/sevenparablesmat00gaeb_djvu.txt,Commentaries,Gaebelein Collection,verified public domain,reviewed,Use with discernment;OCR spot-check,Gaebelein Bible exposition and prophecy study resource. OCR text should be spot-checked before quotation.
The Gospel of John,"Gaebelein, Arno Clemens, 1861-1945",https://archive.org/download/gospelofjohn00gaeb/gospelofjohn00gaeb_djvu.txt,Commentaries,Gaebelein Collection,verified public domain,reviewed,Use with discernment;OCR spot-check,Gaebelein Bible exposition and prophecy study resource. OCR text should be spot-checked before quotation.
The Gospel of Matthew : An exposition,"Gaebelein, Arno Clemens, 1861-1945",https://archive.org/download/thegospelofmatth00gaebuoft/thegospelofmatth00gaebuoft_djvu.txt,Commentaries,Gaebelein Collection,verified public domain,reviewed,Use with discernment;OCR spot-check,Gaebelein Bible exposition and prophecy study resource. OCR text should be spot-checked before quotation.
The annotated Bible; the Holy Scriptures analyzed and annotated,"Gaebelein, Arno Clemens, 1861-1945",https://archive.org/download/annotatedbib04gaeb/annotatedbib04gaeb_djvu.txt,Commentaries,Gaebelein Collection,verified public domain,reviewed,Use with discernment;OCR spot-check,Gaebelein Bible exposition and prophecy study resource. OCR text should be spot-checked before quotation.
"The Gospel of Matthew, an exposition","Gaebelein, Arno Clemens, 1861-1945",https://archive.org/download/gospelofmatthewe01gaebuoft/gospelofmatthewe01gaebuoft_djvu.txt,Commentaries,Gaebelein Collection,verified public domain,reviewed,Use with discernment;OCR spot-check,Gaebelein Bible exposition and prophecy study resource. OCR text should be spot-checked before quotation.
The annotated Bible; the Holy Scriptures analyzed and annotated,"Gaebelein, Arno Clemens, 1861-1945",https://archive.org/download/annotatedbib03gaeb/annotatedbib03gaeb_djvu.txt,Commentaries,Gaebelein Collection,verified public domain,reviewed,Use with discernment;OCR spot-check,Gaebelein Bible exposition and prophecy study resource. OCR text should be spot-checked before quotation.
The prophet Joel; an exposition,"Gaebelein, Arno Clemens, 1861-1945",https://archive.org/download/prophetjoelexpos00gaebiala/prophetjoelexpos00gaebiala_djvu.txt,Commentaries,Gaebelein Collection,verified public domain,reviewed,Use with discernment;OCR spot-check,Gaebelein Bible exposition and prophecy study resource. OCR text should be spot-checked before quotation.
The annotated Bible; the Holy Scriptures analyzed and annotated,"Gaebelein, Arno Clemens, 1861-1945",https://archive.org/download/annotatedbibleh02gaebgoog/annotatedbibleh02gaebgoog_djvu.txt,Commentaries,Gaebelein Collection,verified public domain,reviewed,Use with discernment;OCR spot-check,Gaebelein Bible exposition and prophecy study resource. OCR text should be spot-checked before quotation.
"""Hath God cast away His people?"" [microform]","Gaebelein, Arno Clemens, 1861-1945",https://archive.org/download/cihm_86920/cihm_86920_djvu.txt,Commentaries,Gaebelein Collection,verified public domain,reviewed,Use with discernment;OCR spot-check,Gaebelein Bible exposition and prophecy study resource. OCR text should be spot-checked before quotation.
The Acts of the apostles;,"Gaebelein, Arno Clemens, 1861-1945",https://archive.org/download/actsofapostles00gaeb/actsofapostles00gaeb_djvu.txt,Commentaries,Gaebelein Collection,verified public domain,reviewed,Use with discernment;OCR spot-check,Gaebelein Bible exposition and prophecy study resource. OCR text should be spot-checked before quotation.
The prophet Daniel; a key to the visions and prophecies of the Book of Daniel,"Gaebelein, Arno Clemens, 1861-1945",https://archive.org/download/prophetdanielkey00gae/prophetdanielkey00gae_djvu.txt,Commentaries,Gaebelein Collection,verified public domain,reviewed,Use with discernment;OCR spot-check,Gaebelein Bible exposition and prophecy study resource. OCR text should be spot-checked before quotation.
The annotated Bible; the Holy Scriptures analyzed and annotated,"Gaebelein, Arno Clemens, 1861-1945",https://archive.org/download/annotatedbibleh03gaebgoog/annotatedbibleh03gaebgoog_djvu.txt,Commentaries,Gaebelein Collection,verified public domain,reviewed,Use with discernment;OCR spot-check,Gaebelein Bible exposition and prophecy study resource. OCR text should be spot-checked before quotation.
God’s Masterpiece,Arno C. Gaebelein,https://archive.org/download/in.ernet.dli.2015.351120/2015.351120.Gods-Masterpiece_djvu.txt,Commentaries,Gaebelein Collection,verified public domain,reviewed,Use with discernment;OCR spot-check,Gaebelein Bible exposition and prophecy study resource. OCR text should be spot-checked before quotation.
The Revelation : an analysis and exposition of the last book of the Bible,"Gaebelein, Arno Clemens, 1861-1945",https://archive.org/download/revelationanalys0000gaeb/revelationanalys0000gaeb_djvu.txt,Commentaries,Gaebelein Collection,verified public domain,reviewed,Use with discernment;OCR spot-check,Gaebelein Bible exposition and prophecy study resource. OCR text should be spot-checked before quotation.
The prophet Joel [microform] : an exposition,"Gaebelein, Arno Clemens, 1861-1945",https://archive.org/download/cihm_83496/cihm_83496_djvu.txt,Commentaries,Gaebelein Collection,verified public domain,reviewed,Use with discernment;OCR spot-check,Gaebelein Bible exposition and prophecy study resource. OCR text should be spot-checked before quotation.
The annotated Bible : the Holy Scriptures analyzed and annotated.,"Gaebelein, Arno Clemens, 1861-1945",https://archive.org/download/annotatedbibleho0000gaeb/annotatedbibleho0000gaeb_djvu.txt,Commentaries,Gaebelein Collection,verified public domain,reviewed,Use with discernment;OCR spot-check,Gaebelein Bible exposition and prophecy study resource. OCR text should be spot-checked before quotation.
The prophet Daniel : a key to the visions and prophecies of the book of Daniel,"Gaebelein, Arno Clemens, 1861-1945",https://archive.org/download/prophetdanielkey0000gaeb/prophetdanielkey0000gaeb_djvu.txt,Commentaries,Gaebelein Collection,verified public domain,reviewed,Use with discernment;OCR spot-check,Gaebelein Bible exposition and prophecy study resource. OCR text should be spot-checked before quotation.
Studies in Zechariah,"Gaebelein, Arno Clemens, 1861-1945",https://archive.org/download/studiesinzechari0000gaeb/studiesinzechari0000gaeb_djvu.txt,Commentaries,Gaebelein Collection,verified public domain,reviewed,Use with discernment;OCR spot-check,Gaebelein Bible exposition and prophecy study resource. OCR text should be spot-checked before quotation.
The healing question; an examination of the claims of faith-healing and divine healing systems in the lights of the Scriptures and history,"Gaebelein, Arno Clemens, 1861-1945",https://archive.org/download/healingquestione00gaeb/healingquestione00gaeb_djvu.txt,Commentaries,Gaebelein Collection,verified public domain,reviewed,Use with discernment;OCR spot-check,Gaebelein Bible exposition and prophecy study resource. OCR text should be spot-checked before quotation.
The return of the Lord : what the New Testament teaches about the second coming of Christ. An examination of the leading passages in the New Testament dealing with His return,"Gaebelein, Arno Clemens, 1861-1945",https://archive.org/download/returnoflordwhat00gaeb/returnoflordwhat00gaeb_djvu.txt,Commentaries,Gaebelein Collection,verified public domain,reviewed,Use with discernment;OCR spot-check,Gaebelein Bible exposition and prophecy study resource. OCR text should be spot-checked before quotation.
Christianity or religion? A study of the origin and growth of religion and the supernaturalism of Christianity,"Gaebelein, Arno Clemens, 1861-1945",https://archive.org/download/christianityorre00gaeb/christianityorre00gaeb_djvu.txt,Commentaries,Gaebelein Collection,verified public domain,reviewed,Use with discernment;OCR spot-check,Gaebelein Bible exposition and prophecy study resource. OCR text should be spot-checked before quotation.
The Christ we know : meditations on the person and glory of our Lord Jesus Christ,"Gaebelein, Arno Clemens, 1861-1945",https://archive.org/download/christweknowmedi00gaeb/christweknowmedi00gaeb_djvu.txt,Commentaries,Gaebelein Collection,verified public domain,reviewed,Use with discernment;OCR spot-check,Gaebelein Bible exposition and prophecy study resource. OCR text should be spot-checked before quotation.
the annotated bible : the holy scriptures analyzed and annotated,arno c. gaebelein,https://archive.org/download/annotatedbibleho0001arno/annotatedbibleho0001arno_djvu.txt,Commentaries,Gaebelein Collection,verified public domain,reviewed,Use with discernment;OCR spot-check,Gaebelein Bible exposition and prophecy study resource. OCR text should be spot-checked before quotation.
The Revelation: An Analysis and Exposition of the Last Book of the Bible,Arno C. Gaebelein,https://archive.org/download/revelationanalys0000arno/revelationanalys0000arno_djvu.txt,Commentaries,Gaebelein Collection,verified public domain,reviewed,Use with discernment;OCR spot-check,Gaebelein Bible exposition and prophecy study resource. OCR text should be spot-checked before quotation.
The Gospel of John,"Gaebelein, Arno Clemens, 1861-1945",https://archive.org/download/gospelofjohn0000gaeb/gospelofjohn0000gaeb_djvu.txt,Commentaries,Gaebelein Collection,verified public domain,reviewed,Use with discernment;OCR spot-check,Gaebelein Bible exposition and prophecy study resource. OCR text should be spot-checked before quotation.
The Revelation,Arno C. Gaebelein,https://archive.org/download/revelation0000arno_u1t6/revelation0000arno_u1t6_djvu.txt,Commentaries,Gaebelein Collection,verified public domain,reviewed,Use with discernment;OCR spot-check,Gaebelein Bible exposition and prophecy study resource. OCR text should be spot-checked before quotation.
"The Holy Spirit in the New Testament : an exegetical examination of every New Testament reference to the Spirit of God ; a text book for seminaries, Bible institutes and all Christian workers and Bible students","Gaebelein, Arno Clemens, 1861-1945",https://archive.org/download/holyspiritinnewt0000gaeb/holyspiritinnewt0000gaeb_djvu.txt,Commentaries,Gaebelein Collection,verified public domain,reviewed,Use with discernment;OCR spot-check,Gaebelein Bible exposition and prophecy study resource. OCR text should be spot-checked before quotation.
Studies in Prophecy,Arno C. Gaebelein,https://archive.org/download/studiesinprophec0000arno/studiesinprophec0000arno_djvu.txt,Commentaries,Gaebelein Collection,verified public domain,reviewed,Use with discernment;OCR spot-check,Gaebelein Bible exposition and prophecy study resource. OCR text should be spot-checked before quotation.
THE ACTS OF THE APOSTLES An Exposition,ARNO C. GAEBELEIN,https://archive.org/download/bwb_C0-ALM-289/bwb_C0-ALM-289_djvu.txt,Commentaries,Gaebelein Collection,verified public domain,reviewed,Use with discernment;OCR spot-check,Gaebelein Bible exposition and prophecy study resource. OCR text should be spot-checked before quotation.
Studies in Prophecy,Arno C. Gaebelein,https://archive.org/download/bwb_S0-BMC-933/bwb_S0-BMC-933_djvu.txt,Commentaries,Gaebelein Collection,verified public domain,reviewed,Use with discernment;OCR spot-check,Gaebelein Bible exposition and prophecy study resource. OCR text should be spot-checked before quotation.
the prophet ezekiel: an analytical exposition,arno c. gaebelein,https://archive.org/download/prophetezekielan0000arno/prophetezekielan0000arno_djvu.txt,Commentaries,Gaebelein Collection,verified public domain,reviewed,Use with discernment;OCR spot-check,Gaebelein Bible exposition and prophecy study resource. OCR text should be spot-checked before quotation.
The revelation an analysis and exposition of the last book of the bible,Arno C. Gaebelein,https://archive.org/download/revelation0000unse_w4a2/revelation0000unse_w4a2_djvu.txt,Commentaries,Gaebelein Collection,verified public domain,reviewed,Use with discernment;OCR spot-check,Gaebelein Bible exposition and prophecy study resource. OCR text should be spot-checked before quotation.
Expository thoughts on the Gospels,"Ryle, J. C. (John Charles), 1816-1900",https://archive.org/download/expositorythough00rylerich/expositorythough00rylerich_djvu.txt,Christian Living,Ryle Collection,verified public domain,reviewed,Requested author collection;Use with discernment;OCR spot-check,"J. C. Ryle practical Christian resource for discipleship, teaching, and devotional reading. OCR text should be spot-checked before quotation."
"Practical religion : being plain papers on the daily duties, experience, dangers, and privileges of professing Christians","Ryle, J. C. (John Charles), 1816-1900",https://archive.org/download/practicalreligio00ryle/practicalreligio00ryle_djvu.txt,Christian Living,Ryle Collection,verified public domain,reviewed,Requested author collection;Use with discernment;OCR spot-check,"J. C. Ryle practical Christian resource for discipleship, teaching, and devotional reading. OCR text should be spot-checked before quotation."
Light from old times : or Protestant facts and men,"Ryle, J. C. (John Charles), 1816-1900",https://archive.org/download/lightfromoldtime00ryleuoft/lightfromoldtime00ryleuoft_djvu.txt,Christian Living,Ryle Collection,verified public domain,reviewed,Requested author collection;Use with discernment;OCR spot-check,"J. C. Ryle practical Christian resource for discipleship, teaching, and devotional reading. OCR text should be spot-checked before quotation."
The Christian leaders of England in the eighteenth century,"Ryle, J. C. (John Charles), 1816-1900",https://archive.org/download/christianleaders00ryleuoft/christianleaders00ryleuoft_djvu.txt,Christian Living,Ryle Collection,verified public domain,reviewed,Requested author collection;Use with discernment;OCR spot-check,"J. C. Ryle practical Christian resource for discipleship, teaching, and devotional reading. OCR text should be spot-checked before quotation."
Old paths : being plain statements on some of the weightier matters of Christianity from the standpoint of an evangelical churchman,"Ryle, J. C. (John Charles), 1816-1900",https://archive.org/download/oldpathsbeingpla00ryle/oldpathsbeingpla00ryle_djvu.txt,Christian Living,Ryle Collection,verified public domain,reviewed,Requested author collection;Use with discernment;OCR spot-check,"J. C. Ryle practical Christian resource for discipleship, teaching, and devotional reading. OCR text should be spot-checked before quotation."
Principles for churchmen : a manual of positive statements on some subjects of controversy ..,"Ryle, J. C. (John Charles), 1816-1900",https://archive.org/download/principlesforchu00ryleuoft/principlesforchu00ryleuoft_djvu.txt,Christian Living,Ryle Collection,verified public domain,reviewed,Requested author collection;Use with discernment;OCR spot-check,"J. C. Ryle practical Christian resource for discipleship, teaching, and devotional reading. OCR text should be spot-checked before quotation."
"Expository thoughts on the Gospels : for family and private use, with the text complete ..","Ryle, J. C. (John Charles), 1816-1900",https://archive.org/download/expositorythough05ryle/expositorythough05ryle_djvu.txt,Christian Living,Ryle Collection,verified public domain,reviewed,Requested author collection;Use with discernment;OCR spot-check,"J. C. Ryle practical Christian resource for discipleship, teaching, and devotional reading. OCR text should be spot-checked before quotation."
"Practical religion. Being plain papers on the daily duties, experience, dangers and privileges of professing Christians","Ryle, J. C. (John Charles), 1816-1900",https://archive.org/download/practicalreligio00ryleiala/practicalreligio00ryleiala_djvu.txt,Christian Living,Ryle Collection,verified public domain,reviewed,Requested author collection;Use with discernment;OCR spot-check,"J. C. Ryle practical Christian resource for discipleship, teaching, and devotional reading. OCR text should be spot-checked before quotation."
"Expository thoughts on the Gospels : for family and private use, with the text complete ..","Ryle, J. C. (John Charles), 1816-1900",https://archive.org/download/expositorythough06ryle/expositorythough06ryle_djvu.txt,Christian Living,Ryle Collection,verified public domain,reviewed,Requested author collection;Use with discernment;OCR spot-check,"J. C. Ryle practical Christian resource for discipleship, teaching, and devotional reading. OCR text should be spot-checked before quotation."
Expository thoughts on the gospels : St. Mark : for family and private use,"Ryle, J. C. (John Charles), 1816-1900",https://archive.org/download/expositorythough00ryleuoft/expositorythough00ryleuoft_djvu.txt,Christian Living,Ryle Collection,verified public domain,reviewed,Requested author collection;Use with discernment;OCR spot-check,"J. C. Ryle practical Christian resource for discipleship, teaching, and devotional reading. OCR text should be spot-checked before quotation."
The Christian race and other sermons,"Ryle, J. C. (John Charles), 1816-1900",https://archive.org/download/thechristianrace00ryleuoft/thechristianrace00ryleuoft_djvu.txt,Christian Living,Ryle Collection,verified public domain,reviewed,Requested author collection;Use with discernment;OCR spot-check,"J. C. Ryle practical Christian resource for discipleship, teaching, and devotional reading. OCR text should be spot-checked before quotation."
"The Christian leaders of the last century; or, England a hundred years ago","Ryle, J. C. (John Charles), 1816-1900",https://archive.org/download/christianleaders00ryle/christianleaders00ryle_djvu.txt,Christian Living,Ryle Collection,verified public domain,reviewed,Requested author collection;Use with discernment;OCR spot-check,"J. C. Ryle practical Christian resource for discipleship, teaching, and devotional reading. OCR text should be spot-checked before quotation."
Startling questions,"Ryle, J. C. (John Charles), 1816-1900",https://archive.org/download/startlingquestio00ryle/startlingquestio00ryle_djvu.txt,Christian Living,Ryle Collection,verified public domain,reviewed,Requested author collection;Use with discernment;OCR spot-check,"J. C. Ryle practical Christian resource for discipleship, teaching, and devotional reading. OCR text should be spot-checked before quotation."
Expository thoughts on the Gospels,"Ryle, J. C. (John Charles), 1816-1900",https://archive.org/download/expositorythoug00ryle/expositorythoug00ryle_djvu.txt,Christian Living,Ryle Collection,verified public domain,reviewed,Requested author collection;Use with discernment;OCR spot-check,"J. C. Ryle practical Christian resource for discipleship, teaching, and devotional reading. OCR text should be spot-checked before quotation."
Bible inspiration: its reality and nature,John Charles Ryle,https://archive.org/download/bibleinspiratio00rylegoog/bibleinspiratio00rylegoog_djvu.txt,Christian Living,Ryle Collection,verified public domain,reviewed,Requested author collection;Use with discernment;OCR spot-check,"J. C. Ryle practical Christian resource for discipleship, teaching, and devotional reading. OCR text should be spot-checked before quotation."
"The Christian leaders of the last century ; or, England a hundred years ago","Ryle, J. C. (John Charles), 1816-1900",https://archive.org/download/thechristianlead00ryleuoft/thechristianlead00ryleuoft_djvu.txt,Christian Living,Ryle Collection,verified public domain,reviewed,Requested author collection;Use with discernment;OCR spot-check,"J. C. Ryle practical Christian resource for discipleship, teaching, and devotional reading. OCR text should be spot-checked before quotation."
"Expository thoughts on the Gospels : for family and private use, with the text complete ..","Ryle, J. C. (John Charles), 1816-1900",https://archive.org/download/expositorythough01ryle/expositorythough01ryle_djvu.txt,Christian Living,Ryle Collection,verified public domain,reviewed,Requested author collection;Use with discernment;OCR spot-check,"J. C. Ryle practical Christian resource for discipleship, teaching, and devotional reading. OCR text should be spot-checked before quotation."
Living or dead? A series of home truths,"Ryle, J. C. (John Charles), 1816-1900",https://archive.org/download/livingordeadser00ryle/livingordeadser00ryle_djvu.txt,Christian Living,Ryle Collection,verified public domain,reviewed,Requested author collection;Use with discernment;OCR spot-check,"J. C. Ryle practical Christian resource for discipleship, teaching, and devotional reading. OCR text should be spot-checked before quotation."
A call to prayer [microform],"Ryle, J. C. (John Charles), 1816-1900",https://archive.org/download/pts_caltoprayer_1753_21/pts_caltoprayer_1753_21_djvu.txt,Christian Living,Ryle Collection,verified public domain,reviewed,Requested author collection;Use with discernment;OCR spot-check,"J. C. Ryle practical Christian resource for discipleship, teaching, and devotional reading. OCR text should be spot-checked before quotation."
Expository thoughts on the Gospels ... With the text complete,"Ryle, J. C. (John Charles), 1816-1900",https://archive.org/download/expositorythoug08rylegoog/expositorythoug08rylegoog_djvu.txt,Christian Living,Ryle Collection,verified public domain,reviewed,Requested author collection;Use with discernment;OCR spot-check,"J. C. Ryle practical Christian resource for discipleship, teaching, and devotional reading. OCR text should be spot-checked before quotation."
"Expository thoughts on the Gospels : for family and private use, with the text complete ..","Ryle, J. C. (John Charles), 1816-1900",https://archive.org/download/expositorythough02ryle/expositorythough02ryle_djvu.txt,Christian Living,Ryle Collection,verified public domain,reviewed,Requested author collection;Use with discernment;OCR spot-check,"J. C. Ryle practical Christian resource for discipleship, teaching, and devotional reading. OCR text should be spot-checked before quotation."
"The two bears, and other sermons for children",John Charles Ryle,https://archive.org/download/twobearsandothe00rylegoog/twobearsandothe00rylegoog_djvu.txt,Christian Living,Ryle Collection,verified public domain,reviewed,Requested author collection;Use with discernment;OCR spot-check,"J. C. Ryle practical Christian resource for discipleship, teaching, and devotional reading. OCR text should be spot-checked before quotation."
"The priest, the Puritan, and the preacher","Ryle, J. C. (John Charles), 1816-1900",https://archive.org/download/priestpuritanpre00ryle/priestpuritanpre00ryle_djvu.txt,Christian Living,Ryle Collection,verified public domain,reviewed,Requested author collection;Use with discernment;OCR spot-check,"J. C. Ryle practical Christian resource for discipleship, teaching, and devotional reading. OCR text should be spot-checked before quotation."
"Simplicity in preaching, a few short hints",John Charles Ryle,https://archive.org/download/simplicityinpre00rylegoog/simplicityinpre00rylegoog_djvu.txt,Christian Living,Ryle Collection,verified public domain,reviewed,Requested author collection;Use with discernment;OCR spot-check,"J. C. Ryle practical Christian resource for discipleship, teaching, and devotional reading. OCR text should be spot-checked before quotation."
Expository Thoughts on the Gospels: For Family and Private Use. With the Text Complete,John Charles Ryle,https://archive.org/download/expositorythoug02rylegoog/expositorythoug02rylegoog_djvu.txt,Christian Living,Ryle Collection,verified public domain,reviewed,Requested author collection;Use with discernment;OCR spot-check,"J. C. Ryle practical Christian resource for discipleship, teaching, and devotional reading. OCR text should be spot-checked before quotation."
You must pray,"Ryle, J. C. (John Charles), 1816-1900",https://archive.org/download/youmustpray00ryle/youmustpray00ryle_djvu.txt,Christian Living,Ryle Collection,verified public domain,reviewed,Requested author collection;Use with discernment;OCR spot-check,"J. C. Ryle practical Christian resource for discipleship, teaching, and devotional reading. OCR text should be spot-checked before quotation."
The Christian leaders of the last century,"Ryle, J. C. (John Charles), 1816-1900",https://archive.org/download/christianleader00rylegoog/christianleader00rylegoog_djvu.txt,Christian Living,Ryle Collection,verified public domain,reviewed,Requested author collection;Use with discernment;OCR spot-check,"J. C. Ryle practical Christian resource for discipleship, teaching, and devotional reading. OCR text should be spot-checked before quotation."
The Christian leaders of the last century;,"Ryle, J. C. (John Charles), 1816-1900",https://archive.org/download/christianleader00ryle/christianleader00ryle_djvu.txt,Christian Living,Ryle Collection,verified public domain,reviewed,Requested author collection;Use with discernment;OCR spot-check,"J. C. Ryle practical Christian resource for discipleship, teaching, and devotional reading. OCR text should be spot-checked before quotation."
Living or dead? : a series of home truths,"Ryle, J. C. (John Charles), 1816-1900",https://archive.org/download/livingordeadseri00ryle/livingordeadseri00ryle_djvu.txt,Christian Living,Ryle Collection,verified public domain,reviewed,Requested author collection;Use with discernment;OCR spot-check,"J. C. Ryle practical Christian resource for discipleship, teaching, and devotional reading. OCR text should be spot-checked before quotation."
"What good will it do? : a question about the disestablishment of the Church of England, examined and answered","Ryle, J. C. (John Charles), 1816-1900",https://archive.org/download/a633784100ryleuoft/a633784100ryleuoft_djvu.txt,Christian Living,Ryle Collection,verified public domain,reviewed,Requested author collection;Use with discernment;OCR spot-check,"J. C. Ryle practical Christian resource for discipleship, teaching, and devotional reading. OCR text should be spot-checked before quotation."
"Facts and men, pages from English Church history, between 1553 and 1683",John Charles Ryle,https://archive.org/download/factsandmenpage00rylegoog/factsandmenpage00rylegoog_djvu.txt,Christian Living,Ryle Collection,verified public domain,reviewed,Requested author collection;Use with discernment;OCR spot-check,"J. C. Ryle practical Christian resource for discipleship, teaching, and devotional reading. OCR text should be spot-checked before quotation."
Only one way [microform] : a tract for the times : being thoughts on Acts IV.12,"Ryle, J. C. (John Charles), 1816-1900",https://archive.org/download/cihm_40623/cihm_40623_djvu.txt,Christian Living,Ryle Collection,verified public domain,reviewed,Requested author collection;Use with discernment;OCR spot-check,"J. C. Ryle practical Christian resource for discipleship, teaching, and devotional reading. OCR text should be spot-checked before quotation."
No more crying : an address to children,"Ryle, J. C. (John Charles), 1816-1900",https://archive.org/download/nomorecryingaddr00ryle/nomorecryingaddr00ryle_djvu.txt,Christian Living,Ryle Collection,verified public domain,reviewed,Requested author collection;Use with discernment;OCR spot-check,"J. C. Ryle practical Christian resource for discipleship, teaching, and devotional reading. OCR text should be spot-checked before quotation."
Have you the Spirit? : a question for 1854,"Ryle, J. C. (John Charles), 1816-1900",https://archive.org/download/haveyouspiritque00ryle/haveyouspiritque00ryle_djvu.txt,Christian Living,Ryle Collection,verified public domain,reviewed,Requested author collection;Use with discernment;OCR spot-check,"J. C. Ryle practical Christian resource for discipleship, teaching, and devotional reading. OCR text should be spot-checked before quotation."
Expository Thoughts on the Gospels: For Family and Private Use. With the Text Complete,John Charles Ryle,https://archive.org/download/expositorythoug04rylegoog/expositorythoug04rylegoog_djvu.txt,Christian Living,Ryle Collection,verified public domain,reviewed,Requested author collection;Use with discernment;OCR spot-check,"J. C. Ryle practical Christian resource for discipleship, teaching, and devotional reading. OCR text should be spot-checked before quotation."
What is your hope? : a question for 1857,"Ryle, J. C. (John Charles), 1816-1900",https://archive.org/download/whatisyourhopequ00ryle/whatisyourhopequ00ryle_djvu.txt,Christian Living,Ryle Collection,verified public domain,reviewed,Requested author collection;Use with discernment;OCR spot-check,"J. C. Ryle practical Christian resource for discipleship, teaching, and devotional reading. OCR text should be spot-checked before quotation."
Expository thoughts on the Gospels ... With the text complete,"Ryle, J. C. (John Charles), 1816-1900",https://archive.org/download/expositorythoug05rylegoog/expositorythoug05rylegoog_djvu.txt,Christian Living,Ryle Collection,verified public domain,reviewed,Requested author collection;Use with discernment;OCR spot-check,"J. C. Ryle practical Christian resource for discipleship, teaching, and devotional reading. OCR text should be spot-checked before quotation."
"Hymns for the Church on earth, selected and arranged by J.C. Ryle: Being Three Hundred Hymns and ...",John Charles Ryle,https://archive.org/download/hymnsforchurcho01rylegoog/hymnsforchurcho01rylegoog_djvu.txt,Christian Living,Ryle Collection,verified public domain,reviewed,Requested author collection;Use with discernment;OCR spot-check,"J. C. Ryle practical Christian resource for discipleship, teaching, and devotional reading. OCR text should be spot-checked before quotation."
Expository Thoughts on the Gospels: For Family and Private Use. With the Text Complete,John Charles Ryle,https://archive.org/download/expositorythoug01rylegoog/expositorythoug01rylegoog_djvu.txt,Christian Living,Ryle Collection,verified public domain,reviewed,Requested author collection;Use with discernment;OCR spot-check,"J. C. Ryle practical Christian resource for discipleship, teaching, and devotional reading. OCR text should be spot-checked before quotation."
What time is it? : being thoughts on Rom. xiii. 12.,"Ryle, J. C. (John Charles), 1816-1900",https://archive.org/download/whattimeisitbein00ryle/whattimeisitbein00ryle_djvu.txt,Christian Living,Ryle Collection,verified public domain,reviewed,Requested author collection;Use with discernment;OCR spot-check,"J. C. Ryle practical Christian resource for discipleship, teaching, and devotional reading. OCR text should be spot-checked before quotation."
Expository Thoughts on the Gospels: For Family and Private Use. With the Text Complete,John Charles Ryle,https://archive.org/download/expositorythoug07rylegoog/expositorythoug07rylegoog_djvu.txt,Christian Living,Ryle Collection,verified public domain,reviewed,Requested author collection;Use with discernment;OCR spot-check,"J. C. Ryle practical Christian resource for discipleship, teaching, and devotional reading. OCR text should be spot-checked before quotation."
"Expository thoughts on the Gospels, with the text complete",John Charles Ryle,https://archive.org/download/expositorythoug06rylegoog/expositorythoug06rylegoog_djvu.txt,Christian Living,Ryle Collection,verified public domain,reviewed,Requested author collection;Use with discernment;OCR spot-check,"J. C. Ryle practical Christian resource for discipleship, teaching, and devotional reading. OCR text should be spot-checked before quotation."
Rich and poor : a tract for the times : being thoughts of Luke xvi. 19-23,"Ryle, J. C. (John Charles), 1816-1900",https://archive.org/download/richpoortractfor00ryle/richpoortractfor00ryle_djvu.txt,Christian Living,Ryle Collection,verified public domain,reviewed,Requested author collection;Use with discernment;OCR spot-check,"J. C. Ryle practical Christian resource for discipleship, teaching, and devotional reading. OCR text should be spot-checked before quotation."
Living or dead?,"Ryle, J. C. (John Charles), 1816-1900",https://archive.org/download/livingordead00ryle/livingordead00ryle_djvu.txt,Christian Living,Ryle Collection,verified public domain,reviewed,Requested author collection;Use with discernment;OCR spot-check,"J. C. Ryle practical Christian resource for discipleship, teaching, and devotional reading. OCR text should be spot-checked before quotation."
"""Occupy till I come"" / by the Rev. J.C. Ryle","Ryle, J. C. (John Charles), 1816-1900",https://archive.org/download/occupytillicomeb00ryle/occupytillicomeb00ryle_djvu.txt,Christian Living,Ryle Collection,verified public domain,reviewed,Requested author collection;Use with discernment;OCR spot-check,"J. C. Ryle practical Christian resource for discipleship, teaching, and devotional reading. OCR text should be spot-checked before quotation."
"J C Ryle, ""Simplicity In Preaching""","Ryle, J. C. (John Charles), 1816-1900",https://archive.org/download/ryle-simplicity-in-preaching/Ryle%2C%20Simplicity%20in%20Preaching_djvu.txt,Christian Living,Ryle Collection,verified public domain,reviewed,Requested author collection;Use with discernment;OCR spot-check,"J. C. Ryle practical Christian resource for discipleship, teaching, and devotional reading. OCR text should be spot-checked before quotation."
Are you forgiven? [microform] : a question for everybody,"Ryle, J. C. (John Charles), 1816-1900",https://archive.org/download/cihm_64164/cihm_64164_djvu.txt,Christian Living,Ryle Collection,verified public domain,reviewed,Requested author collection;Use with discernment;OCR spot-check,"J. C. Ryle practical Christian resource for discipleship, teaching, and devotional reading. OCR text should be spot-checked before quotation."
Saint Luke,"Ryle, J. C. (John Charles), 1816-1900",https://archive.org/download/saintluke0002ryle/saintluke0002ryle_djvu.txt,Christian Living,Ryle Collection,verified public domain,reviewed,Requested author collection;Use with discernment;OCR spot-check,"J. C. Ryle practical Christian resource for discipleship, teaching, and devotional reading. OCR text should be spot-checked before quotation."
Expository thoughts on the Gospel of Saint Matthew,"Ryle, J. C. (John Charles), 1816-1900",https://archive.org/download/expositorythough0000ryle/expositorythough0000ryle_djvu.txt,Christian Living,Ryle Collection,verified public domain,reviewed,Requested author collection;Use with discernment;OCR spot-check,"J. C. Ryle practical Christian resource for discipleship, teaching, and devotional reading. OCR text should be spot-checked before quotation."
Saint John,"Ryle, J. C. (John Charles), 1816-1900",https://archive.org/download/saintjohn0000ryle/saintjohn0000ryle_djvu.txt,Christian Living,Ryle Collection,verified public domain,reviewed,Requested author collection;Use with discernment;OCR spot-check,"J. C. Ryle practical Christian resource for discipleship, teaching, and devotional reading. OCR text should be spot-checked before quotation."
Living Or Dead?: A Series of Home Truths,John Charles Ryle,https://archive.org/download/livingordeadase01rylegoog/livingordeadase01rylegoog_djvu.txt,Christian Living,Ryle Collection,verified public domain,reviewed,Requested author collection;Use with discernment;OCR spot-check,"J. C. Ryle practical Christian resource for discipleship, teaching, and devotional reading. OCR text should be spot-checked before quotation."
"Home truths, miscellaneous addresses and tracts",John Charles Ryle,https://archive.org/download/hometruthsmisce00rylegoog/hometruthsmisce00rylegoog_djvu.txt,Christian Living,Ryle Collection,verified public domain,reviewed,Requested author collection;Use with discernment;OCR spot-check,"J. C. Ryle practical Christian resource for discipleship, teaching, and devotional reading. OCR text should be spot-checked before quotation."
Hymns for the church on earth. ..,"Ryle, J. C. (John Charles), 1816-1900 comp",https://archive.org/download/hymnsforchurchon00ryl/hymnsforchurchon00ryl_djvu.txt,Christian Living,Ryle Collection,verified public domain,reviewed,Requested author collection;Use with discernment;OCR spot-check,"J. C. Ryle practical Christian resource for discipleship, teaching, and devotional reading. OCR text should be spot-checked before quotation."
"Thoughts on immortality, with some remarks on canon Farrar's 'Eternal hope' and kindred subjects","John Charles Ryle , Frederic William Farrar",https://archive.org/download/thoughtsonimmor00farrgoog/thoughtsonimmor00farrgoog_djvu.txt,Christian Living,Ryle Collection,verified public domain,reviewed,Requested author collection;Use with discernment;OCR spot-check,"J. C. Ryle practical Christian resource for discipleship, teaching, and devotional reading. OCR text should be spot-checked before quotation."
A Sketch of the Life and Labors of George Whitefield,John Charles Ryle,https://archive.org/download/asketchlifeandl00rylegoog/asketchlifeandl00rylegoog_djvu.txt,Christian Living,Ryle Collection,verified public domain,reviewed,Requested author collection;Use with discernment;OCR spot-check,"J. C. Ryle practical Christian resource for discipleship, teaching, and devotional reading. OCR text should be spot-checked before quotation."
"Home truths, miscellaneous addresses and tracts",John Charles Ryle,https://archive.org/download/hometruthsmisce01rylegoog/hometruthsmisce01rylegoog_djvu.txt,Christian Living,Ryle Collection,verified public domain,reviewed,Requested author collection;Use with discernment;OCR spot-check,"J. C. Ryle practical Christian resource for discipleship, teaching, and devotional reading. OCR text should be spot-checked before quotation."
"Home truths, miscellaneous addresses and tracts",John Charles Ryle,https://archive.org/download/hometruthsmisce02rylegoog/hometruthsmisce02rylegoog_djvu.txt,Christian Living,Ryle Collection,verified public domain,reviewed,Requested author collection;Use with discernment;OCR spot-check,"J. C. Ryle practical Christian resource for discipleship, teaching, and devotional reading. OCR text should be spot-checked before quotation."
Hymns for the church on earth,"Ryle, J. C.",https://archive.org/download/hymnsforchurchon0000ryle/hymnsforchurchon0000ryle_djvu.txt,Christian Living,Ryle Collection,verified public domain,reviewed,Requested author collection;Use with discernment;OCR spot-check,"J. C. Ryle practical Christian resource for discipleship, teaching, and devotional reading. OCR text should be spot-checked before quotation."
"Worldly conformity, what it is not, and what it is",John Charles Ryle,https://archive.org/download/worldlyconformi00rylegoog/worldlyconformi00rylegoog_djvu.txt,Christian Living,Ryle Collection,verified public domain,reviewed,Requested author collection;Use with discernment;OCR spot-check,"J. C. Ryle practical Christian resource for discipleship, teaching, and devotional reading. OCR text should be spot-checked before quotation."
Expository thoughts on the Gospels ... With the text complete,"Ryle, J. C. (John Charles), 1816-1900",https://archive.org/download/bub_gb_550CAAAAQAAJ/bub_gb_550CAAAAQAAJ_djvu.txt,Christian Living,Ryle Collection,verified public domain,reviewed,Requested author collection;Use with discernment;OCR spot-check,"J. C. Ryle practical Christian resource for discipleship, teaching, and devotional reading. OCR text should be spot-checked before quotation."
Living Or Dead?: A Series of Home Truths,John Charles Ryle,https://archive.org/download/livingordeadase00rylegoog/livingordeadase00rylegoog_djvu.txt,Christian Living,Ryle Collection,verified public domain,reviewed,Requested author collection;Use with discernment;OCR spot-check,"J. C. Ryle practical Christian resource for discipleship, teaching, and devotional reading. OCR text should be spot-checked before quotation."
How should a child be trained?,"Ryle, J. C. (John Charles), 1816-1900",https://archive.org/download/howshouldchildbe00ryle/howshouldchildbe00ryle_djvu.txt,Christian Living,Ryle Collection,verified public domain,reviewed,Requested author collection;Use with discernment;OCR spot-check,"J. C. Ryle practical Christian resource for discipleship, teaching, and devotional reading. OCR text should be spot-checked before quotation."
Saint Mark,"Ryle, J. C. (John Charles), 1816-1900",https://archive.org/download/saintmark0000ryle/saintmark0000ryle_djvu.txt,Christian Living,Ryle Collection,verified public domain,reviewed,Requested author collection;Use with discernment;OCR spot-check,"J. C. Ryle practical Christian resource for discipleship, teaching, and devotional reading. OCR text should be spot-checked before quotation."
"The lessons of English church history, with an appendix of opinions of English divines on the Lord's Supper","Ryle, J. C. (John Charles), 1816-1900",https://archive.org/download/lessonsofenglish00ryle/lessonsofenglish00ryle_djvu.txt,Christian Living,Ryle Collection,verified public domain,reviewed,Requested author collection;Use with discernment;OCR spot-check,"J. C. Ryle practical Christian resource for discipleship, teaching, and devotional reading. OCR text should be spot-checked before quotation."
Knots Untied,John Charles Ryle,https://archive.org/download/knotsuntied0000john/knotsuntied0000john_djvu.txt,Christian Living,Ryle Collection,verified public domain,reviewed,Requested author collection;Use with discernment;OCR spot-check,"J. C. Ryle practical Christian resource for discipleship, teaching, and devotional reading. OCR text should be spot-checked before quotation."
George Whitefield [microform] : a lecture,"Ryle, J. C. (John Charles), 1816-1900. EMU10000040428",https://archive.org/download/29464147.1852.emory.edu/29464147_1852_djvu.txt,Christian Living,Ryle Collection,verified public domain,reviewed,Requested author collection;Use with discernment;OCR spot-check,"J. C. Ryle practical Christian resource for discipleship, teaching, and devotional reading. OCR text should be spot-checked before quotation."
Expository preaching plans and methods,"Meyer, F. B. (Frederick Brotherton), 1847-1929",https://archive.org/download/expositorypreach00meyeuoft/expositorypreach00meyeuoft_djvu.txt,Christian Living,F. B. Meyer Collection,verified public domain,reviewed,Requested author collection;Use with discernment;OCR spot-check,F. B. Meyer devotional and Bible study resource for Christian living and teaching application. OCR text should be spot-checked before quotation.
Moses : the servant of God,"Meyer, F. B. (Frederick Brotherton), 1847-1929",https://archive.org/download/mosesservantofgo00meye/mosesservantofgo00meye_djvu.txt,Christian Living,F. B. Meyer Collection,verified public domain,reviewed,Requested author collection;Use with discernment;OCR spot-check,F. B. Meyer devotional and Bible study resource for Christian living and teaching application. OCR text should be spot-checked before quotation.
Love to the uttermost; exposition of John XIII.-XXI,"Meyer, F. B. (Frederick Brotherton), 1847-1929",https://archive.org/download/lovetouttermoste00meye/lovetouttermoste00meye_djvu.txt,Christian Living,F. B. Meyer Collection,verified public domain,reviewed,Requested author collection;Use with discernment;OCR spot-check,F. B. Meyer devotional and Bible study resource for Christian living and teaching application. OCR text should be spot-checked before quotation.
"Paul, a servant of Jesus Christ","Meyer, F. B. (Frederick Brotherton), 1847-1929",https://archive.org/download/paulservantofjes00meye/paulservantofjes00meye_djvu.txt,Christian Living,F. B. Meyer Collection,verified public domain,reviewed,Requested author collection;Use with discernment;OCR spot-check,F. B. Meyer devotional and Bible study resource for Christian living and teaching application. OCR text should be spot-checked before quotation.
"Peter : fisherman, disciple, apostle","Meyer, F. B. (Frederick Brotherton), 1847-1929",https://archive.org/download/peterfishermandi00meye/peterfishermandi00meye_djvu.txt,Christian Living,F. B. Meyer Collection,verified public domain,reviewed,Requested author collection;Use with discernment;OCR spot-check,F. B. Meyer devotional and Bible study resource for Christian living and teaching application. OCR text should be spot-checked before quotation.
The life and light of men : expositions of John I.-XII.,"Meyer, F. B. (Frederick Brotherton), 1847-1929",https://archive.org/download/lifelightofmenex00meye/lifelightofmenex00meye_djvu.txt,Christian Living,F. B. Meyer Collection,verified public domain,reviewed,Requested author collection;Use with discernment;OCR spot-check,F. B. Meyer devotional and Bible study resource for Christian living and teaching application. OCR text should be spot-checked before quotation.
The prophet of hope; studies in Zechariah,"Meyer, F. B. (Frederick Brotherton), 1847-1929",https://archive.org/download/prophetofhopestu00meye/prophetofhopestu00meye_djvu.txt,Christian Living,F. B. Meyer Collection,verified public domain,reviewed,Requested author collection;Use with discernment;OCR spot-check,F. B. Meyer devotional and Bible study resource for Christian living and teaching application. OCR text should be spot-checked before quotation.
Our daily homily,"Meyer, F. B. (Frederick Brotherton), 1847-1929",https://archive.org/download/ourdailyhomily04meye/ourdailyhomily04meye_djvu.txt,Christian Living,F. B. Meyer Collection,verified public domain,reviewed,Requested author collection;Use with discernment;OCR spot-check,F. B. Meyer devotional and Bible study resource for Christian living and teaching application. OCR text should be spot-checked before quotation.
Our daily homily,"Meyer, F. B. (Frederick Brotherton), 1847-1929",https://archive.org/download/ourdailyhomily01meye/ourdailyhomily01meye_djvu.txt,Christian Living,F. B. Meyer Collection,verified public domain,reviewed,Requested author collection;Use with discernment;OCR spot-check,F. B. Meyer devotional and Bible study resource for Christian living and teaching application. OCR text should be spot-checked before quotation.
Calvary to Pentecost,"Meyer, F. B. (Frederick Brotherton), 1847-1929",https://archive.org/download/calvarytopenteco00meye/calvarytopenteco00meye_djvu.txt,Christian Living,F. B. Meyer Collection,verified public domain,reviewed,Requested author collection;Use with discernment;OCR spot-check,F. B. Meyer devotional and Bible study resource for Christian living and teaching application. OCR text should be spot-checked before quotation.
Paul : a servant of Jesus Christ,"Meyer, F. B. (Frederick Brotherton), 1847-1929",https://archive.org/download/paulaservantofje00meyeuoft/paulaservantofje00meyeuoft_djvu.txt,Christian Living,F. B. Meyer Collection,verified public domain,reviewed,Requested author collection;Use with discernment;OCR spot-check,F. B. Meyer devotional and Bible study resource for Christian living and teaching application. OCR text should be spot-checked before quotation.
John the Baptist,"Meyer, F. B. (Frederick Brotherton), 1847-1929",https://archive.org/download/johnbaptist00meye/johnbaptist00meye_djvu.txt,Christian Living,F. B. Meyer Collection,verified public domain,reviewed,Requested author collection;Use with discernment;OCR spot-check,F. B. Meyer devotional and Bible study resource for Christian living and teaching application. OCR text should be spot-checked before quotation.
Through the Bible day by day : a devotional commentary,"Meyer, F. B. (Frederick Brotherton), 1847-1929",https://archive.org/download/throughbibledayb0000meye/throughbibledayb0000meye_djvu.txt,Christian Living,F. B. Meyer Collection,verified public domain,reviewed,Requested author collection;Use with discernment;OCR spot-check,F. B. Meyer devotional and Bible study resource for Christian living and teaching application. OCR text should be spot-checked before quotation.
Joseph Beloved Hated Exalted By F. B. Meyer,"Meyer, F. B. (Frederick Brotherton), 1847-1929",https://archive.org/download/JosephBelovedHatedExaltedByF.B.MeyerMS1910/Joseph%20Beloved%20Hated%20Exalted%20by%20F.%20B.%20Meyer%20(MS1910)_djvu.txt,Christian Living,F. B. Meyer Collection,verified public domain,reviewed,Requested author collection;Use with discernment;OCR spot-check,F. B. Meyer devotional and Bible study resource for Christian living and teaching application. OCR text should be spot-checked before quotation.
The exalted Christ and our identification with Him in His exaltation : addresses and Bible readings delivered at Mildmay Conference,"Meyer, F. B. (Frederick Brotherton), 1847-1929",https://archive.org/download/theexaltedchrist00meyeuoft/theexaltedchrist00meyeuoft_djvu.txt,Christian Living,F. B. Meyer Collection,verified public domain,reviewed,Requested author collection;Use with discernment;OCR spot-check,F. B. Meyer devotional and Bible study resource for Christian living and teaching application. OCR text should be spot-checked before quotation.
Christian living,"Meyer, F. B. (Frederick Brotherton), 1847-1929",https://archive.org/download/christianliving00meye/christianliving00meye_djvu.txt,Christian Living,F. B. Meyer Collection,verified public domain,reviewed,Requested author collection;Use with discernment;OCR spot-check,F. B. Meyer devotional and Bible study resource for Christian living and teaching application. OCR text should be spot-checked before quotation.
Saved and kept : counsels to young believers,"Meyer, F. B. (Frederick Brotherton), 1847-1929",https://archive.org/download/savedkeptcounsel00meye/savedkeptcounsel00meye_djvu.txt,Christian Living,F. B. Meyer Collection,verified public domain,reviewed,Requested author collection;Use with discernment;OCR spot-check,F. B. Meyer devotional and Bible study resource for Christian living and teaching application. OCR text should be spot-checked before quotation.
"A castaway, and other addresses","Meyer, F. B. (Frederick Brotherton), 1847-1929",https://archive.org/download/castawayotheradd00meye/castawayotheradd00meye_djvu.txt,Christian Living,F. B. Meyer Collection,verified public domain,reviewed,Requested author collection;Use with discernment;OCR spot-check,F. B. Meyer devotional and Bible study resource for Christian living and teaching application. OCR text should be spot-checked before quotation.
The present tenses of the blessed life,"Meyer, F. B. (Frederick Brotherton), 1847-1929",https://archive.org/download/presenttensesofb00meye/presenttensesofb00meye_djvu.txt,Christian Living,F. B. Meyer Collection,verified public domain,reviewed,Requested author collection;Use with discernment;OCR spot-check,F. B. Meyer devotional and Bible study resource for Christian living and teaching application. OCR text should be spot-checked before quotation.
"Joshua, and the land of promise","Meyer, F. B. (Frederick Brotherton), 1847-1929",https://archive.org/download/joshualandofprom00meye/joshualandofprom00meye_djvu.txt,Christian Living,F. B. Meyer Collection,verified public domain,reviewed,Requested author collection;Use with discernment;OCR spot-check,F. B. Meyer devotional and Bible study resource for Christian living and teaching application. OCR text should be spot-checked before quotation.
The creed of creeds : a series of short expositions of the Apostles' Creed,"Meyer, F. B. (Frederick Brotherton), 1847-1929",https://archive.org/download/creedofcreedsser00meyeuoft/creedofcreedsser00meyeuoft_djvu.txt,Christian Living,F. B. Meyer Collection,verified public domain,reviewed,Requested author collection;Use with discernment;OCR spot-check,F. B. Meyer devotional and Bible study resource for Christian living and teaching application. OCR text should be spot-checked before quotation.
Our daily homily,"Meyer, F. B. (Frederick Brotherton), 1847-1929",https://archive.org/download/ourdailyhomily05meye/ourdailyhomily05meye_djvu.txt,Christian Living,F. B. Meyer Collection,verified public domain,reviewed,Requested author collection;Use with discernment;OCR spot-check,F. B. Meyer devotional and Bible study resource for Christian living and teaching application. OCR text should be spot-checked before quotation.
"Samuel, the prophet","Meyer, F. B. (Frederick Brotherton), 1847-1929",https://archive.org/download/cu31924029310251/cu31924029310251_djvu.txt,Christian Living,F. B. Meyer Collection,verified public domain,reviewed,Requested author collection;Use with discernment;OCR spot-check,F. B. Meyer devotional and Bible study resource for Christian living and teaching application. OCR text should be spot-checked before quotation.
Jottings and hints for lay preachers,"Meyer, F. B. (Frederick Brotherton), 1847-1929",https://archive.org/download/MN41778ucmf_5/MN41778ucmf_5_djvu.txt,Christian Living,F. B. Meyer Collection,verified public domain,reviewed,Requested author collection;Use with discernment;OCR spot-check,F. B. Meyer devotional and Bible study resource for Christian living and teaching application. OCR text should be spot-checked before quotation.
Christ in Isaiah,"Meyer, F. B. (Frederick Brotherton), 1847-1929",https://archive.org/download/christinisaiah0000meye/christinisaiah0000meye_djvu.txt,Christian Living,F. B. Meyer Collection,verified public domain,reviewed,Requested author collection;Use with discernment;OCR spot-check,F. B. Meyer devotional and Bible study resource for Christian living and teaching application. OCR text should be spot-checked before quotation.
"The bells of Is; or, Voices of human need and sorrow; echoes from my early pastorates","Meyer, F. B. (Frederick Brotherton), 1847-1929",https://archive.org/download/bellsofisorvoi00meye/bellsofisorvoi00meye_djvu.txt,Christian Living,F. B. Meyer Collection,verified public domain,reviewed,Requested author collection;Use with discernment;OCR spot-check,F. B. Meyer devotional and Bible study resource for Christian living and teaching application. OCR text should be spot-checked before quotation.
"Peace, perfect peace; a portion for the sorrowing","Meyer, F. B. (Frederick Brotherton), 1847-1929",https://archive.org/download/peaceperfectpeac00meye/peaceperfectpeac00meye_djvu.txt,Christian Living,F. B. Meyer Collection,verified public domain,reviewed,Requested author collection;Use with discernment;OCR spot-check,F. B. Meyer devotional and Bible study resource for Christian living and teaching application. OCR text should be spot-checked before quotation.
I promise,"Meyer, F. B. (Frederick Brotherton), 1847-1929",https://archive.org/download/ipromise00meye/ipromise00meye_djvu.txt,Christian Living,F. B. Meyer Collection,verified public domain,reviewed,Requested author collection;Use with discernment;OCR spot-check,F. B. Meyer devotional and Bible study resource for Christian living and teaching application. OCR text should be spot-checked before quotation.
Cheer for life's pilgrimage,"Meyer, F. B. (Frederick Brotherton), 1847-1929",https://archive.org/download/cheerforlifespil00meye/cheerforlifespil00meye_djvu.txt,Christian Living,F. B. Meyer Collection,verified public domain,reviewed,Requested author collection;Use with discernment;OCR spot-check,F. B. Meyer devotional and Bible study resource for Christian living and teaching application. OCR text should be spot-checked before quotation.
"A castaway, and other addresses","Meyer, F. B. (Frederick Brotherton), 1847-1929",https://archive.org/download/castawayotheradd01meye/castawayotheradd01meye_djvu.txt,Christian Living,F. B. Meyer Collection,verified public domain,reviewed,Requested author collection;Use with discernment;OCR spot-check,F. B. Meyer devotional and Bible study resource for Christian living and teaching application. OCR text should be spot-checked before quotation.
"The bells of Is; or, Voices of human need and sorrow; echoes from my early pastorate","Meyer, F. B. (Frederick Brotherton), 1847-1929",https://archive.org/download/bellsofisorvoice00meye/bellsofisorvoice00meye_djvu.txt,Christian Living,F. B. Meyer Collection,verified public domain,reviewed,Requested author collection;Use with discernment;OCR spot-check,F. B. Meyer devotional and Bible study resource for Christian living and teaching application. OCR text should be spot-checked before quotation.
"Memorials of Cecil Robertson of Sianfu, medical missionary","Meyer, F. B. (Frederick Brotherton), 1847-1929",https://archive.org/download/cu31924023224987/cu31924023224987_djvu.txt,Christian Living,F. B. Meyer Collection,verified public domain,reviewed,Requested author collection;Use with discernment;OCR spot-check,F. B. Meyer devotional and Bible study resource for Christian living and teaching application. OCR text should be spot-checked before quotation.
The creed of creeds [microform] : a series of short expositions of the Apostles' Creed,"Meyer, F. B. (Frederick Brotherton), 1847-1929",https://archive.org/download/MN41545ucmf_3/MN41545ucmf_3_djvu.txt,Christian Living,F. B. Meyer Collection,verified public domain,reviewed,Requested author collection;Use with discernment;OCR spot-check,F. B. Meyer devotional and Bible study resource for Christian living and teaching application. OCR text should be spot-checked before quotation.
A good start,"Meyer, F. B. (Frederick Brotherton), 1847-1929",https://archive.org/download/goodstart00meye/goodstart00meye_djvu.txt,Christian Living,F. B. Meyer Collection,verified public domain,reviewed,Requested author collection;Use with discernment;OCR spot-check,F. B. Meyer devotional and Bible study resource for Christian living and teaching application. OCR text should be spot-checked before quotation.
Expository preaching plans and methods [microform],"Meyer, F. B. (Frederick Brotherton), 1847-1929",https://archive.org/download/cihm_75065/cihm_75065_djvu.txt,Christian Living,F. B. Meyer Collection,verified public domain,reviewed,Requested author collection;Use with discernment;OCR spot-check,F. B. Meyer devotional and Bible study resource for Christian living and teaching application. OCR text should be spot-checked before quotation.
"Peter: fisherman, disciple, apostle","Meyer, F. B. (Frederick Brotherton), 1847-1929",https://archive.org/download/cu31924007757697/cu31924007757697_djvu.txt,Christian Living,F. B. Meyer Collection,verified public domain,reviewed,Requested author collection;Use with discernment;OCR spot-check,F. B. Meyer devotional and Bible study resource for Christian living and teaching application. OCR text should be spot-checked before quotation.
The Directory of the Devout Life: Meditations on the Sermon on the Mount,Frederick Brotherton Meyer,https://archive.org/download/directorydevout00meyegoog/directorydevout00meyegoog_djvu.txt,Christian Living,F. B. Meyer Collection,verified public domain,reviewed,Requested author collection;Use with discernment;OCR spot-check,F. B. Meyer devotional and Bible study resource for Christian living and teaching application. OCR text should be spot-checked before quotation.
The wideness of God's mercy,"Meyer, F. B. (Frederick Brotherton), 1847-1929",https://archive.org/download/widenessofgodsme00meye/widenessofgodsme00meye_djvu.txt,Christian Living,F. B. Meyer Collection,verified public domain,reviewed,Requested author collection;Use with discernment;OCR spot-check,F. B. Meyer devotional and Bible study resource for Christian living and teaching application. OCR text should be spot-checked before quotation.
Jeremiah [microform] : priest and prophet,"Meyer, F. B. (Frederick Brotherton), 1847-1929",https://archive.org/download/cihm_29453/cihm_29453_djvu.txt,Christian Living,F. B. Meyer Collection,verified public domain,reviewed,Requested author collection;Use with discernment;OCR spot-check,F. B. Meyer devotional and Bible study resource for Christian living and teaching application. OCR text should be spot-checked before quotation.
I promise,"Meyer, F. B. (Frederick Brotherton), 1847-1929",https://archive.org/download/ipromise01meye/ipromise01meye_djvu.txt,Christian Living,F. B. Meyer Collection,verified public domain,reviewed,Requested author collection;Use with discernment;OCR spot-check,F. B. Meyer devotional and Bible study resource for Christian living and teaching application. OCR text should be spot-checked before quotation.
Blessed are ye : talks on the Beatitudes,"Meyer, F. B. (Frederick Brotherton), 1847-1929",https://archive.org/download/blessedareyetalk00meye/blessedareyetalk00meye_djvu.txt,Christian Living,F. B. Meyer Collection,verified public domain,reviewed,Requested author collection;Use with discernment;OCR spot-check,F. B. Meyer devotional and Bible study resource for Christian living and teaching application. OCR text should be spot-checked before quotation.
The glorious Lord ..,"Meyer, F. B. [from old catalog]",https://archive.org/download/gloriouslord00meye/gloriouslord00meye_djvu.txt,Christian Living,F. B. Meyer Collection,verified public domain,reviewed,Requested author collection;Use with discernment;OCR spot-check,F. B. Meyer devotional and Bible study resource for Christian living and teaching application. OCR text should be spot-checked before quotation.
The Future Tenses of the Blessed Life,"Meyer, F. B. (Frederick Brotherton), 1847-1929",https://archive.org/download/TheFutureTensesOf/TheFutureTensesOf_djvu.txt,Christian Living,F. B. Meyer Collection,verified public domain,reviewed,Requested author collection;Use with discernment;OCR spot-check,F. B. Meyer devotional and Bible study resource for Christian living and teaching application. OCR text should be spot-checked before quotation.
Expository preaching; plans & methods,"Meyer, F. B. (Frederick Brotherton), 1847-1929",https://archive.org/download/expositorypreach0000meye/expositorypreach0000meye_djvu.txt,Christian Living,F. B. Meyer Collection,verified public domain,reviewed,Requested author collection;Use with discernment;OCR spot-check,F. B. Meyer devotional and Bible study resource for Christian living and teaching application. OCR text should be spot-checked before quotation.
In defence of the faith; the old better than the new,"Meyer, F. B. (Frederick Brotherton), 1847-1929",https://archive.org/download/indefenceoffaith00meye/indefenceoffaith00meye_djvu.txt,Christian Living,F. B. Meyer Collection,verified public domain,reviewed,Requested author collection;Use with discernment;OCR spot-check,F. B. Meyer devotional and Bible study resource for Christian living and teaching application. OCR text should be spot-checked before quotation.
Light on Life's Duties,Frederick Brotherton Meyer,https://archive.org/download/lightonlifesdut00meyegoog/lightonlifesdut00meyegoog_djvu.txt,Christian Living,F. B. Meyer Collection,verified public domain,reviewed,Requested author collection;Use with discernment;OCR spot-check,F. B. Meyer devotional and Bible study resource for Christian living and teaching application. OCR text should be spot-checked before quotation.
Christian living,"Meyer, F. B. (Frederick Brotherton), 1847-1929",https://archive.org/download/christianliving0000meye/christianliving0000meye_djvu.txt,Christian Living,F. B. Meyer Collection,verified public domain,reviewed,Requested author collection;Use with discernment;OCR spot-check,F. B. Meyer devotional and Bible study resource for Christian living and teaching application. OCR text should be spot-checked before quotation.
The prophet of hope; studies in Zechariah,"Meyer, F. B. (Frederick Brotherton), 1847-1929",https://archive.org/download/prophetofhopestu0000meye/prophetofhopestu0000meye_djvu.txt,Christian Living,F. B. Meyer Collection,verified public domain,reviewed,Requested author collection;Use with discernment;OCR spot-check,F. B. Meyer devotional and Bible study resource for Christian living and teaching application. OCR text should be spot-checked before quotation.
The life and light of men : expositions of John I.-XII,"Meyer, F. B. (Frederick Brotherton), 1847-1929",https://archive.org/download/lifelightofmenex0000meye/lifelightofmenex0000meye_djvu.txt,Christian Living,F. B. Meyer Collection,verified public domain,reviewed,Requested author collection;Use with discernment;OCR spot-check,F. B. Meyer devotional and Bible study resource for Christian living and teaching application. OCR text should be spot-checked before quotation.
The present tenses of the blessed life,"Meyer, F. B. (Frederick Brotherton), 1847-1929",https://archive.org/download/ThePresentTensesOfTheBlessedLife/ThePresentTensesOfTheBlessedLife_djvu.txt,Christian Living,F. B. Meyer Collection,verified public domain,reviewed,Requested author collection;Use with discernment;OCR spot-check,F. B. Meyer devotional and Bible study resource for Christian living and teaching application. OCR text should be spot-checked before quotation.
Joseph : beloved-hated-exalted,"Meyer, F. B. (Frederick Brotherton), 1847-1929",https://archive.org/download/josephbelovedhat0000meye/josephbelovedhat0000meye_djvu.txt,Christian Living,F. B. Meyer Collection,verified public domain,reviewed,Requested author collection;Use with discernment;OCR spot-check,F. B. Meyer devotional and Bible study resource for Christian living and teaching application. OCR text should be spot-checked before quotation.
"Peace, perfect peace; a portion for the sorrowing","Meyer, F. B. (Frederick Brotherton), 1847-1929",https://archive.org/download/peaceperfectpea00meyegoog/peaceperfectpea00meyegoog_djvu.txt,Christian Living,F. B. Meyer Collection,verified public domain,reviewed,Requested author collection;Use with discernment;OCR spot-check,F. B. Meyer devotional and Bible study resource for Christian living and teaching application. OCR text should be spot-checked before quotation.
The future tenses of the blessed life...,"Meyer, F. B. [from old catalog]",https://archive.org/download/futuretensesofbl00meye/futuretensesofbl00meye_djvu.txt,Christian Living,F. B. Meyer Collection,verified public domain,reviewed,Requested author collection;Use with discernment;OCR spot-check,F. B. Meyer devotional and Bible study resource for Christian living and teaching application. OCR text should be spot-checked before quotation.
The epistle to the Philippians : a devotional commentary,"Meyer, F. B. (Frederick Brotherton), 1847-1929",https://archive.org/download/epistletophilipp0000meye/epistletophilipp0000meye_djvu.txt,Christian Living,F. B. Meyer Collection,verified public domain,reviewed,Requested author collection;Use with discernment;OCR spot-check,F. B. Meyer devotional and Bible study resource for Christian living and teaching application. OCR text should be spot-checked before quotation.
"Jeremiah, priest and prophet","Meyer, F. B. (Frederick Brotherton), 1847-1929",https://archive.org/download/jeremiahpriestpr0000meye/jeremiahpriestpr0000meye_djvu.txt,Christian Living,F. B. Meyer Collection,verified public domain,reviewed,Requested author collection;Use with discernment;OCR spot-check,F. B. Meyer devotional and Bible study resource for Christian living and teaching application. OCR text should be spot-checked before quotation.
The wideness of God's mercy,"Meyer, F. B. (Frederick Brotherton), 1847-1929",https://archive.org/download/widenessofgodsme0000meye/widenessofgodsme0000meye_djvu.txt,Christian Living,F. B. Meyer Collection,verified public domain,reviewed,Requested author collection;Use with discernment;OCR spot-check,F. B. Meyer devotional and Bible study resource for Christian living and teaching application. OCR text should be spot-checked before quotation.
"Peace, perfect peace; a portion for the sorrowing","Meyer, F. B. (Frederick Brotherton), 1847-1929",https://archive.org/download/PeacePerfectPeace/PeacePerfectPeace_djvu.txt,Christian Living,F. B. Meyer Collection,verified public domain,reviewed,Requested author collection;Use with discernment;OCR spot-check,F. B. Meyer devotional and Bible study resource for Christian living and teaching application. OCR text should be spot-checked before quotation.
"Peace, perfect peace; a portion for the sorrowing","Meyer, F. B. (Frederick Brotherton), 1847-1929",https://archive.org/download/peaceperfectpea01meyegoog/peaceperfectpea01meyegoog_djvu.txt,Christian Living,F. B. Meyer Collection,verified public domain,reviewed,Requested author collection;Use with discernment;OCR spot-check,F. B. Meyer devotional and Bible study resource for Christian living and teaching application. OCR text should be spot-checked before quotation.
I promise,"Meyer, F. B. (Frederick Brotherton), 1847-1929",https://archive.org/download/ipromise00meyegoog/ipromise00meyegoog_djvu.txt,Christian Living,F. B. Meyer Collection,verified public domain,reviewed,Requested author collection;Use with discernment;OCR spot-check,F. B. Meyer devotional and Bible study resource for Christian living and teaching application. OCR text should be spot-checked before quotation.
The wideness of God's mercy,"Meyer, F. B. (Frederick Brotherton), 1847-1929",https://archive.org/download/widenessofgodsme00meye_0/widenessofgodsme00meye_0_djvu.txt,Christian Living,F. B. Meyer Collection,verified public domain,reviewed,Requested author collection;Use with discernment;OCR spot-check,F. B. Meyer devotional and Bible study resource for Christian living and teaching application. OCR text should be spot-checked before quotation.
"Elijah, and the secret of his power","Meyer, F. B. (Frederick Brotherton), 1847-1929",https://archive.org/download/elijahsecretofhi0000meye_i7h5/elijahsecretofhi0000meye_i7h5_djvu.txt,Christian Living,F. B. Meyer Collection,verified public domain,reviewed,Requested author collection;Use with discernment;OCR spot-check,F. B. Meyer devotional and Bible study resource for Christian living and teaching application. OCR text should be spot-checked before quotation.
The soul's pure intention,"Meyer, F. B. (Frederick Brotherton), 1847-1929",https://archive.org/download/soulspureintenti0000meye/soulspureintenti0000meye_djvu.txt,Christian Living,F. B. Meyer Collection,verified public domain,reviewed,Requested author collection;Use with discernment;OCR spot-check,F. B. Meyer devotional and Bible study resource for Christian living and teaching application. OCR text should be spot-checked before quotation.
"Paul, a servant of Jesus Christ /","Meyer, F. B. (Frederick Brotherton), 1847-1929",https://archive.org/download/paulservantofjes01meye/paulservantofjes01meye_djvu.txt,Christian Living,F. B. Meyer Collection,verified public domain,reviewed,Requested author collection;Use with discernment;OCR spot-check,F. B. Meyer devotional and Bible study resource for Christian living and teaching application. OCR text should be spot-checked before quotation.
The Present Tenses of the Blessed Life,Frederick Brotherton Meyer,https://archive.org/download/presenttensesbl00meyegoog/presenttensesbl00meyegoog_djvu.txt,Christian Living,F. B. Meyer Collection,verified public domain,reviewed,Requested author collection;Use with discernment;OCR spot-check,F. B. Meyer devotional and Bible study resource for Christian living and teaching application. OCR text should be spot-checked before quotation.
"Back to Bethel : separation from sin, and fellowship with God","Meyer, F. B. (Frederick Brotherton), 1847-1929",https://archive.org/download/backtobethelsepa0000meye/backtobethelsepa0000meye_djvu.txt,Christian Living,F. B. Meyer Collection,verified public domain,reviewed,Requested author collection;Use with discernment;OCR spot-check,F. B. Meyer devotional and Bible study resource for Christian living and teaching application. OCR text should be spot-checked before quotation.
"Joshua, and the land of promise","Meyer, F. B. (Frederick Brotherton), 1847-1929",https://archive.org/download/joshualandofprom0000meye/joshualandofprom0000meye_djvu.txt,Christian Living,F. B. Meyer Collection,verified public domain,reviewed,Requested author collection;Use with discernment;OCR spot-check,F. B. Meyer devotional and Bible study resource for Christian living and teaching application. OCR text should be spot-checked before quotation.
Love to the uttermost : expositions of John XIII-XXI,"Meyer, F. B. (Frederick Brotherton), 1847-1929",https://archive.org/download/lovetouttermoste0000meye/lovetouttermoste0000meye_djvu.txt,Christian Living,F. B. Meyer Collection,verified public domain,reviewed,Requested author collection;Use with discernment;OCR spot-check,F. B. Meyer devotional and Bible study resource for Christian living and teaching application. OCR text should be spot-checked before quotation.
Shepherd Psalm,"Meyer, F. B. (Frederick Brotherton), 1847-1929",https://archive.org/download/shepherdpsalm0000meye_r1m4/shepherdpsalm0000meye_r1m4_djvu.txt,Christian Living,F. B. Meyer Collection,verified public domain,reviewed,Requested author collection;Use with discernment;OCR spot-check,F. B. Meyer devotional and Bible study resource for Christian living and teaching application. OCR text should be spot-checked before quotation.
How to bring men to Christ,"Torrey, R. A. (Reuben Archer), 1856-1928",https://archive.org/download/howtobringmentoc00torrrich/howtobringmentoc00torrrich_djvu.txt,Bible study helps,Torrey Collection,verified public domain,reviewed,Requested author collection;Use with discernment;OCR spot-check,"R. A. Torrey Bible study, evangelism, and prayer resource for teachers and serious students. OCR text should be spot-checked before quotation."
How to succeed in the Christian life,"Torrey, R. A. (Reuben Archer), 1856-1928",https://archive.org/download/howtosucceedinch00torr/howtosucceedinch00torr_djvu.txt,Bible study helps,Torrey Collection,verified public domain,reviewed,Requested author collection;Use with discernment;OCR spot-check,"R. A. Torrey Bible study, evangelism, and prayer resource for teachers and serious students. OCR text should be spot-checked before quotation."
How to bring men to Christ,"Torrey, R. A. (Reuben Archer), 1856-1928",https://archive.org/download/howtobringmentoc00torr/howtobringmentoc00torr_djvu.txt,Bible study helps,Torrey Collection,verified public domain,reviewed,Requested author collection;Use with discernment;OCR spot-check,"R. A. Torrey Bible study, evangelism, and prayer resource for teachers and serious students. OCR text should be spot-checked before quotation."
The voice of God in the present hour,"Torrey, R. A. (Reuben Archer), 1856-1928",https://archive.org/download/thevoiceofgodint00torruoft/thevoiceofgodint00torruoft_djvu.txt,Bible study helps,Torrey Collection,verified public domain,reviewed,Requested author collection;Use with discernment;OCR spot-check,"R. A. Torrey Bible study, evangelism, and prayer resource for teachers and serious students. OCR text should be spot-checked before quotation."
What the Bible teaches : a thorough and comprehensive study of what the Bible has to say concerning the great doctrines of which it treats,"Torrey, R. A. (Reuben Archer), 1856-1928",https://archive.org/download/whatbibleteaches00torr/whatbibleteaches00torr_djvu.txt,Bible study helps,Torrey Collection,verified public domain,reviewed,Requested author collection;Use with discernment;OCR spot-check,"R. A. Torrey Bible study, evangelism, and prayer resource for teachers and serious students. OCR text should be spot-checked before quotation."
Difficulties and alleged errors and contradictions in the Bible,"Torrey, R. A. (Reuben Archer), 1856-1928",https://archive.org/download/difficultiesalle0000torr/difficultiesalle0000torr_djvu.txt,Bible study helps,Torrey Collection,verified public domain,reviewed,Requested author collection;Use with discernment;OCR spot-check,"R. A. Torrey Bible study, evangelism, and prayer resource for teachers and serious students. OCR text should be spot-checked before quotation."
"The new topical text book; a Scripture text book for the use of ministers, teachers, and all Christian workers","Torrey, R. A. (Reuben Archer), 1856-1928",https://archive.org/download/newtopicaltextbo00torr/newtopicaltextbo00torr_djvu.txt,Bible study helps,Torrey Collection,verified public domain,reviewed,Requested author collection;Use with discernment;OCR spot-check,"R. A. Torrey Bible study, evangelism, and prayer resource for teachers and serious students. OCR text should be spot-checked before quotation."
How to promote & conduct a successful revival : with suggestive outlines,"Torrey, R. A. (Reuben Archer), 1856-1928",https://archive.org/download/howtopromotecond00torr/howtopromotecond00torr_djvu.txt,Bible study helps,Torrey Collection,verified public domain,reviewed,Requested author collection;Use with discernment;OCR spot-check,"R. A. Torrey Bible study, evangelism, and prayer resource for teachers and serious students. OCR text should be spot-checked before quotation."
"The Higher criticism and the new theology : unscientific, unscriptural, and unwholesome","Torrey, R. A. (Reuben Archer), 1856-1928",https://archive.org/download/thehighercritici00unknuoft/thehighercritici00unknuoft_djvu.txt,Bible study helps,Torrey Collection,verified public domain,reviewed,Requested author collection;Use with discernment;OCR spot-check,"R. A. Torrey Bible study, evangelism, and prayer resource for teachers and serious students. OCR text should be spot-checked before quotation."
Anecdotes and illustrations,"Torrey, R. A. (Reuben Archer), 1856-1928",https://archive.org/download/anecdotesillustr00torr/anecdotesillustr00torr_djvu.txt,Bible study helps,Torrey Collection,verified public domain,reviewed,Requested author collection;Use with discernment;OCR spot-check,"R. A. Torrey Bible study, evangelism, and prayer resource for teachers and serious students. OCR text should be spot-checked before quotation."
The Fundamental Doctrines of the Christian Faith,Reuben Archer Torrey,https://archive.org/download/fundamentaldoct00torrgoog/fundamentaldoct00torrgoog_djvu.txt,Bible study helps,Torrey Collection,verified public domain,reviewed,Requested author collection;Use with discernment;OCR spot-check,"R. A. Torrey Bible study, evangelism, and prayer resource for teachers and serious students. OCR text should be spot-checked before quotation."
The importance and value of proper Bible study; how properly to study and interpret the Bible,"Torrey, R. A. (Reuben Archer), 1856-1928",https://archive.org/download/importancevalueo00torr/importancevalueo00torr_djvu.txt,Bible study helps,Torrey Collection,verified public domain,reviewed,Requested author collection;Use with discernment;OCR spot-check,"R. A. Torrey Bible study, evangelism, and prayer resource for teachers and serious students. OCR text should be spot-checked before quotation."
Revival addresses,"Torrey, R. A. (Reuben Archer), 1856-1928",https://archive.org/download/revivaladdresse00torrgoog/revivaladdresse00torrgoog_djvu.txt,Bible study helps,Torrey Collection,verified public domain,reviewed,Requested author collection;Use with discernment;OCR spot-check,"R. A. Torrey Bible study, evangelism, and prayer resource for teachers and serious students. OCR text should be spot-checked before quotation."
How to Pray,Reuben Archer Torrey,https://archive.org/download/howtopray00torrgoog/howtopray00torrgoog_djvu.txt,Bible study helps,Torrey Collection,verified public domain,reviewed,Requested author collection;Use with discernment;OCR spot-check,"R. A. Torrey Bible study, evangelism, and prayer resource for teachers and serious students. OCR text should be spot-checked before quotation."
"Will Christ come again? : an exposure of the foolishness, fallacies, and falsehoods of Shailer Mathews","Torrey, R. A. (Reuben Archer), 1856-1928",https://archive.org/download/willchristcomeag00torrrich/willchristcomeag00torrrich_djvu.txt,Bible study helps,Torrey Collection,verified public domain,reviewed,Requested author collection;Use with discernment;OCR spot-check,"R. A. Torrey Bible study, evangelism, and prayer resource for teachers and serious students. OCR text should be spot-checked before quotation."
How to Study the Bible for Greatest Profit: The Methods and Fundamental Conditions of the Bible ...,Reuben Archer Torrey,https://archive.org/download/howtostudybible00torrgoog/howtostudybible00torrgoog_djvu.txt,Bible study helps,Torrey Collection,verified public domain,reviewed,Requested author collection;Use with discernment;OCR spot-check,"R. A. Torrey Bible study, evangelism, and prayer resource for teachers and serious students. OCR text should be spot-checked before quotation."
The Greatest hymns,"Stebbins, George C. (George Coles), 1846-1945; Torrey, R. A. (Reuben Archer), 1856-1928",https://archive.org/download/greatesthymns00steb/greatesthymns00steb_djvu.txt,Bible study helps,Torrey Collection,verified public domain,reviewed,Requested author collection;Use with discernment;OCR spot-check,"R. A. Torrey Bible study, evangelism, and prayer resource for teachers and serious students. OCR text should be spot-checked before quotation."
"The new topical text book; a Scripture text book for the use of ministers, teachers, and all Christian workers","Torrey, R. A. (Reuben Archer), 1856-1928",https://archive.org/download/newtopicaltextbo01torr/newtopicaltextbo01torr_djvu.txt,Bible study helps,Torrey Collection,verified public domain,reviewed,Requested author collection;Use with discernment;OCR spot-check,"R. A. Torrey Bible study, evangelism, and prayer resource for teachers and serious students. OCR text should be spot-checked before quotation."
How to study the Bible for greatest profit ..,"Torrey, R. A. (Reuben Archer), 1856-1928",https://archive.org/download/howtostudybiblef00torr/howtostudybiblef00torr_djvu.txt,Bible study helps,Torrey Collection,verified public domain,reviewed,Requested author collection;Use with discernment;OCR spot-check,"R. A. Torrey Bible study, evangelism, and prayer resource for teachers and serious students. OCR text should be spot-checked before quotation."
The fundamental doctrines of the Christian faith.,"Torrey, R. A. (Reuben Archer), 1856-1928",https://archive.org/download/fundamentaldoct01torrgoog/fundamentaldoct01torrgoog_djvu.txt,Bible study helps,Torrey Collection,verified public domain,reviewed,Requested author collection;Use with discernment;OCR spot-check,"R. A. Torrey Bible study, evangelism, and prayer resource for teachers and serious students. OCR text should be spot-checked before quotation."
How to obtain fullness of power in Christian life and service,"Torrey, R. A. (Reuben Archer), 1856-1928",https://archive.org/download/howtoobtainfulln00torr/howtoobtainfulln00torr_djvu.txt,Bible study helps,Torrey Collection,verified public domain,reviewed,Requested author collection;Use with discernment;OCR spot-check,"R. A. Torrey Bible study, evangelism, and prayer resource for teachers and serious students. OCR text should be spot-checked before quotation."
"Why God used D. L. Moody,","Torrey, R. A. (Reuben Archer), 1856-1928",https://archive.org/download/whygoduseddlmood00torr_0/whygoduseddlmood00torr_0_djvu.txt,Bible study helps,Torrey Collection,verified public domain,reviewed,Requested author collection;Use with discernment;OCR spot-check,"R. A. Torrey Bible study, evangelism, and prayer resource for teachers and serious students. OCR text should be spot-checked before quotation."
"The Holy Spirit : who He is and what He does, and how to know Him in all the fulness of His gracious and glorious ministry","Torrey, R. A. (Reuben Archer), 1856-1928; Torrey, R. A. (Reuben Archer), 1856-1928. Person and work of the Holy Spirit as revealed in the Scriptures and in personal experience",https://archive.org/download/holyspiritwhohei00torr/holyspiritwhohei00torr_djvu.txt,Bible study helps,Torrey Collection,verified public domain,reviewed,Requested author collection;Use with discernment;OCR spot-check,"R. A. Torrey Bible study, evangelism, and prayer resource for teachers and serious students. OCR text should be spot-checked before quotation."
"The Higher criticism and the new theology : unscientific, unscriptural, and unwholesome","Torrey, R. A. (Reuben Archer), 1856-1928",https://archive.org/download/highercriticismn00torr/highercriticismn00torr_djvu.txt,Bible study helps,Torrey Collection,verified public domain,reviewed,Requested author collection;Use with discernment;OCR spot-check,"R. A. Torrey Bible study, evangelism, and prayer resource for teachers and serious students. OCR text should be spot-checked before quotation."
The person and work of the Holy Spirit as revealed in the Scriptures and in personal experience [microform],"Torrey, R. A. (Reuben Archer), 1856-1928",https://archive.org/download/cihm_66116/cihm_66116_djvu.txt,Bible study helps,Torrey Collection,verified public domain,reviewed,Requested author collection;Use with discernment;OCR spot-check,"R. A. Torrey Bible study, evangelism, and prayer resource for teachers and serious students. OCR text should be spot-checked before quotation."
Why God used D. L. Moody,"Torrey, R. A. (Reuben Archer), 1856-1928",https://archive.org/download/whygoduseddlmood00torr_1/whygoduseddlmood00torr_1_djvu.txt,Bible study helps,Torrey Collection,verified public domain,reviewed,Requested author collection;Use with discernment;OCR spot-check,"R. A. Torrey Bible study, evangelism, and prayer resource for teachers and serious students. OCR text should be spot-checked before quotation."
The Bible and its Christ; being noonday talks with business men on faith and unbelief,"Torrey, R. A. (Reuben Archer), 1856-1928",https://archive.org/download/cu31924029353772/cu31924029353772_djvu.txt,Bible study helps,Torrey Collection,verified public domain,reviewed,Requested author collection;Use with discernment;OCR spot-check,"R. A. Torrey Bible study, evangelism, and prayer resource for teachers and serious students. OCR text should be spot-checked before quotation."
The Baptism with the Holy Spirit ...,Reuben Archer Torrey,https://archive.org/download/baptismwithholy00torrgoog/baptismwithholy00torrgoog_djvu.txt,Bible study helps,Torrey Collection,verified public domain,reviewed,Requested author collection;Use with discernment;OCR spot-check,"R. A. Torrey Bible study, evangelism, and prayer resource for teachers and serious students. OCR text should be spot-checked before quotation."
Peanut patriotism and pure patriotism,"Torrey, R. A. (Reuben Archer), 1856-1928",https://archive.org/download/peanutpatriotism00torr/peanutpatriotism00torr_djvu.txt,Bible study helps,Torrey Collection,verified public domain,reviewed,Requested author collection;Use with discernment;OCR spot-check,"R. A. Torrey Bible study, evangelism, and prayer resource for teachers and serious students. OCR text should be spot-checked before quotation."
The gospel for to-day : new evangelistic sermons for a new day,"Torrey, R. A. (Reuben Archer), 1856-1928",https://archive.org/download/gospelfortodayne00torr/gospelfortodayne00torr_djvu.txt,Bible study helps,Torrey Collection,verified public domain,reviewed,Requested author collection;Use with discernment;OCR spot-check,"R. A. Torrey Bible study, evangelism, and prayer resource for teachers and serious students. OCR text should be spot-checked before quotation."
The higher criticism and the new theology,"Torrey, R. A. (Reuben Archer), 1856-1928, ed",https://archive.org/download/highercriticism00torr/highercriticism00torr_djvu.txt,Bible study helps,Torrey Collection,verified public domain,reviewed,Requested author collection;Use with discernment;OCR spot-check,"R. A. Torrey Bible study, evangelism, and prayer resource for teachers and serious students. OCR text should be spot-checked before quotation."
How to obtain fullness of power in Christian life and service,"Torrey, R. A. (Reuben Archer), 1856-1928",https://archive.org/download/howtoobtainfulln0000torr_e4x7/howtoobtainfulln0000torr_e4x7_djvu.txt,Bible study helps,Torrey Collection,verified public domain,reviewed,Requested author collection;Use with discernment;OCR spot-check,"R. A. Torrey Bible study, evangelism, and prayer resource for teachers and serious students. OCR text should be spot-checked before quotation."
How to Obtain Fulness of Power in Christian Life and Service,Reuben Archer Torrey,https://archive.org/download/howtoobtainfuln00torrgoog/howtoobtainfuln00torrgoog_djvu.txt,Bible study helps,Torrey Collection,verified public domain,reviewed,Requested author collection;Use with discernment;OCR spot-check,"R. A. Torrey Bible study, evangelism, and prayer resource for teachers and serious students. OCR text should be spot-checked before quotation."
How to bring men to Christ,"Torrey, R. A. (Reuben Archer), 1856-1928",https://archive.org/download/howtobringmentoc01torr/howtobringmentoc01torr_djvu.txt,Bible study helps,Torrey Collection,verified public domain,reviewed,Requested author collection;Use with discernment;OCR spot-check,"R. A. Torrey Bible study, evangelism, and prayer resource for teachers and serious students. OCR text should be spot-checked before quotation."
What the war teaches;,"Torrey, Reuben Archer, 1856- [from old catalog]",https://archive.org/download/whatwarteaches00torr/whatwarteaches00torr_djvu.txt,Bible study helps,Torrey Collection,verified public domain,reviewed,Requested author collection;Use with discernment;OCR spot-check,"R. A. Torrey Bible study, evangelism, and prayer resource for teachers and serious students. OCR text should be spot-checked before quotation."
Anecdotes and Illustrations,Reuben Archer Torrey,https://archive.org/download/anecdotesandill00torrgoog/anecdotesandill00torrgoog_djvu.txt,Bible study helps,Torrey Collection,verified public domain,reviewed,Requested author collection;Use with discernment;OCR spot-check,"R. A. Torrey Bible study, evangelism, and prayer resource for teachers and serious students. OCR text should be spot-checked before quotation."
"How to be saved, and how to be lost ;the way of salvation and the way of condemnation made as plain as day,","Torrey, R. A. (Reuben Archer), 1856-1928",https://archive.org/download/howtobesavedhowt00torr/howtobesavedhowt00torr_djvu.txt,Bible study helps,Torrey Collection,verified public domain,reviewed,Requested author collection;Use with discernment;OCR spot-check,"R. A. Torrey Bible study, evangelism, and prayer resource for teachers and serious students. OCR text should be spot-checked before quotation."
Anecdotes and illustrations,"Torrey, R. A. (Reuben Archer), 1856-1928",https://archive.org/download/anecdotesillustr0000torr/anecdotesillustr0000torr_djvu.txt,Bible study helps,Torrey Collection,verified public domain,reviewed,Requested author collection;Use with discernment;OCR spot-check,"R. A. Torrey Bible study, evangelism, and prayer resource for teachers and serious students. OCR text should be spot-checked before quotation."
The person and work of the Holy Spirit as revealed in the Scriptures and in personal experience,"Torrey, R. A. (Reuben Archer), 1856-1928",https://archive.org/download/personworkofholy00torr/personworkofholy00torr_djvu.txt,Bible study helps,Torrey Collection,verified public domain,reviewed,Requested author collection;Use with discernment;OCR spot-check,"R. A. Torrey Bible study, evangelism, and prayer resource for teachers and serious students. OCR text should be spot-checked before quotation."
Revival addresses [microform],"Torrey, R. A. (Reuben Archer), 1856-1928",https://archive.org/download/cihm_87830/cihm_87830_djvu.txt,Bible study helps,Torrey Collection,verified public domain,reviewed,Requested author collection;Use with discernment;OCR spot-check,"R. A. Torrey Bible study, evangelism, and prayer resource for teachers and serious students. OCR text should be spot-checked before quotation."
Difficulties and alleged errors and contradictions in the Bible,"Torrey, R. A. (Reuben Archer), 1856-1928",https://archive.org/download/difficultiesalle0000torr_l7c6/difficultiesalle0000torr_l7c6_djvu.txt,Bible study helps,Torrey Collection,verified public domain,reviewed,Requested author collection;Use with discernment;OCR spot-check,"R. A. Torrey Bible study, evangelism, and prayer resource for teachers and serious students. OCR text should be spot-checked before quotation."
Personal work,"Torrey, R. A. (Reuben Archer), 1856-1928",https://archive.org/download/personalwork0000torr/personalwork0000torr_djvu.txt,Bible study helps,Torrey Collection,verified public domain,reviewed,Requested author collection;Use with discernment;OCR spot-check,"R. A. Torrey Bible study, evangelism, and prayer resource for teachers and serious students. OCR text should be spot-checked before quotation."
The fundamental doctrines of the Christian faith.,"Torrey, R. A. (Reuben Archer), 1856-1928",https://archive.org/download/fundamentaldoctr00torr_0/fundamentaldoctr00torr_0_djvu.txt,Bible study helps,Torrey Collection,verified public domain,reviewed,Requested author collection;Use with discernment;OCR spot-check,"R. A. Torrey Bible study, evangelism, and prayer resource for teachers and serious students. OCR text should be spot-checked before quotation."
"Will Christ Come Again?: An Exposure of the Foolishness, Fallacies, and ...",Reuben Archer Torrey,https://archive.org/download/willchristcomea00torrgoog/willchristcomea00torrgoog_djvu.txt,Bible study helps,Torrey Collection,verified public domain,reviewed,Requested author collection;Use with discernment;OCR spot-check,"R. A. Torrey Bible study, evangelism, and prayer resource for teachers and serious students. OCR text should be spot-checked before quotation."
The baptism with the Holy Spirit,"Torrey, R. A. (Reuben Archer), 1856-1928",https://archive.org/download/baptismwithholys00torr_0/baptismwithholys00torr_0_djvu.txt,Bible study helps,Torrey Collection,verified public domain,reviewed,Requested author collection;Use with discernment;OCR spot-check,"R. A. Torrey Bible study, evangelism, and prayer resource for teachers and serious students. OCR text should be spot-checked before quotation."
The Christ of the Bible,"Torrey, R. A. (Reuben Archer), 1856-1928",https://archive.org/download/christofbible00torr/christofbible00torr_djvu.txt,Bible study helps,Torrey Collection,verified public domain,reviewed,Requested author collection;Use with discernment;OCR spot-check,"R. A. Torrey Bible study, evangelism, and prayer resource for teachers and serious students. OCR text should be spot-checked before quotation."
"How to be saved, and how to be lost ; the way of salvation and the way of condemnation made as plain as day","Torrey, R. A. (Reuben Archer), 1856-1928",https://archive.org/download/howtobesavedhowt00torr_0/howtobesavedhowt00torr_0_djvu.txt,Bible study helps,Torrey Collection,verified public domain,reviewed,Requested author collection;Use with discernment;OCR spot-check,"R. A. Torrey Bible study, evangelism, and prayer resource for teachers and serious students. OCR text should be spot-checked before quotation."
Practical and perplexing questions answered /,"Torrey, R. A. (Reuben Archer), 1856-1928",https://archive.org/download/practicalperplex01torr_0/practicalperplex01torr_0_djvu.txt,Bible study helps,Torrey Collection,verified public domain,reviewed,Requested author collection;Use with discernment;OCR spot-check,"R. A. Torrey Bible study, evangelism, and prayer resource for teachers and serious students. OCR text should be spot-checked before quotation."
Traits and tracts of Torrey : a fresh appreciation of a great man and teacher,"Torrey, R. A. (Reuben Archer), 1856-1928",https://archive.org/download/traitstractsofto0000torr/traitstractsofto0000torr_djvu.txt,Bible study helps,Torrey Collection,verified public domain,reviewed,Requested author collection;Use with discernment;OCR spot-check,"R. A. Torrey Bible study, evangelism, and prayer resource for teachers and serious students. OCR text should be spot-checked before quotation."
How to bring men to Christ,"Torrey, R. A. (Reuben Archer), 1856-1928",https://archive.org/download/howtobringmentoc0000torr/howtobringmentoc0000torr_djvu.txt,Bible study helps,Torrey Collection,verified public domain,reviewed,Requested author collection;Use with discernment;OCR spot-check,"R. A. Torrey Bible study, evangelism, and prayer resource for teachers and serious students. OCR text should be spot-checked before quotation."
"Will Christ come again? : an exposure of the foolishness, fallacies, and falsehoods of Shailer Mathews","Torrey, R. A. (Reuben Archer), 1856-1928",https://archive.org/download/willchristcomeag0000torr/willchristcomeag0000torr_djvu.txt,Bible study helps,Torrey Collection,verified public domain,reviewed,Requested author collection;Use with discernment;OCR spot-check,"R. A. Torrey Bible study, evangelism, and prayer resource for teachers and serious students. OCR text should be spot-checked before quotation."
What the Bible teaches,Reuben Archer Torrey,https://archive.org/download/whatbibleteaches0000reub/whatbibleteaches0000reub_djvu.txt,Bible study helps,Torrey Collection,verified public domain,reviewed,Requested author collection;Use with discernment;OCR spot-check,"R. A. Torrey Bible study, evangelism, and prayer resource for teachers and serious students. OCR text should be spot-checked before quotation."
Real salvation and whole-hearted service,"Torrey, R. A. (Reuben Archer), 1856-1928",https://archive.org/download/realsalvationwho00torr/realsalvationwho00torr_djvu.txt,Bible study helps,Torrey Collection,verified public domain,reviewed,Requested author collection;Use with discernment;OCR spot-check,"R. A. Torrey Bible study, evangelism, and prayer resource for teachers and serious students. OCR text should be spot-checked before quotation."
How To Succeed In The Christian Life [FACSIMILE],"Torrey, R. A. (Reuben Archer), 1856-1928",https://archive.org/download/bwb_UR-149-587/bwb_UR-149-587_djvu.txt,Bible study helps,Torrey Collection,verified public domain,reviewed,Requested author collection;Use with discernment;OCR spot-check,"R. A. Torrey Bible study, evangelism, and prayer resource for teachers and serious students. OCR text should be spot-checked before quotation."
How to obtain fullness of power in Christian life and service,"Torrey, R. A. (Reuben Archer), 1856-1928",https://archive.org/download/howtoobtainfulln0000reub/howtoobtainfulln0000reub_djvu.txt,Bible study helps,Torrey Collection,verified public domain,reviewed,Requested author collection;Use with discernment;OCR spot-check,"R. A. Torrey Bible study, evangelism, and prayer resource for teachers and serious students. OCR text should be spot-checked before quotation."
"The life and work of Dwight L. Moody, presented to the Christian world as a tribute to the memory of the greatest apostle of the age",Dwight L. Moody,https://archive.org/download/lifework0000unse/lifework0000unse_djvu.txt,Evangelism,Moody Collection,verified public domain,reviewed,Requested author collection;Use with discernment;OCR spot-check,D. L. Moody evangelistic and devotional resource for Christian living and ministry use. OCR text should be spot-checked before quotation.
"New sermons, addresses and prayers [microform]","Moody, D. L. (Dwight Lyman), 1837-1899",https://archive.org/download/cihm_52738/cihm_52738_djvu.txt,Evangelism,Moody Collection,verified public domain,reviewed,Requested author collection;Use with discernment;OCR spot-check,D. L. Moody evangelistic and devotional resource for Christian living and ministry use. OCR text should be spot-checked before quotation.
Moody's new sermons [microform],"Moody, D. L. (Dwight Lyman), 1837-1899",https://archive.org/download/cihm_27775/cihm_27775_djvu.txt,Evangelism,Moody Collection,verified public domain,reviewed,Requested author collection;Use with discernment;OCR spot-check,D. L. Moody evangelistic and devotional resource for Christian living and ministry use. OCR text should be spot-checked before quotation.
Moody's Bible stories and gems of Christian thought [microform],"Moody, D. L. (Dwight Lyman), 1837-1899; Daniels, W. H. (William Haven), b. 1836",https://archive.org/download/cihm_89698/cihm_89698_djvu.txt,Evangelism,Moody Collection,verified public domain,reviewed,Requested author collection;Use with discernment;OCR spot-check,D. L. Moody evangelistic and devotional resource for Christian living and ministry use. OCR text should be spot-checked before quotation.
"Best thoughts and discourses of D.L. Moody [microform] : the work of Moody and Sankey as evangelists, with sketches of their lives and portraits on steel","Moody, D. L. (Dwight Lyman), 1837-1899; Morrow, Abbie Clemens; Haines, Emory J",https://archive.org/download/cihm_11150/cihm_11150_djvu.txt,Evangelism,Moody Collection,verified public domain,reviewed,Requested author collection;Use with discernment;OCR spot-check,D. L. Moody evangelistic and devotional resource for Christian living and ministry use. OCR text should be spot-checked before quotation.
D.L. Moody [microform] : oo kukaskwawina (his sermons),"Moody, D. L. (Dwight Lyman), 1837-1899",https://archive.org/download/cihm_38948/cihm_38948_djvu.txt,Evangelism,Moody Collection,verified public domain,reviewed,Requested author collection;Use with discernment;OCR spot-check,D. L. Moody evangelistic and devotional resource for Christian living and ministry use. OCR text should be spot-checked before quotation.
The way to God and how to find it [microform],"Moody, D. L. (Dwight Lyman), 1837-1899",https://archive.org/download/cihm_93790/cihm_93790_djvu.txt,Evangelism,Moody Collection,verified public domain,reviewed,Requested author collection;Use with discernment;OCR spot-check,D. L. Moody evangelistic and devotional resource for Christian living and ministry use. OCR text should be spot-checked before quotation.
"Heaven: where it is, its inhabitants, and how to get there [microform] : the certainty of God's promise of a life beyond the grave, and the rewards that are in store for faithful service","Moody, D. L. (Dwight Lyman), 1837-1899",https://archive.org/download/cihm_27544/cihm_27544_djvu.txt,Evangelism,Moody Collection,verified public domain,reviewed,Requested author collection;Use with discernment;OCR spot-check,D. L. Moody evangelistic and devotional resource for Christian living and ministry use. OCR text should be spot-checked before quotation.
"New sermons, addresses and prayers [microform]","Moody, D. L. (Dwight Lyman), 1837-1899",https://archive.org/download/cihm_29744/cihm_29744_djvu.txt,Evangelism,Moody Collection,verified public domain,reviewed,Requested author collection;Use with discernment;OCR spot-check,D. L. Moody evangelistic and devotional resource for Christian living and ministry use. OCR text should be spot-checked before quotation.
Anecdotes and illustrations of D.L. Moody related by him in his revival work [microform],"Moody, D. L. (Dwight Lyman), 1837-1899; McClure, J. B. (James Baird), 1832-1895",https://archive.org/download/cihm_27774/cihm_27774_djvu.txt,Evangelism,Moody Collection,verified public domain,reviewed,Requested author collection;Use with discernment;OCR spot-check,D. L. Moody evangelistic and devotional resource for Christian living and ministry use. OCR text should be spot-checked before quotation.
Anecdotes and illustrations of D.L. Moody related by him in his revival work [microform],"Moody, D. L. (Dwight Lyman), 1837-1899; McClure, J. B. (James Baird), 1832-1895",https://archive.org/download/cihm_57850/cihm_57850_djvu.txt,Evangelism,Moody Collection,verified public domain,reviewed,Requested author collection;Use with discernment;OCR spot-check,D. L. Moody evangelistic and devotional resource for Christian living and ministry use. OCR text should be spot-checked before quotation.
"Daniel, Man of God - Dwight L. Moody",Dwight L. Moody,https://archive.org/download/daniel-man-of-god-moody/Daniel%20the%20Prophet%2C%20Doc%201%20(Original%20Scan)_djvu.txt,Evangelism,Moody Collection,verified public domain,reviewed,Requested author collection;Use with discernment;OCR spot-check,D. L. Moody evangelistic and devotional resource for Christian living and ministry use. OCR text should be spot-checked before quotation.
"Life, work and sermons of Dwight L. Moody : the great evangelist",Dwight L. Moody,https://archive.org/download/lifeworksermonso0000unse/lifeworksermonso0000unse_djvu.txt,Evangelism,Moody Collection,verified public domain,reviewed,Requested author collection;Use with discernment;OCR spot-check,D. L. Moody evangelistic and devotional resource for Christian living and ministry use. OCR text should be spot-checked before quotation.
The Man and His Mission,Dwight L. Moody,https://archive.org/download/dwightlmoodymanh0000unse/dwightlmoodymanh0000unse_djvu.txt,Evangelism,Moody Collection,verified public domain,reviewed,Requested author collection;Use with discernment;OCR spot-check,D. L. Moody evangelistic and devotional resource for Christian living and ministry use. OCR text should be spot-checked before quotation.
"Weighed And Wanting, Or The Ten Commandments",Dwight L. Moody,https://archive.org/download/weighed-and-wanting-or-the-ten-commandments/Weighed%20and%20Wanting%2C%20or%20The%20Ten%20Commandments_djvu.txt,Evangelism,Moody Collection,verified public domain,reviewed,Requested author collection;Use with discernment;OCR spot-check,D. L. Moody evangelistic and devotional resource for Christian living and ministry use. OCR text should be spot-checked before quotation.
"Sowing And Reaping, Dwight L Moody",Dwight L. Moody,https://archive.org/download/sowing-and-reaping-dwight-l-moody/Sowing%20and%20Reaping%2C%20Dwight%20L%20Moody_djvu.txt,Evangelism,Moody Collection,verified public domain,reviewed,Requested author collection;Use with discernment;OCR spot-check,D. L. Moody evangelistic and devotional resource for Christian living and ministry use. OCR text should be spot-checked before quotation.
Thou Fool and Eleven Other Sermons,dwight l. moody,https://archive.org/download/thoufoolelevenot0000unse_o3x9/thoufoolelevenot0000unse_o3x9_djvu.txt,Evangelism,Moody Collection,verified public domain,reviewed,Requested author collection;Use with discernment;OCR spot-check,D. L. Moody evangelistic and devotional resource for Christian living and ministry use. OCR text should be spot-checked before quotation.
The Life and Works of the World's Greatest Evangelist,Dwight L. Moody,https://archive.org/download/lifeworksofworld0000jwha/lifeworksofworld0000jwha_djvu.txt,Evangelism,Moody Collection,verified public domain,reviewed,Requested author collection;Use with discernment;OCR spot-check,D. L. Moody evangelistic and devotional resource for Christian living and ministry use. OCR text should be spot-checked before quotation.
Anecdotes and Illustrations of D.L. Moody in His Revival Work,Dwight L. Moody,https://archive.org/download/anecdotesillustr0000unse_j6b7/anecdotesillustr0000unse_j6b7_djvu.txt,Evangelism,Moody Collection,verified public domain,reviewed,Requested author collection;Use with discernment;OCR spot-check,D. L. Moody evangelistic and devotional resource for Christian living and ministry use. OCR text should be spot-checked before quotation.
The Man And His Mission,Dwight L. Moody,https://archive.org/download/manhismission0000dwig_w5v6/manhismission0000dwig_w5v6_djvu.txt,Evangelism,Moody Collection,verified public domain,reviewed,Requested author collection;Use with discernment;OCR spot-check,D. L. Moody evangelistic and devotional resource for Christian living and ministry use. OCR text should be spot-checked before quotation.
The life and works of the world's greatest evangelist,Dwight L. Moody,https://archive.org/download/lifeworksofworld0000dwig/lifeworksofworld0000dwig_djvu.txt,Evangelism,Moody Collection,verified public domain,reviewed,Requested author collection;Use with discernment;OCR spot-check,D. L. Moody evangelistic and devotional resource for Christian living and ministry use. OCR text should be spot-checked before quotation.
the life and works of the world's greatest evangelist,dwight l. moody,https://archive.org/download/lifeworksofworld0000dwig_i6l3/lifeworksofworld0000dwig_i6l3_djvu.txt,Evangelism,Moody Collection,verified public domain,reviewed,Requested author collection;Use with discernment;OCR spot-check,D. L. Moody evangelistic and devotional resource for Christian living and ministry use. OCR text should be spot-checked before quotation.
Power through prayer,"Bounds, Edward M. (Edward McKendree), 1835-1913",https://archive.org/download/powerthroughpray00boun_1/powerthroughpray00boun_1_djvu.txt,Prayer,Bounds Collection,verified public domain,reviewed,Requested author collection;Use with discernment;OCR spot-check,E. M. Bounds prayer resource for devotional reading and prayer teaching. OCR text should be spot-checked before quotation.
Preacher and prayer,"Bounds, Edward M. (Edward McKendree), 1835-1913",https://archive.org/download/preacherprayer00boun/preacherprayer00boun_djvu.txt,Prayer,Bounds Collection,verified public domain,reviewed,Requested author collection;Use with discernment;OCR spot-check,E. M. Bounds prayer resource for devotional reading and prayer teaching. OCR text should be spot-checked before quotation.
Purpose in prayer,"Bounds, Edward M. (Edward McKendree), 1835-1913",https://archive.org/download/purposeinprayer00boun/purposeinprayer00boun_djvu.txt,Prayer,Bounds Collection,verified public domain,reviewed,Requested author collection;Use with discernment;OCR spot-check,E. M. Bounds prayer resource for devotional reading and prayer teaching. OCR text should be spot-checked before quotation.
The essentials of prayer,"Bounds, Edward M. (Edward McKendree), 1835-1913",https://archive.org/download/essentialsofpray00boun/essentialsofpray00boun_djvu.txt,Prayer,Bounds Collection,verified public domain,reviewed,Requested author collection;Use with discernment;OCR spot-check,E. M. Bounds prayer resource for devotional reading and prayer teaching. OCR text should be spot-checked before quotation.
Preacher and prayer,"Bounds, Edward M. (Edward McKendree), 1835-1913",https://archive.org/download/preacherpray00boun/preacherpray00boun_djvu.txt,Prayer,Bounds Collection,verified public domain,reviewed,Requested author collection;Use with discernment;OCR spot-check,E. M. Bounds prayer resource for devotional reading and prayer teaching. OCR text should be spot-checked before quotation.
The resurrection,"Bounds, Edward M. (Edward McKendree), 1835-1913",https://archive.org/download/resurrection00boun/resurrection00boun_djvu.txt,Prayer,Bounds Collection,verified public domain,reviewed,Requested author collection;Use with discernment;OCR spot-check,E. M. Bounds prayer resource for devotional reading and prayer teaching. OCR text should be spot-checked before quotation.
"Satan : his personality, power and overthrow","Bounds, Edward M. (Edward McKendree), 1835-1913",https://archive.org/download/satanhispersonal0000boun/satanhispersonal0000boun_djvu.txt,Prayer,Bounds Collection,verified public domain,reviewed,Requested author collection;Use with discernment;OCR spot-check,E. M. Bounds prayer resource for devotional reading and prayer teaching. OCR text should be spot-checked before quotation.
The ineffable glory; thoughts on the resurrection,"Bounds, Edward M. (Edward McKendree), 1835-1913",https://archive.org/download/ineffablegloryth00boun/ineffablegloryth00boun_djvu.txt,Prayer,Bounds Collection,verified public domain,reviewed,Requested author collection;Use with discernment;OCR spot-check,E. M. Bounds prayer resource for devotional reading and prayer teaching. OCR text should be spot-checked before quotation.
The possibilities of prayer,"Bounds, Edward M. (Edward McKendree), 1835-1913",https://archive.org/download/possibilitiesofp0000boun/possibilitiesofp0000boun_djvu.txt,Prayer,Bounds Collection,verified public domain,reviewed,Requested author collection;Use with discernment;OCR spot-check,E. M. Bounds prayer resource for devotional reading and prayer teaching. OCR text should be spot-checked before quotation.
The necessity of prayer,Edward M. Bounds; Homer W. Hodge,https://archive.org/download/x-necessity-prayer/x%20necessity%20prayer_djvu.txt,Prayer,Bounds Collection,verified public domain,reviewed,Requested author collection;Use with discernment;OCR spot-check,E. M. Bounds prayer resource for devotional reading and prayer teaching. OCR text should be spot-checked before quotation.
The Possibilities of Prayer,"Edward M. Bounds, D. D.",https://archive.org/download/possibilitiesofp0000edwa/possibilitiesofp0000edwa_djvu.txt,Prayer,Bounds Collection,verified public domain,reviewed,Requested author collection;Use with discernment;OCR spot-check,E. M. Bounds prayer resource for devotional reading and prayer teaching. OCR text should be spot-checked before quotation.
The essentials of prayer,Edward M. Bounds,https://archive.org/download/essentialsofpray0000edwa/essentialsofpray0000edwa_djvu.txt,Prayer,Bounds Collection,verified public domain,reviewed,Requested author collection;Use with discernment;OCR spot-check,E. M. Bounds prayer resource for devotional reading and prayer teaching. OCR text should be spot-checked before quotation.
Purpose in prayer,"Bounds, Edward M. (Edward McKendree), 1835-1913",https://archive.org/download/bwb_P8-CZB-162/bwb_P8-CZB-162_djvu.txt,Prayer,Bounds Collection,verified public domain,reviewed,Requested author collection;Use with discernment;OCR spot-check,E. M. Bounds prayer resource for devotional reading and prayer teaching. OCR text should be spot-checked before quotation.
The ineffable glory,Edward M. Bounds,https://archive.org/download/ineffableglory0000edwa/ineffableglory0000edwa_djvu.txt,Prayer,Bounds Collection,verified public domain,reviewed,Requested author collection;Use with discernment;OCR spot-check,E. M. Bounds prayer resource for devotional reading and prayer teaching. OCR text should be spot-checked before quotation.
Prayer and Praying Men,Re. edward M. Bounds,https://archive.org/download/prayerprayingmen0000reed/prayerprayingmen0000reed_djvu.txt,Prayer,Bounds Collection,verified public domain,reviewed,Requested author collection;Use with discernment;OCR spot-check,E. M. Bounds prayer resource for devotional reading and prayer teaching. OCR text should be spot-checked before quotation.
HEAVEN A PLACE -A CITY-A HOME,EDWARD M. BOUNDS,https://archive.org/download/heavenplaceacity0000edwa/heavenplaceacity0000edwa_djvu.txt,Prayer,Bounds Collection,verified public domain,reviewed,Requested author collection;Use with discernment;OCR spot-check,E. M. Bounds prayer resource for devotional reading and prayer teaching. OCR text should be spot-checked before quotation.
"Satan: His Personality, Power and Overthrow",Edward M. Bounds,https://archive.org/download/bwb_T4-APV-216_d1m6/bwb_T4-APV-216_d1m6_djvu.txt,Prayer,Bounds Collection,verified public domain,reviewed,Requested author collection;Use with discernment;OCR spot-check,E. M. Bounds prayer resource for devotional reading and prayer teaching. OCR text should be spot-checked before quotation.
The Possibilities of Prayer,Edward M. Bounds,https://archive.org/download/bwb_S0-DQB-078/bwb_S0-DQB-078_djvu.txt,Prayer,Bounds Collection,verified public domain,reviewed,Requested author collection;Use with discernment;OCR spot-check,E. M. Bounds prayer resource for devotional reading and prayer teaching. OCR text should be spot-checked before quotation.
"Satan : His personality, power and overthrow",Edward M. Bounds,https://archive.org/download/satanhispersonal0000edwa_g5i1/satanhispersonal0000edwa_g5i1_djvu.txt,Prayer,Bounds Collection,verified public domain,reviewed,Requested author collection;Use with discernment;OCR spot-check,E. M. Bounds prayer resource for devotional reading and prayer teaching. OCR text should be spot-checked before quotation.
The Necessity of Prayer,Edward M. Bounds,https://archive.org/download/necessityofpraye0000edwa/necessityofpraye0000edwa_djvu.txt,Prayer,Bounds Collection,verified public domain,reviewed,Requested author collection;Use with discernment;OCR spot-check,E. M. Bounds prayer resource for devotional reading and prayer teaching. OCR text should be spot-checked before quotation.
The Neccessity of Prayer,Edward M. Bounds,https://archive.org/download/neccessityofpray0000edwa/neccessityofpray0000edwa_djvu.txt,Prayer,Bounds Collection,verified public domain,reviewed,Requested author collection;Use with discernment;OCR spot-check,E. M. Bounds prayer resource for devotional reading and prayer teaching. OCR text should be spot-checked before quotation.
