rank,priority_tier,resource_kind,usefulness_score,title,author,year,category,collection,source_url,download_url,public_domain_status,commercial_use_status,rights_basis,recommended_use,file_path,word_count,reading_hours_estimate,work_group_key,edition_or_volume_count
1,Tier 1 - core beta study library,Commentary,1490,Christology of the Old Testament: And a Commentary on the Messianic Predictions. Vol. 2,Ernst Wilhelm Hengstenberg and Theodore Meyer,2009,Commentaries,Commentary,https://www.gutenberg.org/ebooks/30608,https://www.gutenberg.org/ebooks/30608.txt.utf-8,verified,verified_allowed_with_project_gutenberg_terms,verified public domain. Source reviewed from https://www.gutenberg.org/ebooks/30608.,Public-domain commentary or exposition for secondary study after reading Scripture.,data/library/verified/christology-of-the-old-testament-and-a-commentary-on-the-messianic-predictions-vol-2-ernst-wilhelm-hengstenber.txt,200869,22.3,christology of the old testament and a commentary on the messianic predictions|ernst wilhelm hengstenberg and theodore meyer,1
2,Tier 1 - core beta study library,Commentary,1485,Lectures on the Epistle to the Colossians,"Ironside, H. A. (Henry Allan), 1876-1951",2026,Commentaries,Ironside Collection,https://archive.org/download/lecturesonepistl0000iron/lecturesonepistl0000iron_djvu.txt,https://archive.org/download/lecturesonepistl0000iron/lecturesonepistl0000iron_djvu.txt,verified,verified_allowed_public_domain,verified public domain. Source reviewed from https://archive.org/download/lecturesonepistl0000iron/lecturesonepistl0000iron_djvu.txt.,Ironside exposition or Christian living resource for Bible study and teaching preparation. OCR text should be spot-checked before quotation.,data/library/verified/lectures-on-the-epistle-to-the-colossians-ironside-h-a-henry-allan-1876-1951.txt,46978,5.2,lectures on the epistle to the colossians|ironside h a henry allan 1876 1951,1
3,Tier 1 - core beta study library,Commentary,1485,Notes on the book of Nehemiah,"Ironside, H. A. (Henry Allan), 1876-1951",2026,Commentaries,Ironside Collection,https://archive.org/download/notesonbookofneh0000iron/notesonbookofneh0000iron_djvu.txt,https://archive.org/download/notesonbookofneh0000iron/notesonbookofneh0000iron_djvu.txt,verified,verified_allowed_public_domain,verified public domain. Source reviewed from https://archive.org/download/notesonbookofneh0000iron/notesonbookofneh0000iron_djvu.txt.,Ironside exposition or Christian living resource for Bible study and teaching preparation. OCR text should be spot-checked before quotation.,data/library/verified/notes-on-the-book-of-nehemiah-ironside-h-a-henry-allan-1876-1951.txt,31154,3.5,notes on the book of nehemiah|ironside h a henry allan 1876 1951,1
4,Tier 1 - core beta study library,Bible Study Reference,1475,"The new topical text book; a Scripture text book for the use of ministers, teachers, and all Christian workers","Torrey, R. A. (Reuben Archer), 1856-1928",1897,Bible study helps,Torrey Collection,https://archive.org/download/newtopicaltextbo00torr/newtopicaltextbo00torr_djvu.txt,https://archive.org/download/newtopicaltextbo00torr/newtopicaltextbo00torr_djvu.txt,verified,verified_allowed_public_domain,verified public domain. Source reviewed from https://archive.org/download/newtopicaltextbo00torr/newtopicaltextbo00torr_djvu.txt.,"R. A. Torrey Bible study, evangelism, and prayer resource for teachers and serious students. OCR text should be spot-checked before quotation.",data/library/verified/the-new-topical-text-book-a-scripture-text-book-for-the-use-of-ministers-teachers-and-all-christian-workers-to.txt,221293,24.6,the new topical text book a scripture text book for the use of ministers teachers and all christian workers|torrey r a reuben archer 1856 1928,1
5,Tier 1 - core beta study library,Bible Study Reference,1475,"The new topical text book; a Scripture text book for the use of ministers, teachers, and all Christian workers",R. A. Torrey,1897,Bible study helps,R. A. Torrey Collection,https://archive.org/download/newtopicaltextbo01torr/newtopicaltextbo01torr_djvu.txt,https://archive.org/download/newtopicaltextbo01torr/newtopicaltextbo01torr_djvu.txt,verified,verified_allowed_public_domain,verified public domain. Source reviewed from https://archive.org/download/newtopicaltextbo01torr/newtopicaltextbo01torr_djvu.txt.,"R. A. Torrey public-domain Bible study, evangelism, and prayer resource for teachers and serious students.",data/library/verified/the-new-topical-text-book-a-scripture-text-book-for-the-use-of-ministers-teachers-and-all-christian-workers-r-.txt,226243,25.1,the new topical text book a scripture text book for the use of ministers teachers and all christian workers|r a torrey,1
6,Tier 1 - core beta study library,Commentary,1465,Expositor's Bible: The Gospel of St Luke,Henry Burton,2012,Commentaries,Commentary,https://www.gutenberg.org/ebooks/39856,https://www.gutenberg.org/ebooks/39856.txt.utf-8,verified,verified_allowed_with_project_gutenberg_terms,Verified. Source reviewed from https://www.gutenberg.org/ebooks/39856.,Public-domain Luke exposition for teacher preparation.,data/library/verified/expositor-s-bible-the-gospel-of-st-luke-henry-burton.txt,126852,14.1,expositor s bible the gospel of st luke|henry burton,1
7,Tier 1 - core beta study library,Commentary,1465,The Expositor's Bible: The Epistle to the Galatians,"Findlay, George G. (George Gillanders)",2013,Commentaries,Commentary,https://www.gutenberg.org/ebooks/42645,https://www.gutenberg.org/ebooks/42645.txt.utf-8,verified,verified_allowed_with_project_gutenberg_terms,verified public domain. Source reviewed from https://www.gutenberg.org/ebooks/42645.,Public-domain commentary or exposition for secondary study after reading Scripture.,data/library/verified/the-expositor-s-bible-the-epistle-to-the-galatians-findlay-george-g-george-gillanders.txt,132296,14.7,the expositor s bible the epistle to the galatians|findlay george g george gillanders,1
8,Tier 1 - core beta study library,Commentary,1455,Expository Thoughts on the Gospels,J. C. Ryle,1857,Commentaries,J. C. Ryle Collection,https://archive.org/download/expositorythough07ryle/expositorythough07ryle_djvu.txt,https://archive.org/download/expositorythough07ryle/expositorythough07ryle_djvu.txt,verified,verified_allowed_public_domain,Internet Archive item expositorythough07ryle lists possible copyright status NOT_IN_COPYRIGHT. Direct IA OCR text imported for beta reading with use-with-discernment and OCR spot-check labels.,"Gospel exposition for family study, teaching preparation, and commentary comparison.",data/library/verified/expository-thoughts-on-the-gospels-j-c-ryle.txt,226208,25.1,expository thoughts on the gospels|j c ryle,1
9,Tier 1 - core beta study library,Commentary,1455,Expository Thoughts on the Gospels: St. Mark,J. C. Ryle,1859,Commentaries,J. C. Ryle Collection,https://archive.org/download/expositorythough00ryleiala/expositorythough00ryleiala_djvu.txt,https://archive.org/download/expositorythough00ryleiala/expositorythough00ryleiala_djvu.txt,verified,verified_allowed_public_domain,Internet Archive item expositorythough00ryleiala lists possible copyright status NOT_IN_COPYRIGHT. Direct IA OCR text imported for beta reading with use-with-discernment and OCR spot-check labels.,Gospel exposition for teaching and commentary comparison after direct Scripture reading.,data/library/verified/expository-thoughts-on-the-gospels-st-mark-j-c-ryle.txt,140479,15.6,expository thoughts on the gospels st mark|j c ryle,1
10,Tier 1 - core beta study library,Commentary,1440,An Exposition of the Gospel of John,William Kelly,1898,Commentaries,William Kelly Collection,https://archive.org/download/bwb_Y0-BSQ-075/bwb_Y0-BSQ-075_djvu.txt,https://archive.org/download/bwb_Y0-BSQ-075/bwb_Y0-BSQ-075_djvu.txt,verified,verified_allowed_public_domain,"Published in 1898, before the current U.S. public-domain cutoff for 2026. Direct Internet Archive OCR text imported from item bwb_Y0-BSQ-075; source edition and OCR quality require spot-check before quotation or public teaching use.",Substantial Kelly exposition for John study and sermon preparation. OCR text should be spot-checked before quotation or public teaching use.,data/library/verified/an-exposition-of-the-gospel-of-john-william-kelly.txt,189067,21.0,an exposition of the gospel of john|william kelly,1
11,Tier 1 - core beta study library,Commentary,1440,Lectures on the Gospel of Matthew,William Kelly,1868,Commentaries,William Kelly Collection,https://archive.org/download/lecturesongospel00kell/lecturesongospel00kell_djvu.txt,https://archive.org/download/lecturesongospel00kell/lecturesongospel00kell_djvu.txt,verified,verified_allowed_public_domain,"Internet Archive item lecturesongospel00kell lists possible copyright status NOT_IN_COPYRIGHT. Open Library/Google Books bibliographic records identify William Kelly, G. Morrish, 1868. Direct IA OCR text imported for beta reading with use-with-discernment labe",Historical brethren exposition for Gospel study and teaching preparation; keep Scripture primary.,data/library/verified/lectures-on-the-gospel-of-matthew-william-kelly.txt,175819,19.5,lectures on the gospel of matthew|william kelly,1
12,Tier 1 - core beta study library,Commentary,1435,Notes on the Gospel of Luke,J. N. Darby,1869,Commentaries,Darby Collection,https://archive.org/download/notesongospellu00darbgoog/notesongospellu00darbgoog_djvu.txt,https://archive.org/download/notesongospellu00darbgoog/notesongospellu00darbgoog_djvu.txt,verified,verified_allowed_public_domain,verified public domain. Source reviewed from https://archive.org/download/notesongospellu00darbgoog/notesongospellu00darbgoog_djvu.txt.,Darby exposition for Luke study and commentary comparison. OCR text should be spot-checked before quotation or public teaching use.,data/library/verified/notes-on-the-gospel-of-luke-j-n-darby.txt,71791,8.0,notes on the gospel of luke|j n darby,1
13,Tier 1 - core beta study library,Commentary,1435,The Gospel of Matthew : An exposition,"Gaebelein, Arno Clemens, 1861-1945",1910,Commentaries,Gaebelein Collection,https://archive.org/download/thegospelofmatth00gaebuoft/thegospelofmatth00gaebuoft_djvu.txt,https://archive.org/download/thegospelofmatth00gaebuoft/thegospelofmatth00gaebuoft_djvu.txt,verified,verified_allowed_public_domain,verified public domain. Source reviewed from https://archive.org/download/thegospelofmatth00gaebuoft/thegospelofmatth00gaebuoft_djvu.txt.,Gaebelein Bible exposition and prophecy study resource. OCR text should be spot-checked before quotation.,data/library/verified/the-gospel-of-matthew-an-exposition-gaebelein-arno-clemens-1861-1945.txt,201490,22.4,the gospel of matthew an exposition|gaebelein arno clemens 1861 1945,1
14,Tier 1 - core beta study library,Commentary,1435,"The Gospel of Matthew: An Exposition, Volume 1",Arno C. Gaebelein,1910,Commentaries,Gaebelein Collection,https://archive.org/download/gospelofmatthewe01gaeb/gospelofmatthewe01gaeb_djvu.txt,https://archive.org/download/gospelofmatthewe01gaeb/gospelofmatthewe01gaeb_djvu.txt,verified,verified_allowed_public_domain,"Published in 1910, before the current U.S. public-domain cutoff for 2026. Direct Internet Archive OCR text imported from item gospelofmatthewe01gaeb; source edition and OCR quality require spot-check before quotation or public teaching use.",Gaebelein exposition for Matthew study and commentary comparison. OCR text should be spot-checked before quotation or public teaching use.,data/library/verified/the-gospel-of-matthew-an-exposition-volume-1-arno-c-gaebelein.txt,90959,10.1,the gospel of matthew an exposition|arno c gaebelein,1
15,Tier 1 - core beta study library,Commentary,1435,The Revelation : an analysis and exposition of the last book of the Bible,"Gaebelein, Arno Clemens, 1861-1945",2026,Commentaries,Gaebelein Collection,https://archive.org/download/revelationanalys0000gaeb/revelationanalys0000gaeb_djvu.txt,https://archive.org/download/revelationanalys0000gaeb/revelationanalys0000gaeb_djvu.txt,verified,verified_allowed_public_domain,verified public domain. Source reviewed from https://archive.org/download/revelationanalys0000gaeb/revelationanalys0000gaeb_djvu.txt.,Gaebelein Bible exposition and prophecy study resource. OCR text should be spot-checked before quotation.,data/library/verified/the-revelation-an-analysis-and-exposition-of-the-last-book-of-the-bible-gaebelein-arno-clemens-1861-1945.txt,62774,7.0,the revelation an analysis and exposition of the last book of the bible|gaebelein arno clemens 1861 1945,1
16,Tier 1 - core beta study library,Commentary,1435,The revelation an analysis and exposition of the last book of the bible,Arno C. Gaebelein,1915,Commentaries,Gaebelein Collection,https://archive.org/download/revelation0000unse_w4a2/revelation0000unse_w4a2_djvu.txt,https://archive.org/download/revelation0000unse_w4a2/revelation0000unse_w4a2_djvu.txt,verified,verified_allowed_public_domain,verified public domain. Source reviewed from https://archive.org/download/revelation0000unse_w4a2/revelation0000unse_w4a2_djvu.txt.,Gaebelein Bible exposition and prophecy study resource. OCR text should be spot-checked before quotation.,data/library/verified/the-revelation-an-analysis-and-exposition-of-the-last-book-of-the-bible-arno-c-gaebelein-2.txt,61953,6.9,the revelation an analysis and exposition of the last book of the bible|arno c gaebelein,1
17,Tier 1 - core beta study library,Commentary,1425,The Prophet Ezekiel: An Analytical Exposition,"Gaebelein, Arno Clemens",2011,Commentaries,Commentary,https://www.gutenberg.org/ebooks/36857,https://www.gutenberg.org/ebooks/36857.txt.utf-8,verified,verified_allowed_with_project_gutenberg_terms,verified public domain. Source reviewed from https://www.gutenberg.org/ebooks/36857.,Public-domain commentary or exposition for secondary study after reading Scripture.,data/library/verified/the-prophet-ezekiel-an-analytical-exposition-gaebelein-arno-clemens.txt,121057,13.5,the prophet ezekiel an analytical exposition|gaebelein arno clemens,1
18,Tier 1 - core beta study library,Commentary,1410,Lectures on the Book of Revelation,H. A. Ironside,1920,Commentaries,Ironside Collection,https://archive.org/details/lecturesonbookof0000hair_v6a5,https://archive.org/download/lecturesonbookof0000hair_v6a5/lecturesonbookof0000hair_v6a5_djvu.txt,verified,verified_allowed_public_domain,Internet Archive scan dated 1920. Publication before 1929; public domain in the United States. Avoid later reprint editions unless separately reviewed.,"Use as a secondary expository voice for Revelation after the KJV text, cross references, and other reviewed commentary.",data/library/verified/lectures-on-the-book-of-revelation-h-a-ironside.txt,94184,10.5,lectures on the book of revelation|h a ironside,1
19,Tier 1 - core beta study library,Commentary,1410,"Notes on the Book of Deuteronomy, Volume I","Mackintosh, Charles Henry",2012,Commentaries,Commentary,https://www.gutenberg.org/ebooks/41571,https://www.gutenberg.org/ebooks/41571.txt.utf-8,verified,verified_allowed_with_project_gutenberg_terms,verified public domain. Source reviewed from https://www.gutenberg.org/ebooks/41571.,Public-domain commentary or exposition for secondary study after reading Scripture.,data/library/verified/notes-on-the-book-of-deuteronomy-volume-i-mackintosh-charles-henry.txt,120960,13.4,notes on the book of deuteronomy|mackintosh charles henry,1
20,Tier 1 - core beta study library,Commentary,1410,Notes on the book of Exodus,"Mackintosh, Charles Henry",2012,Commentaries,Commentary,https://www.gutenberg.org/ebooks/40596,https://www.gutenberg.org/ebooks/40596.txt.utf-8,verified,verified_allowed_with_project_gutenberg_terms,verified public domain. Source reviewed from https://www.gutenberg.org/ebooks/40596.,Public-domain commentary or exposition for secondary study after reading Scripture.,data/library/verified/notes-on-the-book-of-exodus-mackintosh-charles-henry.txt,104344,11.6,notes on the book of exodus|mackintosh charles henry,1
21,Tier 1 - core beta study library,Commentary,1410,Notes on the Book of Genesis,"Mackintosh, Charles Henry",2011,Commentaries,Commentary,https://www.gutenberg.org/ebooks/37915,https://www.gutenberg.org/ebooks/37915.txt.utf-8,verified,verified_allowed_with_project_gutenberg_terms,verified public domain. Source reviewed from https://www.gutenberg.org/ebooks/37915.,Public-domain commentary or exposition for secondary study after reading Scripture.,data/library/verified/notes-on-the-book-of-genesis-mackintosh-charles-henry.txt,94534,10.5,notes on the book of genesis|mackintosh charles henry,1
22,Tier 1 - core beta study library,Commentary,1410,Notes on the Book of Leviticus,"Mackintosh, Charles Henry",2012,Commentaries,Commentary,https://www.gutenberg.org/ebooks/40610,https://www.gutenberg.org/ebooks/40610.txt.utf-8,verified,verified_allowed_with_project_gutenberg_terms,verified public domain. Source reviewed from https://www.gutenberg.org/ebooks/40610.,Public-domain commentary or exposition for secondary study after reading Scripture.,data/library/verified/notes-on-the-book-of-leviticus-mackintosh-charles-henry.txt,108419,12.0,notes on the book of leviticus|mackintosh charles henry,1
23,Tier 1 - core beta study library,Commentary,1410,Notes on the book of Numbers,"Mackintosh, Charles Henry",2025,Commentaries,Commentary,https://www.gutenberg.org/ebooks/76552,https://www.gutenberg.org/ebooks/76552.txt.utf-8,verified,verified_allowed_with_project_gutenberg_terms,verified public domain. Source reviewed from https://www.gutenberg.org/ebooks/76552.,Public-domain commentary or exposition for secondary study after reading Scripture.,data/library/verified/notes-on-the-book-of-numbers-mackintosh-charles-henry.txt,131102,14.6,notes on the book of numbers|mackintosh charles henry,1
24,Tier 1 - core beta study library,Commentary,1410,Notes on the Minor Prophets,H. A. Ironside,2026,Commentaries,Ironside,https://archive.org/download/notesonminorprop0000hair_o4r2/notesonminorprop0000hair_o4r2_djvu.txt,https://archive.org/download/notesonminorprop0000hair_o4r2/notesonminorprop0000hair_o4r2_djvu.txt,verified,verified_allowed_public_domain,verified public domain. Source reviewed from https://archive.org/download/notesonminorprop0000hair_o4r2/notesonminorprop0000hair_o4r2_djvu.txt.,Early Ironside Old Testament prophetic exposition for teaching prep and comparison.,data/library/verified/notes-on-the-minor-prophets-h-a-ironside.txt,110547,12.3,notes on the minor prophets|h a ironside,1
25,Tier 1 - core beta study library,Commentary,1410,"Notes on the New Testament, Explanatory and Practical: Revelation",Albert Barnes and Robert Frew,2017,Commentaries,Commentary,https://www.gutenberg.org/ebooks/55228,https://www.gutenberg.org/ebooks/55228.txt.utf-8,verified,verified_allowed_with_project_gutenberg_terms,verified public domain. Source reviewed from https://www.gutenberg.org/ebooks/55228.,Public-domain commentary or exposition for secondary study after reading Scripture.,data/library/verified/notes-on-the-new-testament-explanatory-and-practical-revelation-albert-barnes-and-robert-frew.txt,392089,43.6,notes on the new testament explanatory and practical revelation|albert barnes and robert frew,1
26,Tier 1 - core beta study library,Commentary,1410,The Preacher's Complete Homiletic Commentary on Galatians through Thessalonians,George Barlow,2020,Commentaries,Preaching & Teaching,https://www.gutenberg.org/ebooks/62148,https://www.gutenberg.org/ebooks/62148.txt.utf-8,verified,verified_allowed_with_project_gutenberg_terms,Verified. Source reviewed from https://www.gutenberg.org/ebooks/62148.,Public-domain homiletic commentary for epistle teaching.,data/library/verified/the-preacher-s-complete-homiletic-commentary-on-galatians-through-thessalonians-george-barlow.txt,403781,44.9,the preacher s complete homiletic commentary on galatians through thessalonians|george barlow,1
27,Tier 1 - core beta study library,Commentary,1410,"The Preacher's Complete Homiletic Commentary on Isaiah, Volume 1",Robert Aitkin Bertram and Alfred Tucker,2018,Commentaries,Preaching & Teaching,https://www.gutenberg.org/ebooks/58062,https://www.gutenberg.org/ebooks/58062.txt.utf-8,verified,verified_allowed_with_project_gutenberg_terms,Verified. Source reviewed from https://www.gutenberg.org/ebooks/58062.,Public-domain homiletic commentary for sermon preparation.,data/library/verified/the-preacher-s-complete-homiletic-commentary-on-isaiah-volume-1-robert-aitkin-bertram-and-alfred-tucker.txt,454597,50.5,the preacher s complete homiletic commentary on isaiah|robert aitkin bertram and alfred tucker,1
28,Tier 1 - core beta study library,Commentary,1410,The Preacher's Complete Homiletic Commentary on Proverbs,Rev. W. Harris,2019,Commentaries,Preaching & Teaching,https://www.gutenberg.org/ebooks/58767,https://www.gutenberg.org/ebooks/58767.txt.utf-8,verified,verified_allowed_with_project_gutenberg_terms,Verified. Source reviewed from https://www.gutenberg.org/ebooks/58767.,Public-domain homiletic commentary for preaching and teaching.,data/library/verified/the-preacher-s-complete-homiletic-commentary-on-proverbs-rev-w-harris.txt,548463,60.9,the preacher s complete homiletic commentary on proverbs|rev w harris,1
29,Tier 1 - core beta study library,Commentary,1410,The Sermon on the Mount: A Practical Exposition,"Gore, Charles",2018,Commentaries,Commentary,https://www.gutenberg.org/ebooks/57722,https://www.gutenberg.org/ebooks/57722.txt.utf-8,verified,verified_allowed_with_project_gutenberg_terms,verified public domain. Source reviewed from https://www.gutenberg.org/ebooks/57722.,Public-domain commentary or exposition for secondary study after reading Scripture.,data/library/verified/the-sermon-on-the-mount-a-practical-exposition-gore-charles.txt,61079,6.8,the sermon on the mount a practical exposition|gore charles,1
30,Tier 1 - core beta study library,Commentary,1395,Lectures on the Epistle to the Colossians,H. A. Ironside,2026,Commentaries,Ironside,https://archive.org/download/lecturesonepistl0000hiro/lecturesonepistl0000hiro_djvu.txt,https://archive.org/download/lecturesonepistl0000hiro/lecturesonepistl0000hiro_djvu.txt,verified,verified_allowed_public_domain,verified public domain. Source reviewed from https://archive.org/download/lecturesonepistl0000hiro/lecturesonepistl0000hiro_djvu.txt.,Early Ironside exposition for teaching and devotional study after the Bible text.,data/library/verified/lectures-on-the-epistle-to-the-colossians-h-a-ironside.txt,44874,5.0,lectures on the epistle to the colossians|h a ironside,1
31,Tier 1 - core beta study library,Commentary,1395,Notes on the Book of Esther,H. A. Ironside,1905,Commentaries,Ironside Collection,https://archive.org/download/notesonbookofest0000iron/notesonbookofest0000iron_djvu.txt,https://archive.org/download/notesonbookofest0000iron/notesonbookofest0000iron_djvu.txt,verified,verified_allowed_public_domain,verified public domain. Source reviewed from https://archive.org/download/notesonbookofest0000iron/notesonbookofest0000iron_djvu.txt.,Ironside notes for Esther study and sermon preparation. OCR text should be spot-checked before quotation or public teaching use.,data/library/verified/notes-on-the-book-of-esther-h-a-ironside.txt,30060,3.3,notes on the book of esther|h a ironside,1
32,Tier 1 - core beta study library,Commentary,1385,An Exposition of the Book of Isaiah,William Kelly,1916,Commentaries,William Kelly Collection,https://archive.org/download/bwb_P9-EGA-318/bwb_P9-EGA-318_djvu.txt,https://archive.org/download/bwb_P9-EGA-318/bwb_P9-EGA-318_djvu.txt,verified,verified_allowed_public_domain,"Published in 1916, before the current U.S. public-domain cutoff for 2026. Direct Internet Archive OCR text from item bwb_P9-EGA-318 imported with source-edition review and OCR spot-check labels.","Isaiah exposition for commentary comparison, prophecy study, and teaching preparation.",data/library/verified/an-exposition-of-the-book-of-isaiah-william-kelly.txt,185704,20.6,an exposition of the book of isaiah|william kelly,1
33,Tier 1 - core beta study library,Commentary,1385,Lectures on the book of Isaiah,"Kelly, William, 1821-1906",2026,Commentaries,William Kelly Collection,https://archive.org/download/lecturesonbooko00kell/lecturesonbooko00kell_djvu.txt,https://archive.org/download/lecturesonbooko00kell/lecturesonbooko00kell_djvu.txt,verified,verified_allowed_public_domain,verified public domain. Source reviewed from https://archive.org/download/lecturesonbooko00kell/lecturesonbooko00kell_djvu.txt.,William Kelly Bible exposition for commentary comparison and teaching preparation. OCR text should be spot-checked before quotation.,data/library/verified/lectures-on-the-book-of-isaiah-kelly-william-1821-1906.txt,110871,12.3,lectures on the book of isaiah|kelly william 1821 1906,1
34,Tier 1 - core beta study library,Commentary,1385,Lectures on the Book of Revelation,"Kelly, William, 1821-1906",2026,Commentaries,William Kelly Collection,https://archive.org/download/lecturesonbookof00kell/lecturesonbookof00kell_djvu.txt,https://archive.org/download/lecturesonbookof00kell/lecturesonbookof00kell_djvu.txt,verified,verified_allowed_public_domain,verified public domain. Source reviewed from https://archive.org/download/lecturesonbookof00kell/lecturesonbookof00kell_djvu.txt.,William Kelly Bible exposition for commentary comparison and teaching preparation. OCR text should be spot-checked before quotation.,data/library/verified/lectures-on-the-book-of-revelation-kelly-william-1821-1906.txt,223181,24.8,lectures on the book of revelation|kelly william 1821 1906,1
35,Tier 1 - core beta study library,Commentary,1385,Lectures on the Book of Revelation,William Kelly,1871,Commentaries,William Kelly Collection,https://archive.org/download/lecturesonbook00kell/lecturesonbook00kell_djvu.txt,https://archive.org/download/lecturesonbook00kell/lecturesonbook00kell_djvu.txt,verified,verified_allowed_public_domain,"Internet Archive item lecturesonbook00kell lists possible copyright status NOT_IN_COPYRIGHT. Bibliographic records identify William Kelly, W. H. Broom, 1871. Direct IA OCR text imported for beta reading with use-with-discernment labels.",Historical brethren exposition for Revelation study and commentary comparison; review wording before using doctrinally.,data/library/verified/lectures-on-the-book-of-revelation-william-kelly.txt,251055,27.9,lectures on the book of revelation|william kelly,1
36,Tier 1 - core beta study library,Commentary,1385,Lectures on the Epistle of Paul the apostle to the Ephesians [microform],"Kelly, William, 1821-1906",2026,Commentaries,William Kelly Collection,https://archive.org/download/MN41979ucmf_7/MN41979ucmf_7_djvu.txt,https://archive.org/download/MN41979ucmf_7/MN41979ucmf_7_djvu.txt,verified,verified_allowed_public_domain,verified public domain. Source reviewed from https://archive.org/download/MN41979ucmf_7/MN41979ucmf_7_djvu.txt.,William Kelly Bible exposition for commentary comparison and teaching preparation. OCR text should be spot-checked before quotation.,data/library/verified/lectures-on-the-epistle-of-paul-the-apostle-to-the-ephesians-microform-kelly-william-1821-1906.txt,117612,13.1,lectures on the epistle of paul the apostle to the ephesians microform|kelly william 1821 1906,1
37,Tier 1 - core beta study library,Commentary,1385,"Lectures on the Epistle of Paul, the Apostle, to the Galatians : with a new translation..","Kelly, William, 1821-1906",2026,Commentaries,William Kelly Collection,https://archive.org/download/lecturesonepistl00kell/lecturesonepistl00kell_djvu.txt,https://archive.org/download/lecturesonepistl00kell/lecturesonepistl00kell_djvu.txt,verified,verified_allowed_public_domain,verified public domain. Source reviewed from https://archive.org/download/lecturesonepistl00kell/lecturesonepistl00kell_djvu.txt.,William Kelly Bible exposition for commentary comparison and teaching preparation. OCR text should be spot-checked before quotation.,data/library/verified/lectures-on-the-epistle-of-paul-the-apostle-to-the-galatians-with-a-new-translation-kelly-william-1821-1906.txt,67172,7.5,lectures on the epistle of paul the apostle to the galatians with a new translation|kelly william 1821 1906,1
38,Tier 1 - core beta study library,Commentary,1385,Lectures on the New Testament doctrine of the Holy Spirit,"Kelly, William, 1821-1906",2026,Commentaries,William Kelly Collection,https://archive.org/download/lecturesonnewtes00kell/lecturesonnewtes00kell_djvu.txt,https://archive.org/download/lecturesonnewtes00kell/lecturesonnewtes00kell_djvu.txt,verified,verified_allowed_public_domain,verified public domain. Source reviewed from https://archive.org/download/lecturesonnewtes00kell/lecturesonnewtes00kell_djvu.txt.,William Kelly Bible exposition for commentary comparison and teaching preparation. OCR text should be spot-checked before quotation.,data/library/verified/lectures-on-the-new-testament-doctrine-of-the-holy-spirit-kelly-william-1821-1906.txt,115227,12.8,lectures on the new testament doctrine of the holy spirit|kelly william 1821 1906,1
39,Tier 1 - core beta study library,Commentary,1385,Notes on the Book of Daniel,William Kelly,2026,Commentaries,William Kelly,https://archive.org/download/notesonbookofdan00kell/notesonbookofdan00kell_djvu.txt,https://archive.org/download/notesonbookofdan00kell/notesonbookofdan00kell_djvu.txt,verified,verified_allowed_public_domain,verified public domain. Source reviewed from https://archive.org/download/notesonbookofdan00kell/notesonbookofdan00kell_djvu.txt.,Public-domain Daniel notes for comparison after reading the KJV passage.,data/library/verified/notes-on-the-book-of-daniel-william-kelly.txt,86253,9.6,notes on the book of daniel|william kelly,1
40,Tier 1 - core beta study library,Commentary,1385,"Notes on the Epistle of Paul, the apostle, to the Romans : with a new translation","Kelly, William, 1821-1906",2026,Commentaries,William Kelly Collection,https://archive.org/download/notesonepistleof00kell/notesonepistleof00kell_djvu.txt,https://archive.org/download/notesonepistleof00kell/notesonepistleof00kell_djvu.txt,verified,verified_allowed_public_domain,verified public domain. Source reviewed from https://archive.org/download/notesonepistleof00kell/notesonepistleof00kell_djvu.txt.,William Kelly Bible exposition for commentary comparison and teaching preparation. OCR text should be spot-checked before quotation.,data/library/verified/notes-on-the-epistle-of-paul-the-apostle-to-the-romans-with-a-new-translation-kelly-william-1821-1906.txt,125827,14.0,notes on the epistle of paul the apostle to the romans with a new translation|kelly william 1821 1906,1
41,Tier 1 - core beta study library,Commentary,1385,Six lectures on fundamental truths connected with the church of God,"Kelly, William, 1821-1906",2026,Commentaries,William Kelly Collection,https://archive.org/download/sixlecturesonfun00kell/sixlecturesonfun00kell_djvu.txt,https://archive.org/download/sixlecturesonfun00kell/sixlecturesonfun00kell_djvu.txt,verified,verified_allowed_public_domain,verified public domain. Source reviewed from https://archive.org/download/sixlecturesonfun00kell/sixlecturesonfun00kell_djvu.txt.,William Kelly Bible exposition for commentary comparison and teaching preparation. OCR text should be spot-checked before quotation.,data/library/verified/six-lectures-on-fundamental-truths-connected-with-the-church-of-god-kelly-william-1821-1906.txt,78947,8.8,six lectures on fundamental truths connected with the church of god|kelly william 1821 1906,1
42,Tier 1 - core beta study library,Commentary,1380,THE ACTS OF THE APOSTLES An Exposition,ARNO C. GAEBELEIN,1912,Commentaries,Gaebelein Collection,https://archive.org/download/bwb_C0-ALM-289/bwb_C0-ALM-289_djvu.txt,https://archive.org/download/bwb_C0-ALM-289/bwb_C0-ALM-289_djvu.txt,verified,verified_allowed_public_domain,verified public domain. Source reviewed from https://archive.org/download/bwb_C0-ALM-289/bwb_C0-ALM-289_djvu.txt.,Gaebelein Bible exposition and prophecy study resource. OCR text should be spot-checked before quotation.,data/library/verified/the-acts-of-the-apostles-an-exposition-arno-c-gaebelein-2.txt,149333,16.6,the acts of the apostles an exposition|arno c gaebelein,1
43,Tier 1 - core beta study library,Commentary,1380,the prophet ezekiel: an analytical exposition,arno c. gaebelein,2026,Commentaries,Gaebelein Collection,https://archive.org/download/prophetezekielan0000arno/prophetezekielan0000arno_djvu.txt,https://archive.org/download/prophetezekielan0000arno/prophetezekielan0000arno_djvu.txt,verified,verified_allowed_public_domain,verified public domain. Source reviewed from https://archive.org/download/prophetezekielan0000arno/prophetezekielan0000arno_djvu.txt.,Gaebelein Bible exposition and prophecy study resource. OCR text should be spot-checked before quotation.,data/library/verified/the-prophet-ezekiel-an-analytical-exposition-arno-c-gaebelein.txt,123203,13.7,the prophet ezekiel an analytical exposition|arno c gaebelein,1
44,Tier 1 - core beta study library,Commentary,1375,An illustrated commentary on the Gospel according to St. John,Lyman Abbott,2025,Commentaries,Commentary,https://www.gutenberg.org/ebooks/75543,https://www.gutenberg.org/ebooks/75543.txt.utf-8,verified,verified_allowed_with_project_gutenberg_terms,verified public domain. Source reviewed from https://www.gutenberg.org/ebooks/75543.,Public-domain commentary or exposition for secondary study after reading Scripture.,data/library/verified/an-illustrated-commentary-on-the-gospel-according-to-st-john-lyman-abbott.txt,222405,24.7,an illustrated commentary on the gospel according to st john|lyman abbott,1
45,Tier 1 - core beta study library,Commentary,1375,Expositions of Holy Scripture : St. Matthew Chaps. IX to XXVIII,"Maclaren, Alexander",2005,Commentaries,Commentaries,https://www.gutenberg.org/ebooks/7351,https://www.gutenberg.org/ebooks/7351.txt.utf-8,verified,verified_allowed_with_project_gutenberg_terms,Project Gutenberg catalog/metadata source indicates public-domain availability in the USA. Retain source/license notes for redistributed Project Gutenberg files.,"Public-domain Christian resource for careful reading, study, and teaching preparation.",data/library/verified/expositions-of-holy-scripture-st-matthew-chaps-ix-to-xxviii.txt,248315,27.6,expositions of holy scripture st matthew chaps ix to xxviii|maclaren alexander,1
46,Tier 1 - core beta study library,Commentary,1375,"Expositions of Holy Scripture / Deuteronomy, Joshua, Judges, Ruth, and First Book of Samuel, Second Samuel, First Kings, and Second Kings chapters I to VII","Maclaren, Alexander",2005,Commentaries,Commentaries,https://www.gutenberg.org/ebooks/8068,https://www.gutenberg.org/ebooks/8068.txt.utf-8,verified,verified_allowed_with_project_gutenberg_terms,Project Gutenberg catalog/metadata source indicates public-domain availability in the USA. Retain source/license notes for redistributed Project Gutenberg files.,"Public-domain Christian resource for careful reading, study, and teaching preparation.",data/library/verified/expositions-of-holy-scripture-deuteronomy-joshua-judges-ruth-and-first-book-of-samuel-seco.txt,270689,30.1,expositions of holy scripture deuteronomy joshua judges ruth and first book of samuel second samuel first kings and second kings chapters i to vii|maclaren alexander,1
47,Tier 1 - core beta study library,Commentary,1375,Expositions of Holy Scripture / Ephesians; Epistles of St. Peter and St. John,"Maclaren, Alexander",2008,Commentaries,Commentaries,https://www.gutenberg.org/ebooks/24674,https://www.gutenberg.org/ebooks/24674.txt.utf-8,verified,verified_allowed_with_project_gutenberg_terms,Project Gutenberg catalog/metadata source indicates public-domain availability in the USA. Retain source/license notes for redistributed Project Gutenberg files.,"Public-domain Christian resource for careful reading, study, and teaching preparation.",data/library/verified/expositions-of-holy-scripture-ephesians-epistles-of-st-peter-and-st-john.txt,243709,27.1,expositions of holy scripture ephesians epistles of st peter and st john|maclaren alexander,1
48,Tier 1 - core beta study library,Commentary,1375,"Expositions of Holy Scripture / Ezekiel, Daniel, and the Minor Prophets. St. Matthew Chapters I to VIII","Maclaren, Alexander",2005,Commentaries,Commentaries,https://www.gutenberg.org/ebooks/15836,https://www.gutenberg.org/ebooks/15836.txt.utf-8,verified,verified_allowed_with_project_gutenberg_terms,Project Gutenberg catalog/metadata source indicates public-domain availability in the USA. Retain source/license notes for redistributed Project Gutenberg files.,"Public-domain Christian resource for careful reading, study, and teaching preparation.",data/library/verified/expositions-of-holy-scripture-ezekiel-daniel-and-the-minor-prophets-st-matthew-chapters-i.txt,253690,28.2,expositions of holy scripture ezekiel daniel and the minor prophets st matthew chapters i to viii|maclaren alexander,1
49,Tier 1 - core beta study library,Commentary,1375,"Expositions of Holy Scripture / Second Corinthians, Galatians, and Philippians Chapters / I to End. Colossians, Thessalonians, and First Timothy.","Maclaren, Alexander",2007,Commentaries,Commentaries,https://www.gutenberg.org/ebooks/21190,https://www.gutenberg.org/ebooks/21190.txt.utf-8,verified,verified_allowed_with_project_gutenberg_terms,Project Gutenberg catalog/metadata source indicates public-domain availability in the USA. Retain source/license notes for redistributed Project Gutenberg files.,"Public-domain Christian resource for careful reading, study, and teaching preparation.",data/library/verified/expositions-of-holy-scripture-second-corinthians-galatians-and-philippians-chapters-i-to-e.txt,250745,27.9,expositions of holy scripture second corinthians galatians and philippians chapters i to end colossians thessalonians and first timothy|maclaren alexander,1
50,Tier 1 - core beta study library,Commentary,1375,"Expositions of Holy Scripture / Second Kings Chapters VIII to End and Chronicles, Ezra, and Nehemiah. Esther, Job, Proverbs, and Ecclesiastes","Maclaren, Alexander",2005,Commentaries,Commentaries,https://www.gutenberg.org/ebooks/7883,https://www.gutenberg.org/ebooks/7883.txt.utf-8,verified,verified_allowed_with_project_gutenberg_terms,Project Gutenberg catalog/metadata source indicates public-domain availability in the USA. Retain source/license notes for redistributed Project Gutenberg files.,"Public-domain Christian resource for careful reading, study, and teaching preparation.",data/library/verified/expositions-of-holy-scripture-second-kings-chapters-viii-to-end-and-chronicles-ezra-and-ne.txt,265034,29.4,expositions of holy scripture second kings chapters viii to end and chronicles ezra and nehemiah esther job proverbs and ecclesiastes|maclaren alexander,1
51,Tier 1 - core beta study library,Commentary,1375,"Expositions of Holy Scripture: Genesis, Exodus, Leviticus and Numbers","Maclaren, Alexander",2004,Commentaries,Commentaries,https://www.gutenberg.org/ebooks/7069,https://www.gutenberg.org/ebooks/7069.txt.utf-8,verified,verified_allowed_with_project_gutenberg_terms,Project Gutenberg catalog/metadata source indicates public-domain availability in the USA. Retain source/license notes for redistributed Project Gutenberg files.,"Public-domain Christian resource for careful reading, study, and teaching preparation.",data/library/verified/expositions-of-holy-scripture-genesis-exodus-leviticus-and-numbers.txt,233331,25.9,expositions of holy scripture genesis exodus leviticus and numbers|maclaren alexander,1
52,Tier 1 - core beta study library,Commentary,1375,Expositions of Holy Scripture: Isaiah and Jeremiah,"Maclaren, Alexander",2005,Commentaries,Commentaries,https://www.gutenberg.org/ebooks/8069,https://www.gutenberg.org/ebooks/8069.txt.utf-8,verified,verified_allowed_with_project_gutenberg_terms,Project Gutenberg catalog/metadata source indicates public-domain availability in the USA. Retain source/license notes for redistributed Project Gutenberg files.,"Public-domain Christian resource for careful reading, study, and teaching preparation.",data/library/verified/expositions-of-holy-scripture-isaiah-and-jeremiah.txt,233508,25.9,expositions of holy scripture isaiah and jeremiah|maclaren alexander,1
53,Tier 1 - core beta study library,Commentary,1375,Expositions of Holy Scripture: Psalms,"Maclaren, Alexander",2005,Commentaries,Commentaries,https://www.gutenberg.org/ebooks/7925,https://www.gutenberg.org/ebooks/7925.txt.utf-8,verified,verified_allowed_with_project_gutenberg_terms,Project Gutenberg catalog/metadata source indicates public-domain availability in the USA. Retain source/license notes for redistributed Project Gutenberg files.,"Public-domain Christian resource for careful reading, study, and teaching preparation.",data/library/verified/expositions-of-holy-scripture-psalms.txt,247252,27.5,expositions of holy scripture psalms|maclaren alexander,1
54,Tier 1 - core beta study library,Commentary,1375,"Expositions of Holy Scripture: Romans Corinthians (To II Corinthians, Chap. V)","Maclaren, Alexander",2004,Commentaries,Commentaries,https://www.gutenberg.org/ebooks/13601,https://www.gutenberg.org/ebooks/13601.txt.utf-8,verified,verified_allowed_with_project_gutenberg_terms,Project Gutenberg catalog/metadata source indicates public-domain availability in the USA. Retain source/license notes for redistributed Project Gutenberg files.,"Public-domain Christian resource for careful reading, study, and teaching preparation.",data/library/verified/expositions-of-holy-scripture-romans-corinthians-to-ii-corinthians-chap-v.txt,254399,28.3,expositions of holy scripture romans corinthians to ii corinthians chap v|maclaren alexander,1
55,Tier 1 - core beta study library,Commentary,1375,Expositions of Holy Scripture: St. John Chaps. XV to XXI,"Maclaren, Alexander",2005,Commentaries,Commentaries,https://www.gutenberg.org/ebooks/8381,https://www.gutenberg.org/ebooks/8381.txt.utf-8,verified,verified_allowed_with_project_gutenberg_terms,Project Gutenberg catalog/metadata source indicates public-domain availability in the USA. Retain source/license notes for redistributed Project Gutenberg files.,"Public-domain Christian resource for careful reading, study, and teaching preparation.",data/library/verified/expositions-of-holy-scripture-st-john-chaps-xv-to-xxi.txt,130877,14.5,expositions of holy scripture st john chaps xv to xxi|maclaren alexander,1
56,Tier 1 - core beta study library,Commentary,1375,Expositions of Holy Scripture: St. John Chapters I to XIV,"Maclaren, Alexander",2005,Commentaries,Commentaries,https://www.gutenberg.org/ebooks/8070,https://www.gutenberg.org/ebooks/8070.txt.utf-8,verified,verified_allowed_with_project_gutenberg_terms,Project Gutenberg catalog/metadata source indicates public-domain availability in the USA. Retain source/license notes for redistributed Project Gutenberg files.,"Public-domain Christian resource for careful reading, study, and teaching preparation.",data/library/verified/expositions-of-holy-scripture-st-john-chapters-i-to-xiv.txt,240794,26.8,expositions of holy scripture st john chapters i to xiv|maclaren alexander,1
57,Tier 1 - core beta study library,Commentary,1375,Expositions of Holy Scripture: St. Luke,"Maclaren, Alexander",2005,Commentaries,Commentaries,https://www.gutenberg.org/ebooks/8200,https://www.gutenberg.org/ebooks/8200.txt.utf-8,verified,verified_allowed_with_project_gutenberg_terms,Project Gutenberg catalog/metadata source indicates public-domain availability in the USA. Retain source/license notes for redistributed Project Gutenberg files.,"Public-domain Christian resource for careful reading, study, and teaching preparation.",data/library/verified/expositions-of-holy-scripture-st-luke.txt,256276,28.5,expositions of holy scripture st luke|maclaren alexander,1
58,Tier 1 - core beta study library,Commentary,1375,Expositions of Holy Scripture: St. Mark,"Maclaren, Alexander",2005,Commentaries,Commentaries,https://www.gutenberg.org/ebooks/8071,https://www.gutenberg.org/ebooks/8071.txt.utf-8,verified,verified_allowed_with_project_gutenberg_terms,Project Gutenberg catalog/metadata source indicates public-domain availability in the USA. Retain source/license notes for redistributed Project Gutenberg files.,"Public-domain Christian resource for careful reading, study, and teaching preparation.",data/library/verified/expositions-of-holy-scripture-st-mark.txt,203444,22.6,expositions of holy scripture st mark|maclaren alexander,1
59,Tier 1 - core beta study library,Commentary,1375,Expositions of Holy Scripture: the Acts,"Maclaren, Alexander",2005,Commentaries,Commentaries,https://www.gutenberg.org/ebooks/8397,https://www.gutenberg.org/ebooks/8397.txt.utf-8,verified,verified_allowed_with_project_gutenberg_terms,Project Gutenberg catalog/metadata source indicates public-domain availability in the USA. Retain source/license notes for redistributed Project Gutenberg files.,"Public-domain Christian resource for careful reading, study, and teaching preparation.",data/library/verified/expositions-of-holy-scripture-the-acts.txt,253110,28.1,expositions of holy scripture the acts|maclaren alexander,1
60,Tier 1 - core beta study library,Commentary,1375,Expositor's Bible: The Book of Ecclesiastes,"Cox, Samuel and Nicoll, W. Robertson (William Robertson), Sir",2012,Commentaries,Commentary,https://www.gutenberg.org/ebooks/39913,https://www.gutenberg.org/ebooks/39913.txt.utf-8,verified,verified_allowed_with_project_gutenberg_terms,verified public domain. Source reviewed from https://www.gutenberg.org/ebooks/39913.,Public-domain commentary or exposition for secondary study after reading Scripture.,data/library/verified/expositor-s-bible-the-book-of-ecclesiastes-cox-samuel-and-nicoll-w-robertson-william-robertson-sir.txt,82017,9.1,expositor s bible the book of ecclesiastes|cox samuel and nicoll w robertson william robertson sir,1
61,Tier 1 - core beta study library,Commentary,1375,"Expositor's Bible: The Book of Jeremiah, Chapters XXI-LII",W. H. Bennett,2013,Commentaries,Commentary,https://www.gutenberg.org/ebooks/41893,https://www.gutenberg.org/ebooks/41893.txt.utf-8,verified,verified_allowed_with_project_gutenberg_terms,Verified. Source reviewed from https://www.gutenberg.org/ebooks/41893.,Public-domain Jeremiah exposition; use after KJV reading.,data/library/verified/expositor-s-bible-the-book-of-jeremiah-chapters-xxi-lii-w-h-bennett.txt,101107,11.2,expositor s bible the book of jeremiah chapters xxi lii|w h bennett,1
62,Tier 1 - core beta study library,Commentary,1375,Expositor's Bible: The Book of Job,Robert A. Watson,2012,Commentaries,Commentary,https://www.gutenberg.org/ebooks/40470,https://www.gutenberg.org/ebooks/40470.txt.utf-8,verified,verified_allowed_with_project_gutenberg_terms,Verified. Source reviewed from https://www.gutenberg.org/ebooks/40470.,Public-domain Job exposition for teaching support.,data/library/verified/expositor-s-bible-the-book-of-job-robert-a-watson.txt,116547,12.9,expositor s bible the book of job|robert a watson,1
63,Tier 1 - core beta study library,Commentary,1375,Expositor's Bible: The Epistles of St. John,William Alexander,2012,Commentaries,Commentary,https://www.gutenberg.org/ebooks/40775,https://www.gutenberg.org/ebooks/40775.txt.utf-8,verified,verified_allowed_with_project_gutenberg_terms,Verified. Source reviewed from https://www.gutenberg.org/ebooks/40775.,Public-domain exposition for John's epistles.,data/library/verified/expositor-s-bible-the-epistles-of-st-john-william-alexander.txt,109182,12.1,expositor s bible the epistles of st john|william alexander,1
64,Tier 1 - core beta study library,Commentary,1375,Expositor's Bible: The Gospel of Matthew,John Monro Gibson,2012,Commentaries,Commentary,https://www.gutenberg.org/ebooks/40811,https://www.gutenberg.org/ebooks/40811.txt.utf-8,verified,verified_allowed_with_project_gutenberg_terms,Verified. Source reviewed from https://www.gutenberg.org/ebooks/40811.,Public-domain Matthew exposition for teaching support.,data/library/verified/expositor-s-bible-the-gospel-of-matthew-john-monro-gibson.txt,138888,15.4,expositor s bible the gospel of matthew|john monro gibson,1
65,Tier 1 - core beta study library,Commentary,1375,Notes on the Epistle to the Philippians,H. A. Ironside,1927,Commentaries,H. A. Ironside Collection,https://archive.org/download/notesonepistleto0000iron/notesonepistleto0000iron_djvu.txt,https://archive.org/download/notesonepistleto0000iron/notesonepistleto0000iron_djvu.txt,verified,verified_allowed_public_domain,"Published in 1927, before the current U.S. public-domain cutoff for 2026. Direct Internet Archive OCR text from item notesonepistleto0000iron imported with source-edition review and OCR spot-check labels.","Epistle exposition for teaching, sermon preparation, and commentary comparison.",data/library/verified/notes-on-the-epistle-to-the-philippians-h-a-ironside.txt,28369,3.2,notes on the epistle to the philippians|h a ironside,1
66,Tier 1 - core beta study library,Commentary,1375,"The Expositor's Bible: Ezra, Nehemiah, and Esther","Adeney, Walter F. (Walter Frederic) and Nicoll, W. Robertson (William Robertson), Sir",2012,Commentaries,Commentary,https://www.gutenberg.org/ebooks/39956,https://www.gutenberg.org/ebooks/39956.txt.utf-8,verified,verified_allowed_with_project_gutenberg_terms,verified public domain. Source reviewed from https://www.gutenberg.org/ebooks/39956.,Public-domain commentary or exposition for secondary study after reading Scripture.,data/library/verified/the-expositor-s-bible-ezra-nehemiah-and-esther-adeney-walter-f-walter-frederic-and-nicoll-w-robertson-william-.txt,115966,12.9,the expositor s bible ezra nehemiah and esther|adeney walter f walter frederic and nicoll w robertson william robertson sir,1
67,Tier 1 - core beta study library,Commentary,1375,The Expositor's Bible: Judges and Ruth,"Watson, Robert A. (Robert Alexander)",2012,Commentaries,Commentary,https://www.gutenberg.org/ebooks/39727,https://www.gutenberg.org/ebooks/39727.txt.utf-8,verified,verified_allowed_with_project_gutenberg_terms,verified public domain. Source reviewed from https://www.gutenberg.org/ebooks/39727.,Public-domain commentary or exposition for secondary study after reading Scripture.,data/library/verified/the-expositor-s-bible-judges-and-ruth-watson-robert-a-robert-alexander.txt,126178,14.0,the expositor s bible judges and ruth|watson robert a robert alexander,1
68,Tier 1 - core beta study library,Commentary,1375,"The Expositor's Bible: The Acts of the Apostles, Vol. 1",George Thomas Stokes,2013,Commentaries,Commentary,https://www.gutenberg.org/ebooks/42258,https://www.gutenberg.org/ebooks/42258.txt.utf-8,verified,verified_allowed_with_project_gutenberg_terms,Verified. Source reviewed from https://www.gutenberg.org/ebooks/42258.,Public-domain Acts exposition for teaching support.,data/library/verified/the-expositor-s-bible-the-acts-of-the-apostles-vol-1-george-thomas-stokes.txt,135732,15.1,the expositor s bible the acts of the apostles|george thomas stokes,1
69,Tier 1 - core beta study library,Commentary,1375,The Expositor's Bible: The Book of Daniel,F. W. Farrar,2013,Commentaries,Commentary,https://www.gutenberg.org/ebooks/44103,https://www.gutenberg.org/ebooks/44103.txt.utf-8,verified,verified_allowed_with_project_gutenberg_terms,Verified. Source reviewed from https://www.gutenberg.org/ebooks/44103.,Public-domain Daniel exposition; label interpretive differences clearly.,data/library/verified/the-expositor-s-bible-the-book-of-daniel-f-w-farrar.txt,99260,11.0,the expositor s bible the book of daniel|f w farrar,1
70,Tier 1 - core beta study library,Commentary,1375,The Expositor's Bible: The Book of Deuteronomy,Andrew Harper,2015,Commentaries,Commentary,https://www.gutenberg.org/ebooks/49045,https://www.gutenberg.org/ebooks/49045.txt.utf-8,verified,verified_allowed_with_project_gutenberg_terms,Verified. Source reviewed from https://www.gutenberg.org/ebooks/49045.,Public-domain Deuteronomy exposition for Bible survey.,data/library/verified/the-expositor-s-bible-the-book-of-deuteronomy-andrew-harper.txt,160786,17.9,the expositor s bible the book of deuteronomy|andrew harper,1
71,Tier 1 - core beta study library,Commentary,1375,The Expositor's Bible: The Book of Exodus,"Chadwick, G. A. (George Alexander) and Nicoll, W. Robertson (William Robertson), Sir",2010,Commentaries,Commentary,https://www.gutenberg.org/ebooks/33420,https://www.gutenberg.org/ebooks/33420.txt.utf-8,verified,verified_allowed_with_project_gutenberg_terms,verified public domain. Source reviewed from https://www.gutenberg.org/ebooks/33420.,Public-domain commentary or exposition for secondary study after reading Scripture.,data/library/verified/the-expositor-s-bible-the-book-of-exodus-chadwick-g-a-george-alexander-and-nicoll-w-robertson-william-robertso.txt,132463,14.7,the expositor s bible the book of exodus|chadwick g a george alexander and nicoll w robertson william robertson sir,1
72,Tier 1 - core beta study library,Commentary,1375,The Expositor's Bible: The Book of Ezekiel,John Skinner,2014,Commentaries,Commentary,https://www.gutenberg.org/ebooks/46975,https://www.gutenberg.org/ebooks/46975.txt.utf-8,verified,verified_allowed_with_project_gutenberg_terms,Verified. Source reviewed from https://www.gutenberg.org/ebooks/46975.,Public-domain Ezekiel exposition; keep Scripture primary.,data/library/verified/the-expositor-s-bible-the-book-of-ezekiel-john-skinner.txt,155719,17.3,the expositor s bible the book of ezekiel|john skinner,1
73,Tier 1 - core beta study library,Commentary,1375,The Expositor's Bible: The Book of Genesis,"Dods, Marcus and Nicoll, W. Robertson (William Robertson), Sir",2012,Commentaries,Commentary,https://www.gutenberg.org/ebooks/39395,https://www.gutenberg.org/ebooks/39395.txt.utf-8,verified,verified_allowed_with_project_gutenberg_terms,verified public domain. Source reviewed from https://www.gutenberg.org/ebooks/39395.,Public-domain commentary or exposition for secondary study after reading Scripture.,data/library/verified/the-expositor-s-bible-the-book-of-genesis-dods-marcus-and-nicoll-w-robertson-william-robertson-sir.txt,134800,15.0,the expositor s bible the book of genesis|dods marcus and nicoll w robertson william robertson sir,1
74,Tier 1 - core beta study library,Commentary,1375,"The Expositor's Bible: The Book of Isaiah, Volume 1",George Adam Smith,2012,Commentaries,Commentary,https://www.gutenberg.org/ebooks/39767,https://www.gutenberg.org/ebooks/39767.txt.utf-8,verified,verified_allowed_with_project_gutenberg_terms,Verified. Source reviewed from https://www.gutenberg.org/ebooks/39767.,Public-domain Isaiah exposition for Bible study.,data/library/verified/the-expositor-s-bible-the-book-of-isaiah-volume-1-george-adam-smith.txt,136603,15.2,the expositor s bible the book of isaiah|george adam smith,1
75,Tier 1 - core beta study library,Commentary,1375,The Expositor's Bible: The Book of Joshua,"Blaikie, William Garden and Nicoll, W. Robertson (William Robertson), Sir",2013,Commentaries,Commentary,https://www.gutenberg.org/ebooks/42319,https://www.gutenberg.org/ebooks/42319.txt.utf-8,verified,verified_allowed_with_project_gutenberg_terms,verified public domain. Source reviewed from https://www.gutenberg.org/ebooks/42319.,Public-domain commentary or exposition for secondary study after reading Scripture.,data/library/verified/the-expositor-s-bible-the-book-of-joshua-blaikie-william-garden-and-nicoll-w-robertson-william-robertson-sir.txt,126141,14.0,the expositor s bible the book of joshua|blaikie william garden and nicoll w robertson william robertson sir,1
76,Tier 1 - core beta study library,Commentary,1375,The Expositor's Bible: The Book of Leviticus,Samuel H. Kellogg,2013,Commentaries,Commentary,https://www.gutenberg.org/ebooks/42334,https://www.gutenberg.org/ebooks/42334.txt.utf-8,verified,verified_allowed_with_project_gutenberg_terms,Verified. Source reviewed from https://www.gutenberg.org/ebooks/42334.,Public-domain Leviticus exposition for careful study.,data/library/verified/the-expositor-s-bible-the-book-of-leviticus-samuel-h-kellogg.txt,176083,19.6,the expositor s bible the book of leviticus|samuel h kellogg,1
77,Tier 1 - core beta study library,Commentary,1375,The Expositor's Bible: The Book of Numbers,Robert A. Watson,2013,Commentaries,Commentary,https://www.gutenberg.org/ebooks/42639,https://www.gutenberg.org/ebooks/42639.txt.utf-8,verified,verified_allowed_with_project_gutenberg_terms,Verified. Source reviewed from https://www.gutenberg.org/ebooks/42639.,Public-domain Numbers exposition for teaching support.,data/library/verified/the-expositor-s-bible-the-book-of-numbers-robert-a-watson.txt,122671,13.6,the expositor s bible the book of numbers|robert a watson,1
78,Tier 1 - core beta study library,Commentary,1375,The Expositor's Bible: The Book of Proverbs,Robert F. Horton,2013,Commentaries,Commentary,https://www.gutenberg.org/ebooks/42189,https://www.gutenberg.org/ebooks/42189.txt.utf-8,verified,verified_allowed_with_project_gutenberg_terms,Verified. Source reviewed from https://www.gutenberg.org/ebooks/42189.,Public-domain Proverbs exposition for study and teaching.,data/library/verified/the-expositor-s-bible-the-book-of-proverbs-robert-f-horton.txt,126901,14.1,the expositor s bible the book of proverbs|robert f horton,1
79,Tier 1 - core beta study library,Commentary,1375,The Expositor's Bible: The Book of Revelation,"Milligan, William and Nicoll, W. Robertson (William Robertson), Sir",2013,Commentaries,Commentary,https://www.gutenberg.org/ebooks/42251,https://www.gutenberg.org/ebooks/42251.txt.utf-8,verified,verified_allowed_with_project_gutenberg_terms,verified public domain. Source reviewed from https://www.gutenberg.org/ebooks/42251.,Public-domain commentary or exposition for secondary study after reading Scripture.,data/library/verified/the-expositor-s-bible-the-book-of-revelation-milligan-william-and-nicoll-w-robertson-william-robertson-sir.txt,124208,13.8,the expositor s bible the book of revelation|milligan william and nicoll w robertson william robertson sir,1
80,Tier 1 - core beta study library,Commentary,1375,"The Expositor's Bible: The Book of the Twelve Prophets, Vol. 1",George Adam Smith,2013,Commentaries,Commentary,https://www.gutenberg.org/ebooks/43847,https://www.gutenberg.org/ebooks/43847.txt.utf-8,verified,verified_allowed_with_project_gutenberg_terms,Verified. Source reviewed from https://www.gutenberg.org/ebooks/43847.,Public-domain minor-prophets exposition.,data/library/verified/the-expositor-s-bible-the-book-of-the-twelve-prophets-vol-1-george-adam-smith.txt,132396,14.7,the expositor s bible the book of the twelve prophets|george adam smith,1
81,Tier 1 - core beta study library,Commentary,1375,The Expositor's Bible: The Books of Chronicles,W. H. Bennett,2012,Commentaries,Commentary,https://www.gutenberg.org/ebooks/40235,https://www.gutenberg.org/ebooks/40235.txt.utf-8,verified,verified_allowed_with_project_gutenberg_terms,Verified. Source reviewed from https://www.gutenberg.org/ebooks/40235.,Public-domain Chronicles exposition for Bible survey work.,data/library/verified/the-expositor-s-bible-the-books-of-chronicles-w-h-bennett.txt,127873,14.2,the expositor s bible the books of chronicles|w h bennett,1
82,Tier 1 - core beta study library,Commentary,1375,The Expositor's Bible: The Epistle of St Paul to the Romans,"Moule, H. C. G. (Handley Carr Glyn) and Nicoll, W. Robertson (William Robertson), Sir",2015,Commentaries,Commentary,https://www.gutenberg.org/ebooks/48858,https://www.gutenberg.org/ebooks/48858.txt.utf-8,verified,verified_allowed_with_project_gutenberg_terms,verified public domain. Source reviewed from https://www.gutenberg.org/ebooks/48858.,Public-domain commentary or exposition for secondary study after reading Scripture.,data/library/verified/the-expositor-s-bible-the-epistle-of-st-paul-to-the-romans-moule-h-c-g-handley-carr-glyn-and-nicoll-w-robertso.txt,134838,15.0,the expositor s bible the epistle of st paul to the romans|moule h c g handley carr glyn and nicoll w robertson william robertson sir,1
83,Tier 1 - core beta study library,Commentary,1375,The Expositor's Bible: The Epistle to the Ephesians,George G. Findlay,2012,Commentaries,Commentary,https://www.gutenberg.org/ebooks/39196,https://www.gutenberg.org/ebooks/39196.txt.utf-8,verified,verified_allowed_with_project_gutenberg_terms,Verified. Source reviewed from https://www.gutenberg.org/ebooks/39196.,Public-domain Ephesians exposition for teaching support.,data/library/verified/the-expositor-s-bible-the-epistle-to-the-ephesians-george-g-findlay.txt,127492,14.2,the expositor s bible the epistle to the ephesians|george g findlay,1
84,Tier 1 - core beta study library,Commentary,1375,The Expositor's Bible: The Epistle to the Hebrews,"Edwards, Thomas Charles and Nicoll, W. Robertson (William Robertson), Sir",2010,Commentaries,Commentary,https://www.gutenberg.org/ebooks/32968,https://www.gutenberg.org/ebooks/32968.txt.utf-8,verified,verified_allowed_with_project_gutenberg_terms,verified public domain. Source reviewed from https://www.gutenberg.org/ebooks/32968.,Public-domain commentary or exposition for secondary study after reading Scripture.,data/library/verified/the-expositor-s-bible-the-epistle-to-the-hebrews-edwards-thomas-charles-and-nicoll-w-robertson-william-roberts.txt,77888,8.7,the expositor s bible the epistle to the hebrews|edwards thomas charles and nicoll w robertson william robertson sir,1
85,Tier 1 - core beta study library,Commentary,1375,The Expositor's Bible: The Epistle to the Philippians,"Rainy, Robert",2012,Commentaries,Commentary,https://www.gutenberg.org/ebooks/39788,https://www.gutenberg.org/ebooks/39788.txt.utf-8,verified,verified_allowed_with_project_gutenberg_terms,verified public domain. Source reviewed from https://www.gutenberg.org/ebooks/39788.,Public-domain commentary or exposition for secondary study after reading Scripture.,data/library/verified/the-expositor-s-bible-the-epistle-to-the-philippians-rainy-robert.txt,87803,9.8,the expositor s bible the epistle to the philippians|rainy robert,1
86,Tier 1 - core beta study library,Commentary,1375,The Expositor's Bible: The Epistles of St. Paul to the Colossians and Philemon,"Maclaren, Alexander; Nicoll, W. Robertson (William Robertson), Sir",2011,Commentaries,Commentaries,https://www.gutenberg.org/ebooks/37345,https://www.gutenberg.org/ebooks/37345.txt.utf-8,verified,verified_allowed_with_project_gutenberg_terms,Project Gutenberg catalog/metadata source indicates public-domain availability in the USA. Retain source/license notes for redistributed Project Gutenberg files.,"Public-domain Christian resource for careful reading, study, and teaching preparation.",data/library/verified/the-expositor-s-bible-the-epistles-of-st-paul-to-the-colossians-and-philemon.txt,145568,16.2,the expositor s bible the epistles of st paul to the colossians and philemon|maclaren alexander nicoll w robertson william robertson sir,1
87,Tier 1 - core beta study library,Commentary,1375,The Expositor's Bible: The Epistles of St. Peter,"Lumby, J. Rawson (Joseph Rawson) and Nicoll, W. Robertson (William Robertson), Sir",2013,Commentaries,Commentary,https://www.gutenberg.org/ebooks/42273,https://www.gutenberg.org/ebooks/42273.txt.utf-8,verified,verified_allowed_with_project_gutenberg_terms,verified public domain. Source reviewed from https://www.gutenberg.org/ebooks/42273.,Public-domain commentary or exposition for secondary study after reading Scripture.,data/library/verified/the-expositor-s-bible-the-epistles-of-st-peter-lumby-j-rawson-joseph-rawson-and-nicoll-w-robertson-william-rob.txt,97462,10.8,the expositor s bible the epistles of st peter|lumby j rawson joseph rawson and nicoll w robertson william robertson sir,1
88,Tier 1 - core beta study library,Commentary,1375,The Expositor's Bible: The Epistles to the Thessalonians,"Denney, James and Nicoll, W. Robertson (William Robertson), Sir",2013,Commentaries,Commentary,https://www.gutenberg.org/ebooks/42753,https://www.gutenberg.org/ebooks/42753.txt.utf-8,verified,verified_allowed_with_project_gutenberg_terms,verified public domain. Source reviewed from https://www.gutenberg.org/ebooks/42753.,Public-domain commentary or exposition for secondary study after reading Scripture.,data/library/verified/the-expositor-s-bible-the-epistles-to-the-thessalonians-denney-james-and-nicoll-w-robertson-william-robertson-.txt,87003,9.7,the expositor s bible the epistles to the thessalonians|denney james and nicoll w robertson william robertson sir,1
89,Tier 1 - core beta study library,Commentary,1375,The Expositor's Bible: The First Book of Kings,F. W. Farrar,2013,Commentaries,Commentary,https://www.gutenberg.org/ebooks/42891,https://www.gutenberg.org/ebooks/42891.txt.utf-8,verified,verified_allowed_with_project_gutenberg_terms,Verified. Source reviewed from https://www.gutenberg.org/ebooks/42891.,Public-domain exposition for Old Testament teaching.,data/library/verified/the-expositor-s-bible-the-first-book-of-kings-f-w-farrar.txt,142781,15.9,the expositor s bible the first book of kings|f w farrar,1
90,Tier 1 - core beta study library,Commentary,1375,The Expositor's Bible: The First Book of Samuel,"Blaikie, William Garden and Nicoll, W. Robertson (William Robertson), Sir",2012,Commentaries,Commentary,https://www.gutenberg.org/ebooks/39394,https://www.gutenberg.org/ebooks/39394.txt.utf-8,verified,verified_allowed_with_project_gutenberg_terms,verified public domain. Source reviewed from https://www.gutenberg.org/ebooks/39394.,Public-domain commentary or exposition for secondary study after reading Scripture.,data/library/verified/the-expositor-s-bible-the-first-book-of-samuel-blaikie-william-garden-and-nicoll-w-robertson-william-robertson.txt,132889,14.8,the expositor s bible the first book of samuel|blaikie william garden and nicoll w robertson william robertson sir,1
91,Tier 1 - core beta study library,Commentary,1375,The Expositor's Bible: The First Epistle to the Corinthians,"Dods, Marcus and Nicoll, W. Robertson (William Robertson), Sir",2013,Commentaries,Commentary,https://www.gutenberg.org/ebooks/42354,https://www.gutenberg.org/ebooks/42354.txt.utf-8,verified,verified_allowed_with_project_gutenberg_terms,verified public domain. Source reviewed from https://www.gutenberg.org/ebooks/42354.,Public-domain commentary or exposition for secondary study after reading Scripture.,data/library/verified/the-expositor-s-bible-the-first-epistle-to-the-corinthians-dods-marcus-and-nicoll-w-robertson-william-robertso.txt,110534,12.3,the expositor s bible the first epistle to the corinthians|dods marcus and nicoll w robertson william robertson sir,1
92,Tier 1 - core beta study library,Commentary,1375,The Expositor's Bible: The General Epistles of St. James and St. Jude,"Plummer, Alfred and Nicoll, W. Robertson (William Robertson), Sir",2014,Commentaries,Commentary,https://www.gutenberg.org/ebooks/47337,https://www.gutenberg.org/ebooks/47337.txt.utf-8,verified,verified_allowed_with_project_gutenberg_terms,verified public domain. Source reviewed from https://www.gutenberg.org/ebooks/47337.,Public-domain commentary or exposition for secondary study after reading Scripture.,data/library/verified/the-expositor-s-bible-the-general-epistles-of-st-james-and-st-jude-plummer-alfred-and-nicoll-w-robertson-willi.txt,145250,16.1,the expositor s bible the general epistles of st james and st jude|plummer alfred and nicoll w robertson william robertson sir,1
93,Tier 1 - core beta study library,Commentary,1375,The Expositor's Bible: The Gospel According to St. Mark,G. A. Chadwick,2011,Commentaries,Commentary,https://www.gutenberg.org/ebooks/37120,https://www.gutenberg.org/ebooks/37120.txt.utf-8,verified,verified_allowed_with_project_gutenberg_terms,Verified. Source reviewed from https://www.gutenberg.org/ebooks/37120.,Public-domain Mark exposition for lesson preparation.,data/library/verified/the-expositor-s-bible-the-gospel-according-to-st-mark-g-a-chadwick.txt,136886,15.2,the expositor s bible the gospel according to st mark|g a chadwick,1
94,Tier 1 - core beta study library,Commentary,1375,"The Expositor's Bible: The Gospel of St. John, Vol. I","Dods, Marcus and Nicoll, W. Robertson (William Robertson), Sir",2010,Commentaries,Commentary,https://www.gutenberg.org/ebooks/33151,https://www.gutenberg.org/ebooks/33151.txt.utf-8,verified,verified_allowed_with_project_gutenberg_terms,verified public domain. Source reviewed from https://www.gutenberg.org/ebooks/33151.,Public-domain commentary or exposition for secondary study after reading Scripture.,data/library/verified/the-expositor-s-bible-the-gospel-of-st-john-vol-i-dods-marcus-and-nicoll-w-robertson-william-robertson-sir.txt,106873,11.9,the expositor s bible the gospel of st john|dods marcus and nicoll w robertson william robertson sir,1
95,Tier 1 - core beta study library,Commentary,1375,The Expositor's Bible: The Pastoral Epistles,"Plummer, Alfred and Nicoll, W. Robertson (William Robertson), Sir",2012,Commentaries,Commentary,https://www.gutenberg.org/ebooks/39628,https://www.gutenberg.org/ebooks/39628.txt.utf-8,verified,verified_allowed_with_project_gutenberg_terms,verified public domain. Source reviewed from https://www.gutenberg.org/ebooks/39628.,Public-domain commentary or exposition for secondary study after reading Scripture.,data/library/verified/the-expositor-s-bible-the-pastoral-epistles-plummer-alfred-and-nicoll-w-robertson-william-robertson-sir.txt,125499,13.9,the expositor s bible the pastoral epistles|plummer alfred and nicoll w robertson william robertson sir,1
96,Tier 1 - core beta study library,Commentary,1375,The Expositor's Bible: The Prophecies of Jeremiah,C. J. Ball,2013,Commentaries,Commentary,https://www.gutenberg.org/ebooks/42601,https://www.gutenberg.org/ebooks/42601.txt.utf-8,verified,verified_allowed_with_project_gutenberg_terms,Verified. Source reviewed from https://www.gutenberg.org/ebooks/42601.,Public-domain Jeremiah exposition for study support.,data/library/verified/the-expositor-s-bible-the-prophecies-of-jeremiah-c-j-ball.txt,128211,14.2,the expositor s bible the prophecies of jeremiah|c j ball,1
97,Tier 1 - core beta study library,Commentary,1375,"The Expositor's Bible: The Psalms, Vol. 1 / Psalms I.-XXXVIII.","Maclaren, Alexander; Nicoll, W. Robertson (William Robertson), Sir",2013,Commentaries,Commentaries,https://www.gutenberg.org/ebooks/42445,https://www.gutenberg.org/ebooks/42445.txt.utf-8,verified,verified_allowed_with_project_gutenberg_terms,Project Gutenberg catalog/metadata source indicates public-domain availability in the USA. Retain source/license notes for redistributed Project Gutenberg files.,"Public-domain Christian resource for careful reading, study, and teaching preparation.",data/library/verified/the-expositor-s-bible-the-psalms-vol-1-psalms-i-xxxviii.txt,119473,13.3,the expositor s bible the psalms psalms i xxxviii|maclaren alexander nicoll w robertson william robertson sir,1
98,Tier 1 - core beta study library,Commentary,1375,"The Expositor's Bible: The Psalms, Vol. 2 / Psalms XXXIX.-LXXXIX.","Maclaren, Alexander; Nicoll, W. Robertson (William Robertson), Sir",2013,Commentaries,Commentaries,https://www.gutenberg.org/ebooks/42488,https://www.gutenberg.org/ebooks/42488.txt.utf-8,verified,verified_allowed_with_project_gutenberg_terms,Project Gutenberg catalog/metadata source indicates public-domain availability in the USA. Retain source/license notes for redistributed Project Gutenberg files.,"Public-domain Christian resource for careful reading, study, and teaching preparation.",data/library/verified/the-expositor-s-bible-the-psalms-vol-2-psalms-xxxix-lxxxix.txt,149278,16.6,the expositor s bible the psalms psalms xxxix lxxxix|maclaren alexander nicoll w robertson william robertson sir,1
99,Tier 1 - core beta study library,Commentary,1375,"The Expositor's Bible: The Psalms, Vol. 3 / Psalms XC.-CL.","Maclaren, Alexander; Nicoll, W. Robertson (William Robertson), Sir",2013,Commentaries,Commentaries,https://www.gutenberg.org/ebooks/44027,https://www.gutenberg.org/ebooks/44027.txt.utf-8,verified,verified_allowed_with_project_gutenberg_terms,Project Gutenberg catalog/metadata source indicates public-domain availability in the USA. Retain source/license notes for redistributed Project Gutenberg files.,"Public-domain Christian resource for careful reading, study, and teaching preparation.",data/library/verified/the-expositor-s-bible-the-psalms-vol-3-psalms-xc-cl.txt,131448,14.6,the expositor s bible the psalms psalms xc cl|maclaren alexander nicoll w robertson william robertson sir,1
100,Tier 1 - core beta study library,Commentary,1375,The Expositor's Bible: The Second Book of Kings,F. W. Farrar,2013,Commentaries,Commentary,https://www.gutenberg.org/ebooks/42027,https://www.gutenberg.org/ebooks/42027.txt.utf-8,verified,verified_allowed_with_project_gutenberg_terms,Verified. Source reviewed from https://www.gutenberg.org/ebooks/42027.,Public-domain exposition for teacher preparation after reading the KJV text.,data/library/verified/the-expositor-s-bible-the-second-book-of-kings-f-w-farrar.txt,146108,16.2,the expositor s bible the second book of kings|f w farrar,1
101,Tier 2 - high-value study expansion,Commentary,1375,The Expositor's Bible: The Second Book of Samuel,"Blaikie, William Garden and Nicoll, W. Robertson (William Robertson), Sir",2014,Commentaries,Commentary,https://www.gutenberg.org/ebooks/44619,https://www.gutenberg.org/ebooks/44619.txt.utf-8,verified,verified_allowed_with_project_gutenberg_terms,verified public domain. Source reviewed from https://www.gutenberg.org/ebooks/44619.,Public-domain commentary or exposition for secondary study after reading Scripture.,data/library/verified/the-expositor-s-bible-the-second-book-of-samuel-blaikie-william-garden-and-nicoll-w-robertson-william-robertso.txt,120078,13.3,the expositor s bible the second book of samuel|blaikie william garden and nicoll w robertson william robertson sir,1
102,Tier 2 - high-value study expansion,Commentary,1375,The Expositor's Bible: The Second Epistle to the Corinthians,"Denney, James and Nicoll, W. Robertson (William Robertson), Sir",2013,Commentaries,Commentary,https://www.gutenberg.org/ebooks/41850,https://www.gutenberg.org/ebooks/41850.txt.utf-8,verified,verified_allowed_with_project_gutenberg_terms,verified public domain. Source reviewed from https://www.gutenberg.org/ebooks/41850.,Public-domain commentary or exposition for secondary study after reading Scripture.,data/library/verified/the-expositor-s-bible-the-second-epistle-to-the-corinthians-denney-james-and-nicoll-w-robertson-william-robert.txt,121452,13.5,the expositor s bible the second epistle to the corinthians|denney james and nicoll w robertson william robertson sir,1
103,Tier 2 - high-value study expansion,Commentary,1375,The Expositor's Bible: The Song of Solomon and the Lamentations of Jeremiah,"Adeney, Walter F. (Walter Frederic) and Nicoll, W. Robertson (William Robertson), Sir",2012,Commentaries,Commentary,https://www.gutenberg.org/ebooks/39941,https://www.gutenberg.org/ebooks/39941.txt.utf-8,verified,verified_allowed_with_project_gutenberg_terms,verified public domain. Source reviewed from https://www.gutenberg.org/ebooks/39941.,Public-domain commentary or exposition for secondary study after reading Scripture.,data/library/verified/the-expositor-s-bible-the-song-of-solomon-and-the-lamentations-of-jeremiah-adeney-walter-f-walter-frederic-and.txt,100649,11.2,the expositor s bible the song of solomon and the lamentations of jeremiah|adeney walter f walter frederic and nicoll w robertson william robertson sir,1
104,Tier 2 - high-value study expansion,Commentary,1375,"The Gospel of Luke, an Exposition",Charles Rosenbury Erdman,2008,Commentaries,Commentary,https://www.gutenberg.org/ebooks/26881,https://www.gutenberg.org/ebooks/26881.txt.utf-8,verified,verified_allowed_with_project_gutenberg_terms,Verified. Source reviewed from https://www.gutenberg.org/ebooks/26881.,Public-domain Luke exposition for study support.,data/library/verified/the-gospel-of-luke-an-exposition-charles-rosenbury-erdman.txt,88531,9.8,the gospel of luke an exposition|charles rosenbury erdman,1
105,Tier 2 - high-value study expansion,Commentary,1370,Exposition of the Epistle of James,William Kelly,2026,Commentaries,William Kelly,https://archive.org/download/expositionofepis0000will_q9n7/expositionofepis0000will_q9n7_djvu.txt,https://archive.org/download/expositionofepis0000will_q9n7/expositionofepis0000will_q9n7_djvu.txt,verified,verified_allowed_public_domain,verified public domain. Source reviewed from https://archive.org/download/expositionofepis0000will_q9n7/expositionofepis0000will_q9n7_djvu.txt.,Public-domain exposition useful for careful comparison and teaching preparation.,data/library/verified/exposition-of-the-epistle-of-james-william-kelly.txt,46486,5.2,exposition of the epistle of james|william kelly,1
106,Tier 2 - high-value study expansion,Commentary,1370,Lectures on the Epistle of Paul the Apostle to the Philippians : with a new translation..,"Kelly, William, 1821-1906",2026,Commentaries,William Kelly Collection,https://archive.org/download/lecturesonepistlephil00kell/lecturesonepistlephil00kell_djvu.txt,https://archive.org/download/lecturesonepistlephil00kell/lecturesonepistlephil00kell_djvu.txt,verified,verified_allowed_public_domain,verified public domain. Source reviewed from https://archive.org/download/lecturesonepistlephil00kell/lecturesonepistlephil00kell_djvu.txt.,William Kelly Bible exposition for commentary comparison and teaching preparation. OCR text should be spot-checked before quotation.,data/library/verified/lectures-on-the-epistle-of-paul-the-apostle-to-the-philippians-with-a-new-translation-kelly-william-1821-1906.txt,32945,3.7,lectures on the epistle of paul the apostle to the philippians with a new translation|kelly william 1821 1906,1
107,Tier 2 - high-value study expansion,Commentary,1370,Notes on the book of Job : with a new version,"Kelly, William, 1821-1906",2026,Commentaries,William Kelly Collection,https://archive.org/download/notesonbookjobw00kellgoog/notesonbookjobw00kellgoog_djvu.txt,https://archive.org/download/notesonbookjobw00kellgoog/notesonbookjobw00kellgoog_djvu.txt,verified,verified_allowed_public_domain,verified public domain. Source reviewed from https://archive.org/download/notesonbookjobw00kellgoog/notesonbookjobw00kellgoog_djvu.txt.,William Kelly Bible exposition for commentary comparison and teaching preparation. OCR text should be spot-checked before quotation.,data/library/verified/notes-on-the-book-of-job-with-a-new-version-kelly-william-1821-1906.txt,58208,6.5,notes on the book of job with a new version|kelly william 1821 1906,1
108,Tier 2 - high-value study expansion,Commentary,1370,Notes on the book of Job : with a new version,William Kelly,2026,Commentaries,William Kelly Collection,https://archive.org/download/notesonbookjobw01kellgoog/notesonbookjobw01kellgoog_djvu.txt,https://archive.org/download/notesonbookjobw01kellgoog/notesonbookjobw01kellgoog_djvu.txt,verified,verified_allowed_public_domain,verified public domain. Source reviewed from https://archive.org/download/notesonbookjobw01kellgoog/notesonbookjobw01kellgoog_djvu.txt.,"William Kelly public-domain exposition for commentary comparison and Bible study, with perspective labels.",data/library/verified/notes-on-the-book-of-job-with-a-new-version-william-kelly.txt,51390,5.7,notes on the book of job with a new version|william kelly,1
109,Tier 2 - high-value study expansion,Commentary,1365,God's Masterpiece: An Analytical Exposition of Ephesians I-III,Arno C. Gaebelein,1913,Commentaries,Gaebelein Collection,https://archive.org/download/godsmasterpiecea0000gaeb/godsmasterpiecea0000gaeb_djvu.txt,https://archive.org/download/godsmasterpiecea0000gaeb/godsmasterpiecea0000gaeb_djvu.txt,verified,verified_allowed_public_domain,"Published in 1913, before the current U.S. public-domain cutoff for 2026. Direct Internet Archive OCR text imported from item godsmasterpiecea0000gaeb; source edition and OCR quality require spot-check before quotation or public teaching use.",Gaebelein exposition for Ephesians study and teaching preparation. OCR text should be spot-checked before quotation or public teaching use.,data/library/verified/god-s-masterpiece-an-analytical-exposition-of-ephesians-i-iii-arno-c-gaebelein.txt,32790,3.6,god s masterpiece an analytical exposition of ephesians i iii|arno c gaebelein,1
110,Tier 2 - high-value study expansion,Commentary,1365,Nine Lectures on the First Epistle of John,J. N. Darby,1882,Commentaries,Darby Collection,https://archive.org/download/ninelecturesonf00darbgoog/ninelecturesonf00darbgoog_djvu.txt,https://archive.org/download/ninelecturesonf00darbgoog/ninelecturesonf00darbgoog_djvu.txt,verified,verified_allowed_public_domain,"Published in 1882, before the current U.S. public-domain cutoff for 2026. Direct Internet Archive OCR text imported from item ninelecturesonf00darbgoog; source edition and OCR quality require spot-check before quotation or public teaching use.",Darby exposition for 1 John study and teaching comparison. OCR text should be spot-checked before quotation or public teaching use.,data/library/verified/nine-lectures-on-the-first-epistle-of-john-j-n-darby.txt,36536,4.1,nine lectures on the first epistle of john|j n darby,1
111,Tier 2 - high-value study expansion,Commentary,1365,The prophet Joel [microform] : an exposition,"Gaebelein, Arno Clemens, 1861-1945",2026,Commentaries,Gaebelein Collection,https://archive.org/download/cihm_83496/cihm_83496_djvu.txt,https://archive.org/download/cihm_83496/cihm_83496_djvu.txt,verified,verified_allowed_public_domain,verified public domain. Source reviewed from https://archive.org/download/cihm_83496/cihm_83496_djvu.txt.,Gaebelein Bible exposition and prophecy study resource. OCR text should be spot-checked before quotation.,data/library/verified/the-prophet-joel-microform-an-exposition-gaebelein-arno-clemens-1861-1945.txt,43640,4.8,the prophet joel microform an exposition|gaebelein arno clemens 1861 1945,1
112,Tier 2 - high-value study expansion,Commentary,1365,The prophet Joel; an exposition,"Gaebelein, Arno Clemens, 1861-1945",1909,Commentaries,Gaebelein Collection,https://archive.org/download/prophetjoelexpos00gaebiala/prophetjoelexpos00gaebiala_djvu.txt,https://archive.org/download/prophetjoelexpos00gaebiala/prophetjoelexpos00gaebiala_djvu.txt,verified,verified_allowed_public_domain,verified public domain. Source reviewed from https://archive.org/download/prophetjoelexpos00gaebiala/prophetjoelexpos00gaebiala_djvu.txt.,Gaebelein Bible exposition and prophecy study resource. OCR text should be spot-checked before quotation.,data/library/verified/the-prophet-joel-an-exposition-gaebelein-arno-clemens-1861-1945.txt,42000,4.7,the prophet joel an exposition|gaebelein arno clemens 1861 1945,1
113,Tier 2 - high-value study expansion,Commentary,1365,The Prophet Joel:An Exposition,A. C. Gaebelein,1909,Commentaries,A. C. Gaebelein Collection,https://archive.org/download/prophetjoelanexp0000acga/prophetjoelanexp0000acga_djvu.txt,https://archive.org/download/prophetjoelanexp0000acga/prophetjoelanexp0000acga_djvu.txt,verified,verified_allowed_public_domain,verified public domain. Source reviewed from https://archive.org/download/prophetjoelanexp0000acga/prophetjoelanexp0000acga_djvu.txt.,"Gaebelein public-domain-era prophecy or Bible exposition resource for study and teaching, with discernment labels.",data/library/verified/the-prophet-joel-an-exposition-a-c-gaebelein.txt,42822,4.8,the prophet joel an exposition|a c gaebelein,1
114,Tier 2 - high-value study expansion,Commentary,1365,The Revelation: An Analysis and Exposition,Arno C. Gaebelein,1915,Commentaries,Gaebelein Collection,https://archive.org/download/revelationanalys00gaebiala/revelationanalys00gaebiala_djvu.txt,https://archive.org/download/revelationanalys00gaebiala/revelationanalys00gaebiala_djvu.txt,verified,verified_allowed_public_domain,verified public domain. Source reviewed from https://archive.org/download/revelationanalys00gaebiala/revelationanalys00gaebiala_djvu.txt.,Gaebelein exposition of Revelation for prophecy study and commentary comparison. OCR text should be spot-checked before quotation or public teaching use.,data/library/verified/the-revelation-an-analysis-and-exposition-arno-c-gaebelein.txt,57774,6.4,the revelation an analysis and exposition|arno c gaebelein,1
115,Tier 2 - high-value study expansion,Bible Study Reference,1360,"History of the transmission of ancient books to modern times / together with the process of historical proof; or, a concise account of the means by which genuineness of ancient literature generally, and the authenticity of historical works especially are ascertained including incidental remarks upon the relative strength of the evidence usually adduced in behalf of the Holy Scriptures","Taylor, Isaac",2022,Bible study helps,Bible study helps,https://www.gutenberg.org/ebooks/67778,https://www.gutenberg.org/ebooks/67778.txt.utf-8,verified,verified_allowed_with_project_gutenberg_terms,Project Gutenberg catalog/metadata source indicates public-domain availability in the USA. Retain source/license notes for redistributed Project Gutenberg files.,"Bible study help for background, word study, doctrine, and teaching preparation.",data/library/verified/history-of-the-transmission-of-ancient-books-to-modern-times-together-with-the-process-of.txt,109761,12.2,history of the transmission of ancient books to modern times together with the process of historical proof or a concise account of the means by which genuineness of ancient literature generally and the authenticity of historical works especially are ascertained including incidental remarks upon the relative strength of the evidence usually adduced in behalf of the holy scriptures|taylor isaac,1
116,Tier 2 - high-value study expansion,Bible Study Reference,1355,"Encyclopaedia Britannica, 11th Edition, Bible to Bisectrix",Various,2010,Dictionaries,Dictionaries,https://www.gutenberg.org/ebooks/34702,https://www.gutenberg.org/ebooks/34702.txt.utf-8,verified,verified_allowed_with_project_gutenberg_terms,Verified. Source reviewed from https://www.gutenberg.org/ebooks/34702.,Public-domain reference material with Bible entries.,data/library/verified/encyclopaedia-britannica-11th-edition-bible-to-bisectrix-various.txt,215689,24.0,encyclopaedia britannica 11th edition bible to bisectrix|various,1
117,Tier 2 - high-value study expansion,Commentary,1355,"The claims of the church of England considered : being the close of a correspondence between the Rev. James Kelly, of Stillogen, Ireland, and J.N. Darby","Kelly, James; Darby, J. N. (John Nelson), 1800-1882",2026,Commentaries,Darby Collection,https://archive.org/download/theclaimsofthech00kelluoft/theclaimsofthech00kelluoft_djvu.txt,https://archive.org/download/theclaimsofthech00kelluoft/theclaimsofthech00kelluoft_djvu.txt,verified,verified_allowed_public_domain,verified public domain. Source reviewed from https://archive.org/download/theclaimsofthech00kelluoft/theclaimsofthech00kelluoft_djvu.txt.,Darby Bible exposition or collected teaching for study and doctrinal review. OCR text should be spot-checked before quotation.,data/library/verified/the-claims-of-the-church-of-england-considered-being-the-close-of-a-correspondence-between-the-rev-james-kelly.txt,31701,3.5,the claims of the church of england considered being the close of a correspondence between the rev james kelly of stillogen ireland and j n darby|kelly james darby j n john nelson 1800 1882,1
118,Tier 2 - high-value study expansion,Bible Study Reference,1355,The gospel for to-day : new evangelistic sermons for a new day,"Torrey, R. A. (Reuben Archer), 1856-1928",1922,Bible study helps,Torrey Collection,https://archive.org/download/gospelfortodayne00torr/gospelfortodayne00torr_djvu.txt,https://archive.org/download/gospelfortodayne00torr/gospelfortodayne00torr_djvu.txt,verified,verified_allowed_public_domain,verified public domain. Source reviewed from https://archive.org/download/gospelfortodayne00torr/gospelfortodayne00torr_djvu.txt.,"R. A. Torrey Bible study, evangelism, and prayer resource for teachers and serious students. OCR text should be spot-checked before quotation.",data/library/verified/the-gospel-for-to-day-new-evangelistic-sermons-for-a-new-day-torrey-r-a-reuben-archer-1856-1928.txt,64980,7.2,the gospel for to day new evangelistic sermons for a new day|torrey r a reuben archer 1856 1928,1
119,Tier 2 - high-value study expansion,Commentary,1350,The Gospel of the Kingdom,C. H. Spurgeon,1893,Commentaries,Spurgeon Collection,https://archive.org/download/cu31924029340720/cu31924029340720_djvu.txt,https://archive.org/download/cu31924029340720/cu31924029340720_djvu.txt,verified,verified_allowed_public_domain,"Published in 1893, before the current U.S. public-domain cutoff for 2026. Direct Internet Archive OCR text from item cu31924029340720 imported with source-edition review and OCR spot-check labels.","Popular exposition of Matthew for Gospel study, teaching, and commentary comparison.",data/library/verified/the-gospel-of-the-kingdom-c-h-spurgeon.txt,183613,20.4,the gospel of the kingdom|c h spurgeon,1
120,Tier 2 - high-value study expansion,Bible Study Reference,1350,The New Topical Text Book,R. A. Torrey,1897,Topical Bible,R. A. Torrey Collection,https://archive.org/download/newtopicaltextbo0000rato_c4y7/newtopicaltextbo0000rato_c4y7_djvu.txt,https://archive.org/download/newtopicaltextbo0000rato_c4y7/newtopicaltextbo0000rato_c4y7_djvu.txt,verified,verified_allowed_public_domain,"Published in 1897, before the current U.S. public-domain cutoff for 2026. Direct Internet Archive OCR text from item newtopicaltextbo0000rato_c4y7 imported with source-edition review and OCR spot-check labels.","Topical Bible study tool for sermon preparation, teaching, and Scripture lookup support.",data/library/verified/the-new-topical-text-book-r-a-torrey.txt,186970,20.8,the new topical text book|r a torrey,1
121,Tier 2 - high-value study expansion,Commentary,1345,"The Bible object book : A book of object lessons which are different, written in plain English and in common words","Woolston, C. H. (Clarence Herbert); Rodeheaver, Homer A. (Homer Alvan)",2023,Commentaries,Commentary,https://www.gutenberg.org/ebooks/71416,https://www.gutenberg.org/ebooks/71416.txt.utf-8,verified,verified_allowed_with_project_gutenberg_terms,verified public domain. Source reviewed from https://www.gutenberg.org/ebooks/71416.,Public-domain commentary or exposition for secondary study after reading Scripture.,data/library/verified/the-bible-object-book-a-book-of-object-lessons-which-are-different-written-in-plain-english-and-in-common-word.txt,68769,7.6,the bible object book a book of object lessons which are different written in plain english and in common words|woolston c h clarence herbert rodeheaver homer a homer alvan,1
122,Tier 2 - high-value study expansion,Commentary,1345,"The seven parables, Matthew XIII : an exposition ..","Gaebelein, Arno Clemens, 1861-1945",2026,Commentaries,Gaebelein Collection,https://archive.org/download/sevenparablesmat00gaeb/sevenparablesmat00gaeb_djvu.txt,https://archive.org/download/sevenparablesmat00gaeb/sevenparablesmat00gaeb_djvu.txt,verified,verified_allowed_public_domain,verified public domain. Source reviewed from https://archive.org/download/sevenparablesmat00gaeb/sevenparablesmat00gaeb_djvu.txt.,Gaebelein Bible exposition and prophecy study resource. OCR text should be spot-checked before quotation.,data/library/verified/the-seven-parables-matthew-xiii-an-exposition-gaebelein-arno-clemens-1861-1945.txt,14373,1.6,the seven parables matthew xiii an exposition|gaebelein arno clemens 1861 1945,1
123,Tier 2 - high-value study expansion,Christian Book,1345,"The treasury of David : containing an original exposition of the book of Psalms ; a collection of illustrative extracts from the whole range of literature ; a series of homiletical hints upon almost every verse, and lists of writers upon each psalm","Spurgeon, C. H. (Charles Haddon), 1834-1892",1874,Preaching & Teaching,Spurgeon Collection,https://archive.org/download/treasuryofdavidc0007spur/treasuryofdavidc0007spur_djvu.txt,https://archive.org/download/treasuryofdavidc0007spur/treasuryofdavidc0007spur_djvu.txt,verified,verified_allowed_public_domain,verified public domain. Source reviewed from https://archive.org/download/treasuryofdavidc0007spur/treasuryofdavidc0007spur_djvu.txt.,"Spurgeon preaching, devotional, and teaching resource for sermon preparation and Christian living. OCR text should be spot-checked before quotation.",data/library/verified/the-treasury-of-david-containing-an-original-exposition-of-the-book-of-psalms-a-collection-of-illustrative-ext-2.txt,357894,39.8,the treasury of david containing an original exposition of the book of psalms a collection of illustrative extracts from the whole range of literature a series of homiletical hints upon almost every verse and lists of writers upon each psalm|spurgeon c h charles haddon 1834 1892,1
124,Tier 2 - high-value study expansion,Bible Study Reference,1340,Easton's Bible Dictionary,M. G. Easton,1897,Dictionaries,Dictionaries,https://www.ccel.org/ccel/easton/ebd2.html,https://www.ccel.org/ccel/e/easton/ebd2/cache/ebd2.txt,verified,verified_allowed_public_domain_crosswire,CrossWire lists Easton's Bible Dictionary with Distribution License Public Domain and text source CCEL; CCEL work page identifies the 1897 Easton work.,"Bible names, places, customs, and concise background lookup.",data/library/verified/eastons-bible-dictionary.txt,513951,57.1,easton s bible dictionary|m g easton,1
125,Tier 2 - high-value study expansion,Commentary,1340,"Preaching to the spirits in prison, I Peter, 3:18-20","Kelly, William, 1821-1906",1534,Commentaries,William Kelly Collection,https://archive.org/download/preachingtospiri00kellrich/preachingtospiri00kellrich_djvu.txt,https://archive.org/download/preachingtospiri00kellrich/preachingtospiri00kellrich_djvu.txt,verified,verified_allowed_public_domain,verified public domain. Source reviewed from https://archive.org/download/preachingtospiri00kellrich/preachingtospiri00kellrich_djvu.txt.,William Kelly Bible exposition for commentary comparison and teaching preparation. OCR text should be spot-checked before quotation.,data/library/verified/preaching-to-the-spirits-in-prison-i-peter-3-18-20-kelly-william-1821-1906.txt,40778,4.5,preaching to the spirits in prison i peter|kelly william 1821 1906,1
126,Tier 2 - high-value study expansion,Commentary,1340,"Preaching to the spirits in prison, I Peter, 3:18-20",William Kelly,1534,Commentaries,William Kelly Collection,https://archive.org/download/cu31924031695434/cu31924031695434_djvu.txt,https://archive.org/download/cu31924031695434/cu31924031695434_djvu.txt,verified,verified_allowed_public_domain,verified public domain. Source reviewed from https://archive.org/download/cu31924031695434/cu31924031695434_djvu.txt.,"William Kelly public-domain exposition for commentary comparison and Bible study, with perspective labels.",data/library/verified/preaching-to-the-spirits-in-prison-i-peter-3-18-20-william-kelly.txt,40683,4.5,preaching to the spirits in prison i peter|william kelly,1
127,Tier 2 - high-value study expansion,Commentary,1340,"Preaching to the spirits in prison, I Peter, 3:18-20 [microform]","Kelly, William, 1821-1906",1534,Commentaries,William Kelly Collection,https://archive.org/download/MN41537ucmf_3/MN41537ucmf_3_djvu.txt,https://archive.org/download/MN41537ucmf_3/MN41537ucmf_3_djvu.txt,verified,verified_allowed_public_domain,verified public domain. Source reviewed from https://archive.org/download/MN41537ucmf_3/MN41537ucmf_3_djvu.txt.,William Kelly Bible exposition for commentary comparison and teaching preparation. OCR text should be spot-checked before quotation.,data/library/verified/preaching-to-the-spirits-in-prison-i-peter-3-18-20-microform-kelly-william-1821-1906.txt,40715,4.5,preaching to the spirits in prison i peter microform|kelly william 1821 1906,1
128,Tier 2 - high-value study expansion,Bible Study Reference,1335,"A Plain Introduction to the Criticism of the New Testament, Vol. I.",Frederick Henry Ambrose Scrivener,2011,Bible study helps,KJV / Textual Issues,https://www.gutenberg.org/ebooks/36548,https://www.gutenberg.org/ebooks/36548.txt.utf-8,verified,verified_allowed_with_project_gutenberg_terms,verified public domain. Source reviewed from https://www.gutenberg.org/ebooks/36548.,Historical Bible study or textual-issues resource; use for background with doctrinal care.,data/library/verified/a-plain-introduction-to-the-criticism-of-the-new-testament-vol-i-frederick-henry-ambrose-scrivener.txt,190524,21.2,a plain introduction to the criticism of the new testament|frederick henry ambrose scrivener,1
129,Tier 2 - high-value study expansion,Commentary,1330,Expositions of Holy Scripture,Alexander Maclaren,1911,Commentaries,Alexander Maclaren Collection,https://archive.org/download/expositionsofhol00macl/expositionsofhol00macl_djvu.txt,https://archive.org/download/expositionsofhol00macl/expositionsofhol00macl_djvu.txt,verified,verified_allowed_public_domain,verified public domain. Source reviewed from https://archive.org/download/expositionsofhol00macl/expositionsofhol00macl_djvu.txt.,Alexander Maclaren public-domain exposition for devotional commentary comparison and sermon preparation.,data/library/verified/expositions-of-holy-scripture-alexander-maclaren.txt,65144,7.2,expositions of holy scripture|alexander maclaren,1
130,Tier 2 - high-value study expansion,Commentary,1330,Philippian Studies: Lessons in Faith and Love from St. Paul's Epistle to the Philippians,"Moule, H. C. G. (Handley Carr Glyn)",2008,Commentaries,Commentary,https://www.gutenberg.org/ebooks/25221,https://www.gutenberg.org/ebooks/25221.txt.utf-8,verified,verified_allowed_with_project_gutenberg_terms,verified public domain. Source reviewed from https://www.gutenberg.org/ebooks/25221.,Public-domain commentary or exposition for secondary study after reading Scripture.,data/library/verified/philippian-studies-lessons-in-faith-and-love-from-st-paul-s-epistle-to-the-philippians-moule-h-c-g-handley-car.txt,50110,5.6,philippian studies lessons in faith and love from st paul s epistle to the philippians|moule h c g handley carr glyn,1
131,Tier 2 - high-value study expansion,Commentary,1330,"The Life of Duty, v. 2: A year's plain sermons on the Gospels or Epistles","Wilmot-Buxton, H. J. (Harry John)",2007,Commentaries,Commentary,https://www.gutenberg.org/ebooks/22075,https://www.gutenberg.org/ebooks/22075.txt.utf-8,verified,verified_allowed_with_project_gutenberg_terms,verified public domain. Source reviewed from https://www.gutenberg.org/ebooks/22075.,Public-domain commentary or exposition for secondary study after reading Scripture.,data/library/verified/the-life-of-duty-v-2-a-year-s-plain-sermons-on-the-gospels-or-epistles-wilmot-buxton-h-j-harry-john.txt,54863,6.1,the life of duty a year s plain sermons on the gospels or epistles|wilmot buxton h j harry john,1
132,Tier 2 - high-value study expansion,Bible Study Reference,1325,Six Lectures on Fundamental Truths Connected with the Church of God,William Kelly,1865,Bible study helps,William Kelly Collection,https://archive.org/download/sixlecturesonfu00kellgoog/sixlecturesonfu00kellgoog_djvu.txt,https://archive.org/download/sixlecturesonfu00kellgoog/sixlecturesonfu00kellgoog_djvu.txt,verified,verified_allowed_public_domain,Internet Archive item sixlecturesonfu00kellgoog lists public-domain or NOT_IN_COPYRIGHT status. Direct IA OCR text imported for beta reading with use-with-discernment and OCR spot-check labels.,Doctrinal Bible study resource for careful comparison and teaching preparation.,data/library/verified/six-lectures-on-fundamental-truths-connected-with-the-church-of-god-william-kelly.txt,79462,8.8,six lectures on fundamental truths connected with the church of god|william kelly,1
133,Tier 2 - high-value study expansion,Commentary,1320,A Brief Commentary on the Apocalypse,Sylvester Bliss,2008,Commentaries,Commentary,https://www.gutenberg.org/ebooks/26639,https://www.gutenberg.org/ebooks/26639.txt.utf-8,verified,verified_allowed_with_project_gutenberg_terms,Verified. Source reviewed from https://www.gutenberg.org/ebooks/26639.,Public-domain Revelation commentary for comparison and review.,data/library/verified/a-brief-commentary-on-the-apocalypse-sylvester-bliss.txt,93489,10.4,a brief commentary on the apocalypse|sylvester bliss,1
134,Tier 2 - high-value study expansion,Commentary,1320,A commentary on Ecclesiastes,"Dale, Thomas Pelham",2024,Commentaries,Commentary,https://www.gutenberg.org/ebooks/72761,https://www.gutenberg.org/ebooks/72761.txt.utf-8,verified,verified_allowed_with_project_gutenberg_terms,verified public domain. Source reviewed from https://www.gutenberg.org/ebooks/72761.,Public-domain commentary or exposition for secondary study after reading Scripture.,data/library/verified/a-commentary-on-ecclesiastes-dale-thomas-pelham.txt,82908,9.2,a commentary on ecclesiastes|dale thomas pelham,1
135,Tier 2 - high-value study expansion,Commentary,1320,A critical and exegetical commentary on Genesis,"Skinner, John",2025,Commentaries,Commentary,https://www.gutenberg.org/ebooks/77363,https://www.gutenberg.org/ebooks/77363.txt.utf-8,verified,verified_allowed_with_project_gutenberg_terms,verified public domain. Source reviewed from https://www.gutenberg.org/ebooks/77363.,Public-domain commentary or exposition for secondary study after reading Scripture.,data/library/verified/a-critical-and-exegetical-commentary-on-genesis-skinner-john.txt,315315,35.0,a critical and exegetical commentary on genesis|skinner john,1
136,Tier 2 - high-value study expansion,Commentary,1320,An analyticall exposition of both the Epistles of the Apostle Peter,"Ames, William",2024,Commentaries,Commentary,https://www.gutenberg.org/ebooks/72645,https://www.gutenberg.org/ebooks/72645.txt.utf-8,verified,verified_allowed_with_project_gutenberg_terms,verified public domain. Source reviewed from https://www.gutenberg.org/ebooks/72645.,Public-domain commentary or exposition for secondary study after reading Scripture.,data/library/verified/an-analyticall-exposition-of-both-the-epistles-of-the-apostle-peter-ames-william.txt,93124,10.3,an analyticall exposition of both the epistles of the apostle peter|ames william,1
137,Tier 2 - high-value study expansion,Commentary,1320,"Commentary on Genesis, Vol. 1: Luther on the Creation",Martin Luther,2015,Commentaries,Commentary,https://www.gutenberg.org/ebooks/48193,https://www.gutenberg.org/ebooks/48193.txt.utf-8,verified,verified_allowed_with_project_gutenberg_terms,Verified. Source reviewed from https://www.gutenberg.org/ebooks/48193.,Public-domain Genesis commentary for historical comparison.,data/library/verified/commentary-on-genesis-vol-1-luther-on-the-creation-martin-luther.txt,174259,19.4,commentary on genesis luther on the creation|martin luther,1
138,Tier 2 - high-value study expansion,Commentary,1320,"Commentary on Genesis, Vol. 2: Luther on Sin and the Flood","Luther, Martin and Lenker, John Nicholas",2009,Commentaries,Commentary,https://www.gutenberg.org/ebooks/27978,https://www.gutenberg.org/ebooks/27978.txt.utf-8,verified,verified_allowed_with_project_gutenberg_terms,verified public domain. Source reviewed from https://www.gutenberg.org/ebooks/27978.,Public-domain commentary or exposition for secondary study after reading Scripture.,data/library/verified/commentary-on-genesis-vol-2-luther-on-sin-and-the-flood-luther-martin-and-lenker-john-nicholas.txt,129343,14.4,commentary on genesis luther on sin and the flood|luther martin and lenker john nicholas,1
139,Tier 2 - high-value study expansion,Commentary,1320,Commentary on the Epistle to the Galatians,Martin Luther,1998,Commentaries,Commentary,https://www.gutenberg.org/ebooks/1549,https://www.gutenberg.org/ebooks/1549.txt.utf-8,verified,verified_allowed_with_project_gutenberg_terms,Verified. Source reviewed from https://www.gutenberg.org/ebooks/1549.,Public-domain Galatians commentary for historical comparison.,data/library/verified/commentary-on-the-epistle-to-the-galatians-martin-luther.txt,85728,9.5,commentary on the epistle to the galatians|martin luther,1
140,Tier 2 - high-value study expansion,Commentary,1320,Lectures introductory to the study of the Gospels,"Kelly, William, 1821-1906",2026,Commentaries,William Kelly Collection,https://archive.org/download/cu31924031187754/cu31924031187754_djvu.txt,https://archive.org/download/cu31924031187754/cu31924031187754_djvu.txt,verified,verified_allowed_public_domain,verified public domain. Source reviewed from https://archive.org/download/cu31924031187754/cu31924031187754_djvu.txt.,William Kelly Bible exposition for commentary comparison and teaching preparation. OCR text should be spot-checked before quotation.,data/library/verified/lectures-introductory-to-the-study-of-the-gospels-kelly-william-1821-1906.txt,183295,20.4,lectures introductory to the study of the gospels|kelly william 1821 1906,1
141,Tier 2 - high-value study expansion,Bible Study Reference,1320,"Medica Sacra Or, A Commentary on the Most Remarkable Diseases Mentioned in the Holy Scriptures",Richard Mead and Thomas Stack,2010,Dictionaries,Bible Dictionaries,https://www.gutenberg.org/ebooks/31203,https://www.gutenberg.org/ebooks/31203.txt.utf-8,verified,verified_allowed_with_project_gutenberg_terms,verified public domain. Source reviewed from https://www.gutenberg.org/ebooks/31203.,"Reference work for definitions, places, names, or historical background.",data/library/verified/medica-sacra-or-a-commentary-on-the-most-remarkable-diseases-mentioned-in-the-holy-scriptures-richard-mead-and.txt,24928,2.8,medica sacra or a commentary on the most remarkable diseases mentioned in the holy scriptures|richard mead and thomas stack,1
142,Tier 2 - high-value study expansion,Commentary,1320,Notes on the Apocalypse,"Steele, David",2004,Commentaries,Commentary,https://www.gutenberg.org/ebooks/14485,https://www.gutenberg.org/ebooks/14485.txt.utf-8,verified,verified_allowed_with_project_gutenberg_terms,verified public domain. Source reviewed from https://www.gutenberg.org/ebooks/14485.,Public-domain commentary or exposition for secondary study after reading Scripture.,data/library/verified/notes-on-the-apocalypse-steele-david.txt,101206,11.2,notes on the apocalypse|steele david,1
143,Tier 2 - high-value study expansion,Commentary,1320,Pulpit prayers,Alexander Maclaren,2026,Commentaries,Alexander Maclaren Collection,https://archive.org/download/pulpitprayers00macl/pulpitprayers00macl_djvu.txt,https://archive.org/download/pulpitprayers00macl/pulpitprayers00macl_djvu.txt,verified,verified_allowed_public_domain,verified public domain. Source reviewed from https://archive.org/download/pulpitprayers00macl/pulpitprayers00macl_djvu.txt.,Alexander Maclaren public-domain exposition for devotional commentary comparison and sermon preparation.,data/library/verified/pulpit-prayers-alexander-maclaren.txt,99804,11.1,pulpit prayers|alexander maclaren,1
144,Tier 2 - high-value study expansion,Commentary,1320,St. Paul's Epistle to the Ephesians: A Practical Exposition,"Gore, Charles",2010,Commentaries,Commentary,https://www.gutenberg.org/ebooks/32016,https://www.gutenberg.org/ebooks/32016.txt.utf-8,verified,verified_allowed_with_project_gutenberg_terms,verified public domain. Source reviewed from https://www.gutenberg.org/ebooks/32016.,Public-domain commentary or exposition for secondary study after reading Scripture.,data/library/verified/st-paul-s-epistle-to-the-ephesians-a-practical-exposition-gore-charles.txt,62573,7.0,st paul s epistle to the ephesians a practical exposition|gore charles,1
145,Tier 2 - high-value study expansion,Commentary,1320,St. Paul's Epistle to the Romans: A Practical Exposition. Vol. I,"Gore, Charles",2010,Commentaries,Commentary,https://www.gutenberg.org/ebooks/32673,https://www.gutenberg.org/ebooks/32673.txt.utf-8,verified,verified_allowed_with_project_gutenberg_terms,verified public domain. Source reviewed from https://www.gutenberg.org/ebooks/32673.,Public-domain commentary or exposition for secondary study after reading Scripture.,data/library/verified/st-paul-s-epistle-to-the-romans-a-practical-exposition-vol-i-gore-charles.txt,71473,7.9,st paul s epistle to the romans a practical exposition|gore charles,1
146,Tier 2 - high-value study expansion,Commentary,1320,"The Revelation Explained: An Exposition, Text by Text, of the Apocalypse of St. John","Smith, F. G. (Frederick George)",2004,Commentaries,Commentary,https://www.gutenberg.org/ebooks/13229,https://www.gutenberg.org/ebooks/13229.txt.utf-8,verified,verified_allowed_with_project_gutenberg_terms,verified public domain. Source reviewed from https://www.gutenberg.org/ebooks/13229.,Public-domain commentary or exposition for secondary study after reading Scripture.,data/library/verified/the-revelation-explained-an-exposition-text-by-text-of-the-apocalypse-of-st-john-smith-f-g-frederick-george.txt,124677,13.9,the revelation explained an exposition text by text of the apocalypse of st john|smith f g frederick george,1
147,Tier 2 - high-value study expansion,Commentary,1320,"The Song of Songs Translated from the Original Hebrew, with a Commentary, Historical and Critical",Christian D. Ginsburg,2022,Commentaries,Commentary,https://www.gutenberg.org/ebooks/69329,https://www.gutenberg.org/ebooks/69329.txt.utf-8,verified,verified_allowed_with_project_gutenberg_terms,verified public domain. Source reviewed from https://www.gutenberg.org/ebooks/69329.,Public-domain commentary or exposition for secondary study after reading Scripture.,data/library/verified/the-song-of-songs-translated-from-the-original-hebrew-with-a-commentary-historical-and-critical-christian-d-gi.txt,88558,9.8,the song of songs translated from the original hebrew with a commentary historical and critical|christian d ginsburg,1
148,Tier 2 - high-value study expansion,Bible Study Reference,1315,A Class-Book of Biblical History and Geography with numerous maps,"Osborn, H. S. (Henry Stafford)",2017,Bible Handbooks,Bible Handbooks,https://www.gutenberg.org/ebooks/56019,https://www.gutenberg.org/ebooks/56019.txt.utf-8,verified,verified_allowed_with_project_gutenberg_terms,verified public domain. Source reviewed from https://www.gutenberg.org/ebooks/56019.,"Book background, Bible geography, or Bible survey help for study preparation.",data/library/verified/a-class-book-of-biblical-history-and-geography-with-numerous-maps-osborn-h-s-henry-stafford.txt,70674,7.9,a class book of biblical history and geography with numerous maps|osborn h s henry stafford,1
149,Tier 2 - high-value study expansion,Bible Study Reference,1315,Bible Characters,T. De Witt Talmage; D. L. Moody; Joseph Parker,1896,Bible study helps,Bible study helps,https://www.gutenberg.org/ebooks/54736,https://www.gutenberg.org/ebooks/54736.txt.utf-8,verified,verified_allowed_with_project_gutenberg_terms,Project Gutenberg catalog page reports public domain in the USA. Retain source/license notes for redistributed Project Gutenberg files.,Teacher background for Bible people and character lessons.,data/library/verified/bible-characters.txt,130931,14.5,bible characters|t de witt talmage d l moody joseph parker,1
150,Tier 2 - high-value study expansion,Commentary,1315,Current events in the light of the Bible,"Gaebelein, Arno Clemens, 1861-1945",1914,Commentaries,Gaebelein Collection,https://archive.org/download/currenteventsinl00gaeb/currenteventsinl00gaeb_djvu.txt,https://archive.org/download/currenteventsinl00gaeb/currenteventsinl00gaeb_djvu.txt,verified,verified_allowed_public_domain,verified public domain. Source reviewed from https://archive.org/download/currenteventsinl00gaeb/currenteventsinl00gaeb_djvu.txt.,Gaebelein Bible exposition and prophecy study resource. OCR text should be spot-checked before quotation.,data/library/verified/current-events-in-the-light-of-the-bible-gaebelein-arno-clemens-1861-1945.txt,68218,7.6,current events in the light of the bible|gaebelein arno clemens 1861 1945,1
151,Tier 2 - high-value study expansion,Commentary,1315,Synopsis of the books of the Bible,"Darby, J. N. (John Nelson), 1800-1882",2026,Commentaries,Darby Collection,https://archive.org/download/synopsisofbookso05darb/synopsisofbookso05darb_djvu.txt,https://archive.org/download/synopsisofbookso05darb/synopsisofbookso05darb_djvu.txt,verified,verified_allowed_public_domain,verified public domain. Source reviewed from https://archive.org/download/synopsisofbookso05darb/synopsisofbookso05darb_djvu.txt.,Darby Bible exposition or collected teaching for study and doctrinal review. OCR text should be spot-checked before quotation.,data/library/verified/synopsis-of-the-books-of-the-bible-darby-j-n-john-nelson-1800-1882.txt,199951,22.2,synopsis of the books of the bible|darby j n john nelson 1800 1882,1
152,Tier 2 - high-value study expansion,Commentary,1315,Synopsis of the books of the Bible,J. N. Darby,2026,Commentaries,J. N. Darby Collection,https://archive.org/download/synopsisofbookso01darb/synopsisofbookso01darb_djvu.txt,https://archive.org/download/synopsisofbookso01darb/synopsisofbookso01darb_djvu.txt,verified,verified_allowed_public_domain,verified public domain. Source reviewed from https://archive.org/download/synopsisofbookso01darb/synopsisofbookso01darb_djvu.txt.,"Darby public-domain Bible exposition or collected writing for historical comparison, with doctrinal discernment.",data/library/verified/synopsis-of-the-books-of-the-bible-j-n-darby.txt,211392,23.5,synopsis of the books of the bible|j n darby,1
153,Tier 2 - high-value study expansion,Commentary,1315,The Annotated Bible,A. C. Gaebelein,1921,Commentaries,A. C. Gaebelein Collection,https://archive.org/download/annotatedbible0004acga/annotatedbible0004acga_djvu.txt,https://archive.org/download/annotatedbible0004acga/annotatedbible0004acga_djvu.txt,verified,verified_allowed_public_domain,verified public domain. Source reviewed from https://archive.org/download/annotatedbible0004acga/annotatedbible0004acga_djvu.txt.,"Gaebelein public-domain-era prophecy or Bible exposition resource for study and teaching, with discernment labels.",data/library/verified/the-annotated-bible-a-c-gaebelein.txt,111542,12.4,the annotated bible|a c gaebelein,1
154,Tier 2 - high-value study expansion,Commentary,1315,the annotated bible : the holy scriptures analyzed and annotated,arno c. gaebelein,1913,Commentaries,Gaebelein Collection,https://archive.org/download/annotatedbibleho0001arno/annotatedbibleho0001arno_djvu.txt,https://archive.org/download/annotatedbibleho0001arno/annotatedbibleho0001arno_djvu.txt,verified,verified_allowed_public_domain,verified public domain. Source reviewed from https://archive.org/download/annotatedbibleho0001arno/annotatedbibleho0001arno_djvu.txt.,Gaebelein Bible exposition and prophecy study resource. OCR text should be spot-checked before quotation.,data/library/verified/the-annotated-bible-the-holy-scriptures-analyzed-and-annotated-arno-c-gaebelein.txt,142955,15.9,the annotated bible the holy scriptures analyzed and annotated|arno c gaebelein,1
155,Tier 2 - high-value study expansion,Commentary,1315,The annotated Bible : the Holy Scriptures analyzed and annotated.,"Gaebelein, Arno Clemens, 1861-1945",2026,Commentaries,Gaebelein Collection,https://archive.org/download/annotatedbibleho0000gaeb/annotatedbibleho0000gaeb_djvu.txt,https://archive.org/download/annotatedbibleho0000gaeb/annotatedbibleho0000gaeb_djvu.txt,verified,verified_allowed_public_domain,verified public domain. Source reviewed from https://archive.org/download/annotatedbibleho0000gaeb/annotatedbibleho0000gaeb_djvu.txt.,Gaebelein Bible exposition and prophecy study resource. OCR text should be spot-checked before quotation.,data/library/verified/the-annotated-bible-the-holy-scriptures-analyzed-and-annotated-gaebelein-arno-clemens-1861-1945-2.txt,105107,11.7,the annotated bible the holy scriptures analyzed and annotated|gaebelein arno clemens 1861 1945,1
156,Tier 2 - high-value study expansion,Commentary,1315,The annotated Bible; the Holy Scriptures analysed and annotated,"Gaebelein, Arno Clemens, 1861-1945",1921,Commentaries,Gaebelein Collection,https://archive.org/download/annotatedbibleho04gaeb/annotatedbibleho04gaeb_djvu.txt,https://archive.org/download/annotatedbibleho04gaeb/annotatedbibleho04gaeb_djvu.txt,verified,verified_allowed_public_domain,verified public domain. Source reviewed from https://archive.org/download/annotatedbibleho04gaeb/annotatedbibleho04gaeb_djvu.txt.,Gaebelein Bible exposition and prophecy study resource. OCR text should be spot-checked before quotation.,data/library/verified/the-annotated-bible-the-holy-scriptures-analysed-and-annotated-gaebelein-arno-clemens-1861-1945.txt,111687,12.4,the annotated bible the holy scriptures analysed and annotated|gaebelein arno clemens 1861 1945,1
157,Tier 2 - high-value study expansion,Commentary,1315,The annotated Bible; the Holy Scriptures analysed and annotated,A. C. Gaebelein,2026,Commentaries,A. C. Gaebelein Collection,https://archive.org/download/annotatedbibleho02gaeb/annotatedbibleho02gaeb_djvu.txt,https://archive.org/download/annotatedbibleho02gaeb/annotatedbibleho02gaeb_djvu.txt,verified,verified_allowed_public_domain,verified public domain. Source reviewed from https://archive.org/download/annotatedbibleho02gaeb/annotatedbibleho02gaeb_djvu.txt.,"Gaebelein public-domain-era prophecy or Bible exposition resource for study and teaching, with discernment labels.",data/library/verified/the-annotated-bible-the-holy-scriptures-analysed-and-annotated-a-c-gaebelein.txt,149156,16.6,the annotated bible the holy scriptures analysed and annotated|a c gaebelein,1
158,Tier 2 - high-value study expansion,Commentary,1315,The annotated Bible; the Holy Scriptures analyzed and annotated,A. C. Gaebelein,1915,Commentaries,A. C. Gaebelein Collection,https://archive.org/download/annotatedbible02gaeb/annotatedbible02gaeb_djvu.txt,https://archive.org/download/annotatedbible02gaeb/annotatedbible02gaeb_djvu.txt,verified,verified_allowed_public_domain,verified public domain. Source reviewed from https://archive.org/download/annotatedbible02gaeb/annotatedbible02gaeb_djvu.txt.,"Gaebelein public-domain-era prophecy or Bible exposition resource for study and teaching, with discernment labels.",data/library/verified/the-annotated-bible-the-holy-scriptures-analyzed-and-annotated-a-c-gaebelein.txt,149021,16.6,the annotated bible the holy scriptures analyzed and annotated|a c gaebelein,1
159,Tier 2 - high-value study expansion,Bible Study Reference,1315,The Expositor's Bible: Index,S. G. Ayres and Walter F. Adeney,2012,Bible study helps,Bible Study Essentials,https://www.gutenberg.org/ebooks/39819,https://www.gutenberg.org/ebooks/39819.txt.utf-8,verified,verified_allowed_with_project_gutenberg_terms,verified public domain. Source reviewed from https://www.gutenberg.org/ebooks/39819.,"Bible study help for background, doctrine, and teaching preparation.",data/library/verified/the-expositor-s-bible-index-s-g-ayres-and-walter-f-adeney.txt,96700,10.7,the expositor s bible index|s g ayres and walter f adeney,1
160,Tier 2 - high-value study expansion,Commentary,1315,The Gospel of John,"Gaebelein, Arno Clemens, 1861-1945",1925,Commentaries,Gaebelein Collection,https://archive.org/download/gospelofjohn00gaeb/gospelofjohn00gaeb_djvu.txt,https://archive.org/download/gospelofjohn00gaeb/gospelofjohn00gaeb_djvu.txt,verified,verified_allowed_public_domain,verified public domain. Source reviewed from https://archive.org/download/gospelofjohn00gaeb/gospelofjohn00gaeb_djvu.txt.,Gaebelein Bible exposition and prophecy study resource. OCR text should be spot-checked before quotation.,data/library/verified/the-gospel-of-john-gaebelein-arno-clemens-1861-1945.txt,171769,19.1,the gospel of john|gaebelein arno clemens 1861 1945,1
161,Tier 2 - high-value study expansion,Commentary,1315,The Gospel of John,A. C. Gaebelein,1928,Commentaries,A. C. Gaebelein Collection,https://archive.org/download/gospelofjohn0000gaeb/gospelofjohn0000gaeb_djvu.txt,https://archive.org/download/gospelofjohn0000gaeb/gospelofjohn0000gaeb_djvu.txt,verified,verified_allowed_public_domain,verified public domain. Source reviewed from https://archive.org/download/gospelofjohn0000gaeb/gospelofjohn0000gaeb_djvu.txt.,"Gaebelein public-domain-era prophecy or Bible exposition resource for study and teaching, with discernment labels.",data/library/verified/the-gospel-of-john-a-c-gaebelein.txt,178937,19.9,the gospel of john|a c gaebelein,1
162,Tier 2 - high-value study expansion,Commentary,1315,The Gospel of Matthew,A. C. Gaebelein,1910,Commentaries,A. C. Gaebelein Collection,https://archive.org/download/gospelofmatthew0012acga/gospelofmatthew0012acga_djvu.txt,https://archive.org/download/gospelofmatthew0012acga/gospelofmatthew0012acga_djvu.txt,verified,verified_allowed_public_domain,verified public domain. Source reviewed from https://archive.org/download/gospelofmatthew0012acga/gospelofmatthew0012acga_djvu.txt.,"Gaebelein public-domain-era prophecy or Bible exposition resource for study and teaching, with discernment labels.",data/library/verified/the-gospel-of-matthew-a-c-gaebelein.txt,204675,22.7,the gospel of matthew|a c gaebelein,1
163,Tier 2 - high-value study expansion,Commentary,1315,The Revelation of Christ to His Servants,F. W. Grant,1800,Commentaries,F. W. Grant Collection,https://archive.org/download/revelationofchri00granrich/revelationofchri00granrich_djvu.txt,https://archive.org/download/revelationofchri00granrich/revelationofchri00granrich_djvu.txt,verified,verified_allowed_public_domain,"Internet Archive item revelationofchri00granrich lists possible copyright status NOT_IN_COPYRIGHT; metadata gives date [18--], creator F. W. Grant (1834-1902), and copyright evidence notes no visible copyright notice. Direct IA OCR text imported for beta readi",Historical exposition of Revelation for comparison and teaching prep; use with visible perspective notes.,data/library/verified/the-revelation-of-christ-to-his-servants-f-w-grant.txt,167854,18.7,the revelation of christ to his servants|f w grant,1
164,Tier 2 - high-value study expansion,Bible Study Reference,1310,Confessions of an Inquiring Spirit and Some Miscellaneous Pieces,"Coleridge, Samuel Taylor and Morley, Henry",2001,Bible study helps,Bible Study Essentials,https://www.gutenberg.org/ebooks/2575,https://www.gutenberg.org/ebooks/2575.txt.utf-8,verified,verified_allowed_with_project_gutenberg_terms,verified public domain. Source reviewed from https://www.gutenberg.org/ebooks/2575.,"Bible study help for background, doctrine, textual issues, and teaching preparation.",data/library/verified/confessions-of-an-inquiring-spirit-and-some-miscellaneous-pieces-coleridge-samuel-taylor-and-morley-henry.txt,43465,4.8,confessions of an inquiring spirit and some miscellaneous pieces|coleridge samuel taylor and morley henry,1
165,Tier 2 - high-value study expansion,Commentary,1310,"DEATH AND AFTERWARDS: For the Christian, For the Christless, Spirit, Soul & Body",Harry A. Ironside Litt. D.,2026,Commentaries,Ironside Collection,https://archive.org/download/deathafterwardsf0000harr/deathafterwardsf0000harr_djvu.txt,https://archive.org/download/deathafterwardsf0000harr/deathafterwardsf0000harr_djvu.txt,verified,verified_allowed_public_domain,verified public domain. Source reviewed from https://archive.org/download/deathafterwardsf0000harr/deathafterwardsf0000harr_djvu.txt.,Ironside exposition or Christian living resource for Bible study and teaching preparation. OCR text should be spot-checked before quotation.,data/library/verified/death-and-afterwards-for-the-christian-for-the-christless-spirit-soul-and-body-harry-a-ironside-litt-d.txt,12886,1.4,death and afterwards for the christian for the christless spirit soul body|harry a ironside litt d,1
166,Tier 2 - high-value study expansion,Bible Study Reference,1310,Smith's Comprehensive Dictionary of the Bible,"William Smith; Samuel W. Barnum, editor",1901,Dictionaries,Dictionaries,https://www.loc.gov/item/02000664/,https://archive.org/download/SmithWMAComprehensiveDictionaryOfTheBible1868/Smith%20W%20M%20-%20A%20Comprehensive%20Dictionary%20of%20the%20Bible%201868_djvu.txt,verified,verified_allowed_public_domain_loc,Library of Congress rights statement says books in this collection are in the public domain and free to use and reuse; OCR text is from the public-domain Internet Archive scan of the same Smith dictionary family.,"Bible people, places, customs, and historical dictionary lookup.",data/library/verified/smiths-comprehensive-dictionary-of-the-bible.txt,1420155,157.8,smith s comprehensive dictionary of the bible|william smith samuel w barnum editor,1
167,Tier 2 - high-value study expansion,Bible Study Reference,1310,The Fundamental Doctrines of the Christian Faith,R. A. Torrey,1918,Bible study helps,Bible study helps,https://www.gutenberg.org/ebooks/52648,https://www.gutenberg.org/ebooks/52648.txt.utf-8,verified,verified_allowed_with_project_gutenberg_terms,Project Gutenberg catalog page reports public domain in the USA. Retain source/license notes for redistributed Project Gutenberg files.,"Bible study help for background, word study, doctrine, and teaching preparation.",data/library/verified/the-fundamental-doctrines-of-the-christian-faith.txt,86785,9.6,the fundamental doctrines of the christian faith|r a torrey,1
168,Tier 2 - high-value study expansion,Commentary,1305,"An Amicable Controversy with a Jewish Rabbi, on The Messiah's Coming: With an Entirely New Exposition of Zechariah, on the Messiah's Kingdom","Park, John Ranicar",2010,Commentaries,Commentary,https://www.gutenberg.org/ebooks/34201,https://www.gutenberg.org/ebooks/34201.txt.utf-8,verified,verified_allowed_with_project_gutenberg_terms,verified public domain. Source reviewed from https://www.gutenberg.org/ebooks/34201.,Public-domain commentary or exposition for secondary study after reading Scripture.,data/library/verified/an-amicable-controversy-with-a-jewish-rabbi-on-the-messiah-s-coming-with-an-entirely-new-exposition-of-zechari.txt,38688,4.3,an amicable controversy with a jewish rabbi on the messiah s coming with an entirely new exposition of zechariah on the messiah s kingdom|park john ranicar,1
169,Tier 2 - high-value study expansion,Commentary,1305,Exposition of the Apostles' Creed,"Dodds, James",2004,Commentaries,Commentary,https://www.gutenberg.org/ebooks/13652,https://www.gutenberg.org/ebooks/13652.txt.utf-8,verified,verified_allowed_with_project_gutenberg_terms,verified public domain. Source reviewed from https://www.gutenberg.org/ebooks/13652.,Public-domain commentary or exposition for secondary study after reading Scripture.,data/library/verified/exposition-of-the-apostles-creed-dodds-james.txt,36191,4.0,exposition of the apostles creed|dodds james,1
170,Tier 2 - high-value study expansion,Christian Book,1305,Expository Preaching: Plans and Methods,F. B. Meyer,1912,Preaching & Teaching,F. B. Meyer Collection,https://archive.org/download/bwb_P7-EEC-931/bwb_P7-EEC-931_djvu.txt,https://archive.org/download/bwb_P7-EEC-931/bwb_P7-EEC-931_djvu.txt,verified,verified_allowed_public_domain,"Published in 1912, before the current U.S. public-domain cutoff for 2026. Direct Internet Archive OCR text from item bwb_P7-EEC-931 imported with source-edition review and OCR spot-check labels.","Preaching method resource for lesson preparation, sermon planning, and teaching workflow.",data/library/verified/expository-preaching-plans-and-methods-f-b-meyer.txt,36329,4.0,expository preaching plans and methods|f b meyer,1
171,Tier 2 - high-value study expansion,Commentary,1305,The Hart and the Water-Brooks: a practical exposition of the forty-second Psalm.,"Macduff, John R. (John Ross)",2013,Commentaries,Commentary,https://www.gutenberg.org/ebooks/42360,https://www.gutenberg.org/ebooks/42360.txt.utf-8,verified,verified_allowed_with_project_gutenberg_terms,verified public domain. Source reviewed from https://www.gutenberg.org/ebooks/42360.,Public-domain commentary or exposition for secondary study after reading Scripture.,data/library/verified/the-hart-and-the-water-brooks-a-practical-exposition-of-the-forty-second-psalm-macduff-john-r-john-ross.txt,44214,4.9,the hart and the water brooks a practical exposition of the forty second psalm|macduff john r john ross,1
172,Tier 2 - high-value study expansion,Bible Study Reference,1300,A Biblical and Theological Dictionary,Richard Watson,2017,Dictionaries,Dictionaries,https://www.gutenberg.org/ebooks/53884,https://www.gutenberg.org/ebooks/53884.txt.utf-8,verified,verified_allowed_with_project_gutenberg_terms,Verified. Source reviewed from https://www.gutenberg.org/ebooks/53884.,Public-domain Bible dictionary and theological reference.,data/library/verified/a-biblical-and-theological-dictionary-richard-watson.txt,1054504,117.2,a biblical and theological dictionary|richard watson,1
173,Tier 2 - high-value study expansion,Bible Study Reference,1300,A Greek-English Lexicon to the New Testament,William Greenfield,2012,Dictionaries,Dictionaries,https://www.gutenberg.org/ebooks/40935,https://www.gutenberg.org/ebooks/40935.txt.utf-8,verified,verified_allowed_with_project_gutenberg_terms,Verified. Source reviewed from https://www.gutenberg.org/ebooks/40935.,Public-domain New Testament lexicon reference.,data/library/verified/a-greek-english-lexicon-to-the-new-testament-william-greenfield.txt,135971,15.1,a greek english lexicon to the new testament|william greenfield,1
174,Tier 2 - high-value study expansion,Commentary,1300,Christ in the heart : and other sermons,Alexander Maclaren,2026,Commentaries,Alexander Maclaren Collection,https://archive.org/download/christinheartoth00macl/christinheartoth00macl_djvu.txt,https://archive.org/download/christinheartoth00macl/christinheartoth00macl_djvu.txt,verified,verified_allowed_public_domain,verified public domain. Source reviewed from https://archive.org/download/christinheartoth00macl/christinheartoth00macl_djvu.txt.,Alexander Maclaren public-domain exposition for devotional commentary comparison and sermon preparation.,data/library/verified/christ-in-the-heart-and-other-sermons-alexander-maclaren.txt,88424,9.8,christ in the heart and other sermons|alexander maclaren,1
175,Tier 2 - high-value study expansion,Commentary,1300,Christ's musts : and other sermons,Alexander Maclaren,2026,Commentaries,Alexander Maclaren Collection,https://archive.org/download/christsmustsothe00macl/christsmustsothe00macl_djvu.txt,https://archive.org/download/christsmustsothe00macl/christsmustsothe00macl_djvu.txt,verified,verified_allowed_public_domain,verified public domain. Source reviewed from https://archive.org/download/christsmustsothe00macl/christsmustsothe00macl_djvu.txt.,Alexander Maclaren public-domain exposition for devotional commentary comparison and sermon preparation.,data/library/verified/christ-s-musts-and-other-sermons-alexander-maclaren.txt,88240,9.8,christ s musts and other sermons|alexander maclaren,1
176,Tier 2 - high-value study expansion,Commentary,1300,Christianity or religion? A study of the origin and growth of religion and the supernaturalism of Christianity,"Gaebelein, Arno Clemens, 1861-1945",1927,Commentaries,Gaebelein Collection,https://archive.org/download/christianityorre00gaeb/christianityorre00gaeb_djvu.txt,https://archive.org/download/christianityorre00gaeb/christianityorre00gaeb_djvu.txt,verified,verified_allowed_public_domain,verified public domain. Source reviewed from https://archive.org/download/christianityorre00gaeb/christianityorre00gaeb_djvu.txt.,Gaebelein Bible exposition and prophecy study resource. OCR text should be spot-checked before quotation.,data/library/verified/christianity-or-religion-a-study-of-the-origin-and-growth-of-religion-and-the-supernaturalism-of-christianity-.txt,51284,5.7,christianity or religion a study of the origin and growth of religion and the supernaturalism of christianity|gaebelein arno clemens 1861 1945,1
177,Tier 2 - high-value study expansion,Bible Study Reference,1300,Pleasure & Profit in Bible Study,D. L. Moody,1895,Bible study helps,Bible study helps,https://www.gutenberg.org/ebooks/36655,https://www.gutenberg.org/ebooks/36655.txt.utf-8,verified,verified_allowed_with_project_gutenberg_terms,Project Gutenberg catalog page reports public domain in the USA. Retain source/license notes for redistributed Project Gutenberg files.,Start-here resource for new believers learning to read Scripture.,data/library/verified/pleasure-profit-in-bible-study.txt,34552,3.8,pleasure profit in bible study|d l moody,1
178,Tier 2 - high-value study expansion,Commentary,1300,"Spiritual law in the natural world : an attempt to develop, according to Scripture-truth, the interpretation of nature",F. W. Grant,1891,Commentaries,F. W. Grant Collection,https://archive.org/download/spirituallawinna00gran/spirituallawinna00gran_djvu.txt,https://archive.org/download/spirituallawinna00gran/spirituallawinna00gran_djvu.txt,verified,verified_allowed_public_domain,verified public domain. Source reviewed from https://archive.org/download/spirituallawinna00gran/spirituallawinna00gran_djvu.txt.,"F. W. Grant public-domain exposition for Bible study comparison, with perspective labels.",data/library/verified/spiritual-law-in-the-natural-world-an-attempt-to-develop-according-to-scripture-truth-the-interpretation-of-na.txt,50697,5.6,spiritual law in the natural world an attempt to develop according to scripture truth the interpretation of nature|f w grant,1
179,Tier 2 - high-value study expansion,Bible Study Reference,1300,Studies in the Life and Teachings of Our Lord,R. A. Torrey,1909,Bible study helps,R. A. Torrey Collection,https://archive.org/download/studiesinlifetea00torr/studiesinlifetea00torr_djvu.txt,https://archive.org/download/studiesinlifetea00torr/studiesinlifetea00torr_djvu.txt,verified,verified_allowed_public_domain,Internet Archive item studiesinlifetea00torr lists possible copyright status NOT_IN_COPYRIGHT. Direct IA OCR text imported for beta reading with use-with-discernment and OCR spot-check labels.,"Life of Christ study resource for Gospel reading paths, teaching preparation, and sermon study.",data/library/verified/studies-in-the-life-and-teachings-of-our-lord-r-a-torrey.txt,200148,22.2,studies in the life and teachings of our lord|r a torrey,1
180,Tier 2 - high-value study expansion,Bible Study Reference,1300,The American Church Dictionary and Cyclopedia,William James 1850- Miller,2010,Dictionaries,Bible Dictionaries,https://www.gutenberg.org/ebooks/30888,https://www.gutenberg.org/ebooks/30888.txt.utf-8,verified,verified_allowed_with_project_gutenberg_terms,verified public domain. Source reviewed from https://www.gutenberg.org/ebooks/30888.,"Reference work for definitions, places, names, or historical background.",data/library/verified/the-american-church-dictionary-and-cyclopedia-william-james-1850-miller.txt,77129,8.6,the american church dictionary and cyclopedia|william james 1850 miller,1
181,Tier 2 - high-value study expansion,Commentary,1300,The Christ we know : meditations on the person and glory of our Lord Jesus Christ,"Gaebelein, Arno Clemens, 1861-1945",1927,Commentaries,Gaebelein Collection,https://archive.org/download/christweknowmedi00gaeb/christweknowmedi00gaeb_djvu.txt,https://archive.org/download/christweknowmedi00gaeb/christweknowmedi00gaeb_djvu.txt,verified,verified_allowed_public_domain,verified public domain. Source reviewed from https://archive.org/download/christweknowmedi00gaeb/christweknowmedi00gaeb_djvu.txt.,Gaebelein Bible exposition and prophecy study resource. OCR text should be spot-checked before quotation.,data/library/verified/the-christ-we-know-meditations-on-the-person-and-glory-of-our-lord-jesus-christ-gaebelein-arno-clemens-1861-19.txt,40870,4.5,the christ we know meditations on the person and glory of our lord jesus christ|gaebelein arno clemens 1861 1945,1
182,Tier 2 - high-value study expansion,Commentary,1300,The healing question; an examination of the claims of faith-healing and divine healing systems in the lights of the Scriptures and history,"Gaebelein, Arno Clemens, 1861-1945",1925,Commentaries,Gaebelein Collection,https://archive.org/download/healingquestione00gaeb/healingquestione00gaeb_djvu.txt,https://archive.org/download/healingquestione00gaeb/healingquestione00gaeb_djvu.txt,verified,verified_allowed_public_domain,verified public domain. Source reviewed from https://archive.org/download/healingquestione00gaeb/healingquestione00gaeb_djvu.txt.,Gaebelein Bible exposition and prophecy study resource. OCR text should be spot-checked before quotation.,data/library/verified/the-healing-question-an-examination-of-the-claims-of-faith-healing-and-divine-healing-systems-in-the-lights-of.txt,42203,4.7,the healing question an examination of the claims of faith healing and divine healing systems in the lights of the scriptures and history|gaebelein arno clemens 1861 1945,1
183,Tier 2 - high-value study expansion,Commentary,1300,"The Holy of Holies : sermons on the fourteenth, fifteenth and sixteenth chapters of the Gospel of John",Alexander Maclaren,2026,Commentaries,Alexander Maclaren Collection,https://archive.org/download/holyofholiesserm00macl/holyofholiesserm00macl_djvu.txt,https://archive.org/download/holyofholiesserm00macl/holyofholiesserm00macl_djvu.txt,verified,verified_allowed_public_domain,verified public domain. Source reviewed from https://archive.org/download/holyofholiesserm00macl/holyofholiesserm00macl_djvu.txt.,Alexander Maclaren public-domain exposition for devotional commentary comparison and sermon preparation.,data/library/verified/the-holy-of-holies-sermons-on-the-fourteenth-fifteenth-and-sixteenth-chapters-of-the-gospel-of-john-alexander-.txt,114977,12.8,the holy of holies sermons on the fourteenth fifteenth and sixteenth chapters of the gospel of john|alexander maclaren,1
184,Tier 2 - high-value study expansion,Commentary,1300,"The Holy Spirit in the New Testament : an exegetical examination of every New Testament reference to the Spirit of God ; a text book for seminaries, Bible institutes and all Christian workers and Bible students","Gaebelein, Arno Clemens, 1861-1945",2026,Commentaries,Gaebelein Collection,https://archive.org/download/holyspiritinnewt0000gaeb/holyspiritinnewt0000gaeb_djvu.txt,https://archive.org/download/holyspiritinnewt0000gaeb/holyspiritinnewt0000gaeb_djvu.txt,verified,verified_allowed_public_domain,verified public domain. Source reviewed from https://archive.org/download/holyspiritinnewt0000gaeb/holyspiritinnewt0000gaeb_djvu.txt.,Gaebelein Bible exposition and prophecy study resource. OCR text should be spot-checked before quotation.,data/library/verified/the-holy-spirit-in-the-new-testament-an-exegetical-examination-of-every-new-testament-reference-to-the-spirit-.txt,32188,3.6,the holy spirit in the new testament an exegetical examination of every new testament reference to the spirit of god a text book for seminaries bible institutes and all christian workers and bible students|gaebelein arno clemens 1861 1945,1
185,Tier 2 - high-value study expansion,Commentary,1300,The return of the Lord : what the New Testament teaches about the second coming of Christ. An examination of the leading passages in the New Testament dealing with His return,"Gaebelein, Arno Clemens, 1861-1945",1925,Commentaries,Gaebelein Collection,https://archive.org/download/returnoflordwhat00gaeb/returnoflordwhat00gaeb_djvu.txt,https://archive.org/download/returnoflordwhat00gaeb/returnoflordwhat00gaeb_djvu.txt,verified,verified_allowed_public_domain,verified public domain. Source reviewed from https://archive.org/download/returnoflordwhat00gaeb/returnoflordwhat00gaeb_djvu.txt.,Gaebelein Bible exposition and prophecy study resource. OCR text should be spot-checked before quotation.,data/library/verified/the-return-of-the-lord-what-the-new-testament-teaches-about-the-second-coming-of-christ-an-examination-of-the-.txt,40110,4.5,the return of the lord what the new testament teaches about the second coming of christ an examination of the leading passages in the new testament dealing with his return|gaebelein arno clemens 1861 1945,1
186,Tier 2 - high-value study expansion,Commentary,1295,"The Treasury of David, Volume 1",C. H. Spurgeon,1881,Commentaries,Spurgeon Collection,https://archive.org/download/thetreasuryofdav01spuruoft/thetreasuryofdav01spuruoft_djvu.txt,https://archive.org/download/thetreasuryofdav01spuruoft/thetreasuryofdav01spuruoft_djvu.txt,verified,verified_allowed_public_domain,Internet Archive item thetreasuryofdav01spuruoft lists public-domain or NOT_IN_COPYRIGHT status. Direct IA OCR text imported for beta reading with use-with-discernment and OCR spot-check labels.,"Psalms exposition and devotional commentary for teaching, preaching, and Scripture meditation.",data/library/verified/the-treasury-of-david-volume-1-c-h-spurgeon.txt,370451,41.2,the treasury of david|c h spurgeon,1
187,Tier 2 - high-value study expansion,Christian Book,1295,"Twelve soul-winning sermons, delivered at the Metropolitan Tabernacle","Spurgeon, C. H. (Charles Haddon), 1834-1892",2026,Preaching & Teaching,Spurgeon Collection,https://archive.org/download/twelvesoulwinnin00spur/twelvesoulwinnin00spur_djvu.txt,https://archive.org/download/twelvesoulwinnin00spur/twelvesoulwinnin00spur_djvu.txt,verified,verified_allowed_public_domain,verified public domain. Source reviewed from https://archive.org/download/twelvesoulwinnin00spur/twelvesoulwinnin00spur_djvu.txt.,"Spurgeon preaching, devotional, and teaching resource for sermon preparation and Christian living. OCR text should be spot-checked before quotation.",data/library/verified/twelve-soul-winning-sermons-delivered-at-the-metropolitan-tabernacle-spurgeon-c-h-charles-haddon-1834-1892.txt,91395,10.2,twelve soul winning sermons delivered at the metropolitan tabernacle|spurgeon c h charles haddon 1834 1892,1
188,Tier 2 - high-value study expansion,Commentary,1290,A manual of the book of Psalms,"Luther, Martin and Cole, Henry",2025,Commentaries,Commentary,https://www.gutenberg.org/ebooks/75892,https://www.gutenberg.org/ebooks/75892.txt.utf-8,verified,verified_allowed_with_project_gutenberg_terms,verified public domain. Source reviewed from https://www.gutenberg.org/ebooks/75892.,Public-domain commentary or exposition for secondary study after reading Scripture.,data/library/verified/a-manual-of-the-book-of-psalms-luther-martin-and-cole-henry.txt,103652,11.5,a manual of the book of psalms|luther martin and cole henry,1
189,Tier 2 - high-value study expansion,Commentary,1290,"Epistle Sermons, Vol. 2: Epiphany, Easter and Pentecost",Martin Luther and John Nicholas Lenker,2009,Commentaries,Commentary,https://www.gutenberg.org/ebooks/28464,https://www.gutenberg.org/ebooks/28464.txt.utf-8,verified,verified_allowed_with_project_gutenberg_terms,verified public domain. Source reviewed from https://www.gutenberg.org/ebooks/28464.,Public-domain commentary or exposition for secondary study after reading Scripture.,data/library/verified/epistle-sermons-vol-2-epiphany-easter-and-pentecost-martin-luther-and-john-nicholas-lenker.txt,118556,13.2,epistle sermons epiphany easter and pentecost|martin luther and john nicholas lenker,1
190,Tier 2 - high-value study expansion,Commentary,1290,"Epistle Sermons, Vol. 3: Trinity Sunday to Advent",Martin Luther and John Nicholas Lenker,2009,Commentaries,Commentary,https://www.gutenberg.org/ebooks/30619,https://www.gutenberg.org/ebooks/30619.txt.utf-8,verified,verified_allowed_with_project_gutenberg_terms,verified public domain. Source reviewed from https://www.gutenberg.org/ebooks/30619.,Public-domain commentary or exposition for secondary study after reading Scripture.,data/library/verified/epistle-sermons-vol-3-trinity-sunday-to-advent-martin-luther-and-john-nicholas-lenker.txt,136017,15.1,epistle sermons trinity sunday to advent|martin luther and john nicholas lenker,1
191,Tier 2 - high-value study expansion,Bible Study Reference,1290,Nave's Topical Bible,Orville J. Nave,1903,Topical Bible,Topical Bible,https://openlibrary.org/books/OL7245590M/Nave%E2%80%99s_Topical_Bible_A_Digest_Of_The_Holy_Scriptures,https://archive.org/download/topicalbibledige00naveuoft/topicalbibledige00naveuoft_djvu.txt,verified,verified_allowed_public_domain_pre_1931,Open Library/Internet Archive record identifies a 1903 edition with plain text; the edition is public-domain by publication date in the United States.,"Topic study, verse chains, and teaching preparation.",data/library/verified/naves-topical-bible.txt,1659391,184.4,nave s topical bible|orville j nave,1
192,Tier 2 - high-value study expansion,Commentary,1290,Sermons Preached at Brighton Third Series,Frederick William Robertson,2005,Commentaries,Commentary,https://www.gutenberg.org/ebooks/16645,https://www.gutenberg.org/ebooks/16645.txt.utf-8,verified,verified_allowed_with_project_gutenberg_terms,verified public domain. Source reviewed from https://www.gutenberg.org/ebooks/16645.,Public-domain commentary or exposition for secondary study after reading Scripture.,data/library/verified/sermons-preached-at-brighton-third-series-frederick-william-robertson.txt,91955,10.2,sermons preached at brighton third series|frederick william robertson,1
193,Tier 2 - high-value study expansion,Commentary,1290,Studies in Zechariah,"Gaebelein, Arno Clemens",2011,Commentaries,Commentary,https://www.gutenberg.org/ebooks/36216,https://www.gutenberg.org/ebooks/36216.txt.utf-8,verified,verified_allowed_with_project_gutenberg_terms,verified public domain. Source reviewed from https://www.gutenberg.org/ebooks/36216.,Public-domain commentary or exposition for secondary study after reading Scripture.,data/library/verified/studies-in-zechariah-gaebelein-arno-clemens.txt,52673,5.9,studies in zechariah|gaebelein arno clemens,1
194,Tier 2 - high-value study expansion,Commentary,1290,The Epistles of St. Peter and St. Jude Preached and Explained,"Luther, Martin and Gillett, E. H. (Ezra Hall)",2009,Commentaries,Commentary,https://www.gutenberg.org/ebooks/29678,https://www.gutenberg.org/ebooks/29678.txt.utf-8,verified,verified_allowed_with_project_gutenberg_terms,verified public domain. Source reviewed from https://www.gutenberg.org/ebooks/29678.,Public-domain commentary or exposition for secondary study after reading Scripture.,data/library/verified/the-epistles-of-st-peter-and-st-jude-preached-and-explained-luther-martin-and-gillett-e-h-ezra-hall.txt,87850,9.8,the epistles of st peter and st jude preached and explained|luther martin and gillett e h ezra hall,1
195,Tier 2 - high-value study expansion,Bible Study Reference,1290,The Harmony of the Prophetic Word,Arno C. Gaebelein,1907,Bible study helps,Gaebelein Collection,https://archive.org/download/harmonypropheti00gaebgoog/harmonypropheti00gaebgoog_djvu.txt,https://archive.org/download/harmonypropheti00gaebgoog/harmonypropheti00gaebgoog_djvu.txt,verified,verified_allowed_public_domain,verified public domain. Source reviewed from https://archive.org/download/harmonypropheti00gaebgoog/harmonypropheti00gaebgoog_djvu.txt.,Gaebelein prophetic Bible study help for Old Testament prophecy connections. OCR text should be spot-checked before quotation or public teaching use.,data/library/verified/the-harmony-of-the-prophetic-word-arno-c-gaebelein.txt,56651,6.3,the harmony of the prophetic word|arno c gaebelein,1
196,Tier 2 - high-value study expansion,Commentary,1290,The prophete Ionas with an introduccion: before teachinge to vnderstonde him and the right vse also of all the scripture/ and why it was written/ and,"Tyndale, William",2008,Commentaries,Commentary,https://www.gutenberg.org/ebooks/24890,https://www.gutenberg.org/ebooks/24890.txt.utf-8,verified,verified_allowed_with_project_gutenberg_terms,verified public domain. Source reviewed from https://www.gutenberg.org/ebooks/24890.,Public-domain commentary or exposition for secondary study after reading Scripture.,data/library/verified/the-prophete-ionas-with-an-introduccion-before-teachinge-to-vnderstonde-him-and-the-right-vse-also-of-all-the-.txt,9603,1.1,the prophete ionas with an introduccion before teachinge to vnderstonde him and the right vse also of all the scripture and why it was written and|tyndale william,1
197,Tier 2 - high-value study expansion,Bible Study Reference,1285,Chapters of Bible Study: A Popular Introduction to the Study of the Sacred Scriptures,"Heuser, Herman J. (Herman Joseph)",2011,Bible study helps,Bible Study Essentials,https://www.gutenberg.org/ebooks/35682,https://www.gutenberg.org/ebooks/35682.txt.utf-8,verified,verified_allowed_with_project_gutenberg_terms,verified public domain. Source reviewed from https://www.gutenberg.org/ebooks/35682.,"Bible study help for background, doctrine, textual issues, and teaching preparation.",data/library/verified/chapters-of-bible-study-a-popular-introduction-to-the-study-of-the-sacred-scriptures-heuser-herman-j-herman-jo.txt,45768,5.1,chapters of bible study a popular introduction to the study of the sacred scriptures|heuser herman j herman joseph,1
198,Tier 2 - high-value study expansion,Bible Study Reference,1285,"Christianity and Greek Philosophy: or, the relation between spontaneous and reflective thought in Greece and the positive teaching of Christ and His A","Cocker, B. F. (Benjamin Franklin)",2008,Bible study helps,Bible Study Essentials,https://www.gutenberg.org/ebooks/27571,https://www.gutenberg.org/ebooks/27571.txt.utf-8,verified,verified_allowed_with_project_gutenberg_terms,verified public domain. Source reviewed from https://www.gutenberg.org/ebooks/27571.,"Bible study help for background, doctrine, textual issues, and teaching preparation.",data/library/verified/christianity-and-greek-philosophy-or-the-relation-between-spontaneous-and-reflective-thought-in-greece-and-the.txt,187970,20.9,christianity and greek philosophy or the relation between spontaneous and reflective thought in greece and the positive teaching of christ and his a|cocker b f benjamin franklin,1
199,Tier 2 - high-value study expansion,Bible Study Reference,1285,The Church Handy Dictionary,Anonymous,2010,Dictionaries,Bible Dictionaries,https://www.gutenberg.org/ebooks/31165,https://www.gutenberg.org/ebooks/31165.txt.utf-8,verified,verified_allowed_with_project_gutenberg_terms,verified public domain. Source reviewed from https://www.gutenberg.org/ebooks/31165.,"Reference work for definitions, places, names, or historical background.",data/library/verified/the-church-handy-dictionary-anonymous.txt,50738,5.6,the church handy dictionary|anonymous,1
200,Tier 2 - high-value study expansion,Commentary,1285,The conquering Christ : and other sermons,Alexander Maclaren,2026,Commentaries,Alexander Maclaren Collection,https://archive.org/download/conqueringchrist00macl/conqueringchrist00macl_djvu.txt,https://archive.org/download/conqueringchrist00macl/conqueringchrist00macl_djvu.txt,verified,verified_allowed_public_domain,verified public domain. Source reviewed from https://archive.org/download/conqueringchrist00macl/conqueringchrist00macl_djvu.txt.,Alexander Maclaren public-domain exposition for devotional commentary comparison and sermon preparation.,data/library/verified/the-conquering-christ-and-other-sermons-alexander-maclaren.txt,54093,6.0,the conquering christ and other sermons|alexander maclaren,1
201,Tier 2 - high-value study expansion,Bible Study Reference,1285,Traits and tracts of Torrey : a fresh appreciation of a great man and teacher,"Torrey, R. A. (Reuben Archer), 1856-1928",1917,Bible study helps,Torrey Collection,https://archive.org/download/traitstractsofto0000torr/traitstractsofto0000torr_djvu.txt,https://archive.org/download/traitstractsofto0000torr/traitstractsofto0000torr_djvu.txt,verified,verified_allowed_public_domain,verified public domain. Source reviewed from https://archive.org/download/traitstractsofto0000torr/traitstractsofto0000torr_djvu.txt.,"R. A. Torrey Bible study, evangelism, and prayer resource for teachers and serious students. OCR text should be spot-checked before quotation.",data/library/verified/traits-and-tracts-of-torrey-a-fresh-appreciation-of-a-great-man-and-teacher-torrey-r-a-reuben-archer-1856-1928.txt,31553,3.5,traits and tracts of torrey a fresh appreciation of a great man and teacher|torrey r a reuben archer 1856 1928,1
202,Tier 2 - high-value study expansion,Bible Study Reference,1280,Bible Atlas: A Manual of Biblical Geography and History,Jesse Lyman Hurlbut and John Heyl Vincent,2012,Bible Handbooks,Bible Handbooks,https://www.gutenberg.org/ebooks/41140,https://www.gutenberg.org/ebooks/41140.txt.utf-8,verified,verified_allowed_with_project_gutenberg_terms,verified public domain. Source reviewed from https://www.gutenberg.org/ebooks/41140.,"Book background, Bible geography, or chapter survey help for study preparation.",data/library/verified/bible-atlas-a-manual-of-biblical-geography-and-history-jesse-lyman-hurlbut-and-john-heyl-vincent.txt,90772,10.1,bible atlas a manual of biblical geography and history|jesse lyman hurlbut and john heyl vincent,1
203,Tier 2 - high-value study expansion,Christian Book,1280,Trumpet calls to Christian energy : being a collection of sermons preached on Sunday and Thursday evenings at the Metropolitan Tabernacle / by C.H. Spurgeon,"Spurgeon, C. H. (Charles Haddon), 1834-1892",2026,Preaching & Teaching,Spurgeon Collection,https://archive.org/download/trumpetcallstoch00spur/trumpetcallstoch00spur_djvu.txt,https://archive.org/download/trumpetcallstoch00spur/trumpetcallstoch00spur_djvu.txt,verified,verified_allowed_public_domain,verified public domain. Source reviewed from https://archive.org/download/trumpetcallstoch00spur/trumpetcallstoch00spur_djvu.txt.,"Spurgeon preaching, devotional, and teaching resource for sermon preparation and Christian living. OCR text should be spot-checked before quotation.",data/library/verified/trumpet-calls-to-christian-energy-being-a-collection-of-sermons-preached-on-sunday-and-thursday-evenings-at-th.txt,112921,12.5,trumpet calls to christian energy being a collection of sermons preached on sunday and thursday evenings at the metropolitan tabernacle by c h spurgeon|spurgeon c h charles haddon 1834 1892,1
204,Tier 2 - high-value study expansion,Bible Study Reference,1275,A Bible History of Baptism,"Baird, Samuel J. (Samuel John)",2016,Bible study helps,Bible Study Essentials,https://www.gutenberg.org/ebooks/52917,https://www.gutenberg.org/ebooks/52917.txt.utf-8,verified,verified_allowed_with_project_gutenberg_terms,verified public domain. Source reviewed from https://www.gutenberg.org/ebooks/52917.,"Bible study help for background, doctrine, textual issues, and teaching preparation.",data/library/verified/a-bible-history-of-baptism-baird-samuel-j-samuel-john.txt,165003,18.3,a bible history of baptism|baird samuel j samuel john,1
205,Tier 2 - high-value study expansion,Commentary,1275,Notes on the book of Deuteronomy,C. H. Mackintosh,2026,Commentaries,C. H. Mackintosh Collection,https://archive.org/download/notesonbookofdeu02mack/notesonbookofdeu02mack_djvu.txt,https://archive.org/download/notesonbookofdeu02mack/notesonbookofdeu02mack_djvu.txt,verified,verified_allowed_public_domain,verified public domain. Source reviewed from https://archive.org/download/notesonbookofdeu02mack/notesonbookofdeu02mack_djvu.txt.,"C. H. Mackintosh public-domain Bible exposition for study and teaching, with perspective labels.",data/library/verified/notes-on-the-book-of-deuteronomy-c-h-mackintosh.txt,136017,15.1,notes on the book of deuteronomy|c h mackintosh,1
206,Tier 2 - high-value study expansion,Commentary,1275,Notes on the Book of Exodus,C. H. Mackintosh,2026,Commentaries,C. H. Mackintosh Collection,https://archive.org/download/notesonbookofexo00mack/notesonbookofexo00mack_djvu.txt,https://archive.org/download/notesonbookofexo00mack/notesonbookofexo00mack_djvu.txt,verified,verified_allowed_public_domain,verified public domain. Source reviewed from https://archive.org/download/notesonbookofexo00mack/notesonbookofexo00mack_djvu.txt.,"C. H. Mackintosh public-domain Bible exposition for study and teaching, with perspective labels.",data/library/verified/notes-on-the-book-of-exodus-c-h-mackintosh.txt,110092,12.2,notes on the book of exodus|c h mackintosh,1
207,Tier 2 - high-value study expansion,Commentary,1275,Notes on the book of Genesis,C. H. Mackintosh,2026,Commentaries,C. H. Mackintosh Collection,https://archive.org/download/notesonbookofgen00mackrich/notesonbookofgen00mackrich_djvu.txt,https://archive.org/download/notesonbookofgen00mackrich/notesonbookofgen00mackrich_djvu.txt,verified,verified_allowed_public_domain,verified public domain. Source reviewed from https://archive.org/download/notesonbookofgen00mackrich/notesonbookofgen00mackrich_djvu.txt.,"C. H. Mackintosh public-domain Bible exposition for study and teaching, with perspective labels.",data/library/verified/notes-on-the-book-of-genesis-c-h-mackintosh.txt,98647,11.0,notes on the book of genesis|c h mackintosh,1
208,Tier 2 - high-value study expansion,Commentary,1275,Notes on the book of Leviticus,C. H. Mackintosh,2026,Commentaries,C. H. Mackintosh Collection,https://archive.org/download/notesonbookoflev00mackrich/notesonbookoflev00mackrich_djvu.txt,https://archive.org/download/notesonbookoflev00mackrich/notesonbookoflev00mackrich_djvu.txt,verified,verified_allowed_public_domain,verified public domain. Source reviewed from https://archive.org/download/notesonbookoflev00mackrich/notesonbookoflev00mackrich_djvu.txt.,"C. H. Mackintosh public-domain Bible exposition for study and teaching, with perspective labels.",data/library/verified/notes-on-the-book-of-leviticus-c-h-mackintosh.txt,113538,12.6,notes on the book of leviticus|c h mackintosh,1
209,Tier 2 - high-value study expansion,Commentary,1275,Notes on the book of Numbers,C. H. Mackintosh,2026,Commentaries,C. H. Mackintosh Collection,https://archive.org/download/notesonbookofnum0000mack/notesonbookofnum0000mack_djvu.txt,https://archive.org/download/notesonbookofnum0000mack/notesonbookofnum0000mack_djvu.txt,verified,verified_allowed_public_domain,verified public domain. Source reviewed from https://archive.org/download/notesonbookofnum0000mack/notesonbookofnum0000mack_djvu.txt.,"C. H. Mackintosh public-domain Bible exposition for study and teaching, with perspective labels.",data/library/verified/notes-on-the-book-of-numbers-c-h-mackintosh.txt,134484,14.9,notes on the book of numbers|c h mackintosh,1
210,Tier 2 - high-value study expansion,Bible Study Reference,1270,Misread Passages of Scriptures,James Baldwin Brown,2010,Bible study helps,KJV / Textual Issues,https://www.gutenberg.org/ebooks/33515,https://www.gutenberg.org/ebooks/33515.txt.utf-8,verified,verified_allowed_with_project_gutenberg_terms,verified public domain. Source reviewed from https://www.gutenberg.org/ebooks/33515.,Historical Bible study or textual-issues resource; use for background with doctrinal care.,data/library/verified/misread-passages-of-scriptures-james-baldwin-brown.txt,47628,5.3,misread passages of scriptures|james baldwin brown,1
211,Tier 2 - high-value study expansion,Bible Study Reference,1270,"Names and places in the Old and New Testament and Apocrypha, with their modern identifications",George Armstrong and C. R. Conder,2024,Dictionaries,Bible Dictionaries,https://www.gutenberg.org/ebooks/73117,https://www.gutenberg.org/ebooks/73117.txt.utf-8,verified,verified_allowed_with_project_gutenberg_terms,verified public domain. Source reviewed from https://www.gutenberg.org/ebooks/73117.,"Reference work for definitions, places, names, or historical background.",data/library/verified/names-and-places-in-the-old-and-new-testament-and-apocrypha-with-their-modern-identifications-george-armstrong.txt,88808,9.9,names and places in the old and new testament and apocrypha with their modern identifications|george armstrong and c r conder,1
212,Tier 2 - high-value study expansion,Commentary,1270,Tried by Fire,F. B. Meyer,0,Commentaries,F. B. Meyer Collection,https://archive.org/download/triedbyfireexpos00meye/triedbyfireexpos00meye_djvu.txt,https://archive.org/download/triedbyfireexpos00meye/triedbyfireexpos00meye_djvu.txt,verified,verified_allowed_public_domain,verified public domain. Source reviewed from https://archive.org/download/triedbyfireexpos00meye/triedbyfireexpos00meye_djvu.txt.,Meyer expositions of First Peter for commentary comparison and Christian living application. OCR text should be spot-checked before quotation or public teaching use.,data/library/verified/tried-by-fire-f-b-meyer.txt,82277,9.1,tried by fire|f b meyer,1
213,Tier 2 - high-value study expansion,Bible Study Reference,1265,A Brief Bible History: A Survey of the Old and New Testaments,James Oscar Boyd and J. Gresham Machen,2013,Bible Handbooks,Bible Handbooks,https://www.gutenberg.org/ebooks/43533,https://www.gutenberg.org/ebooks/43533.txt.utf-8,verified,verified_allowed_with_project_gutenberg_terms,verified public domain. Source reviewed from https://www.gutenberg.org/ebooks/43533.,"Book background, Bible geography, or chapter survey help for study preparation.",data/library/verified/a-brief-bible-history-a-survey-of-the-old-and-new-testaments-james-oscar-boyd-and-j-gresham-machen.txt,48080,5.3,a brief bible history a survey of the old and new testaments|james oscar boyd and j gresham machen,1
214,Tier 2 - high-value study expansion,Commentary,1265,An Exposition of the Last Psalme,John Boys,2005,Commentaries,Commentary,https://www.gutenberg.org/ebooks/17273,https://www.gutenberg.org/ebooks/17273.txt.utf-8,verified,verified_allowed_with_project_gutenberg_terms,verified public domain. Source reviewed from https://www.gutenberg.org/ebooks/17273.,Public-domain commentary or exposition for secondary study after reading Scripture.,data/library/verified/an-exposition-of-the-last-psalme-john-boys.txt,10007,1.1,an exposition of the last psalme|john boys,1
215,Tier 2 - high-value study expansion,Bible Study Reference,1265,"How to be saved, and how to be lost ; the way of salvation and the way of condemnation made as plain as day","Torrey, R. A. (Reuben Archer), 1856-1928",1923,Bible study helps,Torrey Collection,https://archive.org/download/howtobesavedhowt00torr_0/howtobesavedhowt00torr_0_djvu.txt,https://archive.org/download/howtobesavedhowt00torr_0/howtobesavedhowt00torr_0_djvu.txt,verified,verified_allowed_public_domain,verified public domain. Source reviewed from https://archive.org/download/howtobesavedhowt00torr_0/howtobesavedhowt00torr_0_djvu.txt.,"R. A. Torrey Bible study, evangelism, and prayer resource for teachers and serious students. OCR text should be spot-checked before quotation.",data/library/verified/how-to-be-saved-and-how-to-be-lost-the-way-of-salvation-and-the-way-of-condemnation-made-as-plain-as-day-torre-2.txt,66729,7.4,how to be saved and how to be lost the way of salvation and the way of condemnation made as plain as day|torrey r a reuben archer 1856 1928,1
216,Tier 2 - high-value study expansion,Commentary,1265,Lectures introductory to the study of the Epistles of Paul the apostle,"Kelly, William, 1821-1906",2026,Commentaries,William Kelly Collection,https://archive.org/download/cu31924031183803/cu31924031183803_djvu.txt,https://archive.org/download/cu31924031183803/cu31924031183803_djvu.txt,verified,verified_allowed_public_domain,verified public domain. Source reviewed from https://archive.org/download/cu31924031183803/cu31924031183803_djvu.txt.,William Kelly Bible exposition for commentary comparison and teaching preparation. OCR text should be spot-checked before quotation.,data/library/verified/lectures-introductory-to-the-study-of-the-epistles-of-paul-the-apostle-kelly-william-1821-1906.txt,187272,20.8,lectures introductory to the study of the epistles of paul the apostle|kelly william 1821 1906,1
217,Tier 2 - high-value study expansion,Commentary,1265,Lectures introductory to the study of the Pentateuch,"Kelly, William, 1821-1906",2026,Commentaries,William Kelly Collection,https://archive.org/download/lecturesintrodu02kellgoog/lecturesintrodu02kellgoog_djvu.txt,https://archive.org/download/lecturesintrodu02kellgoog/lecturesintrodu02kellgoog_djvu.txt,verified,verified_allowed_public_domain,verified public domain. Source reviewed from https://archive.org/download/lecturesintrodu02kellgoog/lecturesintrodu02kellgoog_djvu.txt.,William Kelly Bible exposition for commentary comparison and teaching preparation. OCR text should be spot-checked before quotation.,data/library/verified/lectures-introductory-to-the-study-of-the-pentateuch-kelly-william-1821-1906.txt,192260,21.4,lectures introductory to the study of the pentateuch|kelly william 1821 1906,1
218,Tier 2 - high-value study expansion,Bible Study Reference,1265,Real salvation and whole-hearted service,"Torrey, R. A. (Reuben Archer), 1856-1928",1905,Bible study helps,Torrey Collection,https://archive.org/download/realsalvationwho00torr/realsalvationwho00torr_djvu.txt,https://archive.org/download/realsalvationwho00torr/realsalvationwho00torr_djvu.txt,verified,verified_allowed_public_domain,verified public domain. Source reviewed from https://archive.org/download/realsalvationwho00torr/realsalvationwho00torr_djvu.txt.,"R. A. Torrey Bible study, evangelism, and prayer resource for teachers and serious students. OCR text should be spot-checked before quotation.",data/library/verified/real-salvation-and-whole-hearted-service-torrey-r-a-reuben-archer-1856-1928.txt,84144,9.3,real salvation and whole hearted service|torrey r a reuben archer 1856 1928,1
219,Tier 2 - high-value study expansion,Bible Study Reference,1265,The Christ of the Bible,"Torrey, R. A. (Reuben Archer), 1856-1928",1924,Bible study helps,Torrey Collection,https://archive.org/download/christofbible00torr/christofbible00torr_djvu.txt,https://archive.org/download/christofbible00torr/christofbible00torr_djvu.txt,verified,verified_allowed_public_domain,verified public domain. Source reviewed from https://archive.org/download/christofbible00torr/christofbible00torr_djvu.txt.,"R. A. Torrey Bible study, evangelism, and prayer resource for teachers and serious students. OCR text should be spot-checked before quotation.",data/library/verified/the-christ-of-the-bible-torrey-r-a-reuben-archer-1856-1928.txt,78169,8.7,the christ of the bible|torrey r a reuben archer 1856 1928,1
220,Tier 2 - high-value study expansion,Bible Study Reference,1265,The Fundamental Doctrines of the Christian Faith,Reuben Archer Torrey,2026,Bible study helps,Torrey Collection,https://archive.org/download/fundamentaldoct00torrgoog/fundamentaldoct00torrgoog_djvu.txt,https://archive.org/download/fundamentaldoct00torrgoog/fundamentaldoct00torrgoog_djvu.txt,verified,verified_allowed_public_domain,verified public domain. Source reviewed from https://archive.org/download/fundamentaldoct00torrgoog/fundamentaldoct00torrgoog_djvu.txt.,"R. A. Torrey Bible study, evangelism, and prayer resource for teachers and serious students. OCR text should be spot-checked before quotation.",data/library/verified/the-fundamental-doctrines-of-the-christian-faith-reuben-archer-torrey.txt,88153,9.8,the fundamental doctrines of the christian faith|reuben archer torrey,1
221,Tier 2 - high-value study expansion,Bible Study Reference,1265,The fundamental doctrines of the Christian faith.,"Torrey, R. A. (Reuben Archer), 1856-1928",1918,Bible study helps,Torrey Collection,https://archive.org/download/fundamentaldoct01torrgoog/fundamentaldoct01torrgoog_djvu.txt,https://archive.org/download/fundamentaldoct01torrgoog/fundamentaldoct01torrgoog_djvu.txt,verified,verified_allowed_public_domain,verified public domain. Source reviewed from https://archive.org/download/fundamentaldoct01torrgoog/fundamentaldoct01torrgoog_djvu.txt.,"R. A. Torrey Bible study, evangelism, and prayer resource for teachers and serious students. OCR text should be spot-checked before quotation.",data/library/verified/the-fundamental-doctrines-of-the-christian-faith-torrey-r-a-reuben-archer-1856-1928.txt,86598,9.6,the fundamental doctrines of the christian faith|torrey r a reuben archer 1856 1928,1
222,Tier 2 - high-value study expansion,Commentary,1265,The Great Prophecies of Daniel,William Kelly,1897,Commentaries,William Kelly Collection,https://archive.org/download/greatprophecieso00kell/greatprophecieso00kell_djvu.txt,https://archive.org/download/greatprophecieso00kell/greatprophecieso00kell_djvu.txt,verified,verified_allowed_public_domain,verified public domain. Source reviewed from https://archive.org/download/greatprophecieso00kell/greatprophecieso00kell_djvu.txt.,"Kelly lectures on Daniel for prophecy study, teaching preparation, and commentary comparison. OCR text should be spot-checked before quotation or public teaching use.",data/library/verified/the-great-prophecies-of-daniel-william-kelly.txt,100234,11.1,the great prophecies of daniel|william kelly,1
223,Tier 2 - high-value study expansion,Bible Study Reference,1265,The person and work of the Holy Spirit as revealed in the Scriptures and in personal experience,"Torrey, R. A. (Reuben Archer), 1856-1928",1910,Bible study helps,Torrey Collection,https://archive.org/download/personworkofholy00torr/personworkofholy00torr_djvu.txt,https://archive.org/download/personworkofholy00torr/personworkofholy00torr_djvu.txt,verified,verified_allowed_public_domain,verified public domain. Source reviewed from https://archive.org/download/personworkofholy00torr/personworkofholy00torr_djvu.txt.,"R. A. Torrey Bible study, evangelism, and prayer resource for teachers and serious students. OCR text should be spot-checked before quotation.",data/library/verified/the-person-and-work-of-the-holy-spirit-as-revealed-in-the-scriptures-and-in-personal-experience-torrey-r-a-reu.txt,77811,8.6,the person and work of the holy spirit as revealed in the scriptures and in personal experience|torrey r a reuben archer 1856 1928,1
224,Tier 2 - high-value study expansion,Bible Study Reference,1265,The person and work of the Holy Spirit as revealed in the Scriptures and in personal experience [microform],"Torrey, R. A. (Reuben Archer), 1856-1928",1910,Bible study helps,Torrey Collection,https://archive.org/download/cihm_66116/cihm_66116_djvu.txt,https://archive.org/download/cihm_66116/cihm_66116_djvu.txt,verified,verified_allowed_public_domain,verified public domain. Source reviewed from https://archive.org/download/cihm_66116/cihm_66116_djvu.txt.,"R. A. Torrey Bible study, evangelism, and prayer resource for teachers and serious students. OCR text should be spot-checked before quotation.",data/library/verified/the-person-and-work-of-the-holy-spirit-as-revealed-in-the-scriptures-and-in-personal-experience-microform-torr.txt,79093,8.8,the person and work of the holy spirit as revealed in the scriptures and in personal experience microform|torrey r a reuben archer 1856 1928,1
225,Tier 2 - high-value study expansion,Bible Study Reference,1265,What the Bible teaches,Reuben Archer Torrey,1898,Bible study helps,Torrey Collection,https://archive.org/download/whatbibleteaches0000reub/whatbibleteaches0000reub_djvu.txt,https://archive.org/download/whatbibleteaches0000reub/whatbibleteaches0000reub_djvu.txt,verified,verified_allowed_public_domain,verified public domain. Source reviewed from https://archive.org/download/whatbibleteaches0000reub/whatbibleteaches0000reub_djvu.txt.,"R. A. Torrey Bible study, evangelism, and prayer resource for teachers and serious students. OCR text should be spot-checked before quotation.",data/library/verified/what-the-bible-teaches-reuben-archer-torrey.txt,206850,23.0,what the bible teaches|reuben archer torrey,1
226,Tier 2 - high-value study expansion,Bible Study Reference,1265,What the Bible Teaches,R. A. Torrey,1898,Bible study helps,Torrey Collection,https://archive.org/download/whatthebibletea00torruoft/whatthebibletea00torruoft_djvu.txt,https://archive.org/download/whatthebibletea00torruoft/whatthebibletea00torruoft_djvu.txt,verified,verified_allowed_public_domain,verified public domain. Source reviewed from https://archive.org/download/whatthebibletea00torruoft/whatthebibletea00torruoft_djvu.txt.,Torrey doctrinal Bible study resource for teachers and serious students. OCR text should be spot-checked before quotation or public teaching use.,data/library/verified/what-the-bible-teaches-r-a-torrey.txt,214447,23.8,what the bible teaches|r a torrey,1
227,Tier 2 - high-value study expansion,Bible Study Reference,1265,What the Bible teaches : a thorough and comprehensive study of what the Bible has to say concerning the great doctrines of which it treats,"Torrey, R. A. (Reuben Archer), 1856-1928",1898,Bible study helps,Torrey Collection,https://archive.org/download/whatbibleteaches00torr/whatbibleteaches00torr_djvu.txt,https://archive.org/download/whatbibleteaches00torr/whatbibleteaches00torr_djvu.txt,verified,verified_allowed_public_domain,verified public domain. Source reviewed from https://archive.org/download/whatbibleteaches00torr/whatbibleteaches00torr_djvu.txt.,"R. A. Torrey Bible study, evangelism, and prayer resource for teachers and serious students. OCR text should be spot-checked before quotation.",data/library/verified/what-the-bible-teaches-a-thorough-and-comprehensive-study-of-what-the-bible-has-to-say-concerning-the-great-do.txt,214219,23.8,what the bible teaches a thorough and comprehensive study of what the bible has to say concerning the great doctrines of which it treats|torrey r a reuben archer 1856 1928,1
228,Tier 2 - high-value study expansion,Commentary,1260,"""Hath God cast away His people?"" [microform]","Gaebelein, Arno Clemens, 1861-1945",2026,Commentaries,Gaebelein Collection,https://archive.org/download/cihm_86920/cihm_86920_djvu.txt,https://archive.org/download/cihm_86920/cihm_86920_djvu.txt,verified,verified_allowed_public_domain,verified public domain. Source reviewed from https://archive.org/download/cihm_86920/cihm_86920_djvu.txt.,Gaebelein Bible exposition and prophecy study resource. OCR text should be spot-checked before quotation.,data/library/verified/hath-god-cast-away-his-people-microform-gaebelein-arno-clemens-1861-1945.txt,73373,8.2,hath god cast away his people microform|gaebelein arno clemens 1861 1945,1
229,Tier 2 - high-value study expansion,Christian Book,1260,"Christian baptism. A sermon on Christian baptism, with many quotations from Pedobaptist authors. To which are added a letter to the church in Plymouth, Mass., and an address on the mode of baptizing",Adoniram Judson,2026,Missions,Missions,https://archive.org/download/christianbaptis00judsgoog/christianbaptis00judsgoog_djvu.txt,https://archive.org/download/christianbaptis00judsgoog/christianbaptis00judsgoog_djvu.txt,verified,verified_allowed_public_domain,verified public domain. Source reviewed from https://archive.org/download/christianbaptis00judsgoog/christianbaptis00judsgoog_djvu.txt.,Adoniram Judson public-domain missions resource for missionary history and prayer emphasis.,data/library/verified/christian-baptism-a-sermon-on-christian-baptism-with-many-quotations-from-pedobaptist-authors-to-which-are-add.txt,41853,4.7,christian baptism a sermon on christian baptism with many quotations from pedobaptist authors to which are added a letter to the church in plymouth mass and an address on the mode of baptizing|adoniram judson,1
230,Tier 2 - high-value study expansion,Commentary,1260,Dialogues on the essays and reviews,"Darby, J. N. (John Nelson), 1800-1882",2026,Commentaries,Darby Collection,https://archive.org/download/dialoguesonessa00darbgoog/dialoguesonessa00darbgoog_djvu.txt,https://archive.org/download/dialoguesonessa00darbgoog/dialoguesonessa00darbgoog_djvu.txt,verified,verified_allowed_public_domain,verified public domain. Source reviewed from https://archive.org/download/dialoguesonessa00darbgoog/dialoguesonessa00darbgoog_djvu.txt.,Darby Bible exposition or collected teaching for study and doctrinal review. OCR text should be spot-checked before quotation.,data/library/verified/dialogues-on-the-essays-and-reviews-darby-j-n-john-nelson-1800-1882.txt,188481,20.9,dialogues on the essays and reviews|darby j n john nelson 1800 1882,1
231,Tier 2 - high-value study expansion,Commentary,1260,hath god cast away his people?,A. C. Gaebelein,2026,Commentaries,A. C. Gaebelein Collection,https://archive.org/download/hathgodcastawayh0000acga/hathgodcastawayh0000acga_djvu.txt,https://archive.org/download/hathgodcastawayh0000acga/hathgodcastawayh0000acga_djvu.txt,verified,verified_allowed_public_domain,verified public domain. Source reviewed from https://archive.org/download/hathgodcastawayh0000acga/hathgodcastawayh0000acga_djvu.txt.,"Gaebelein public-domain-era prophecy or Bible exposition resource for study and teaching, with discernment labels.",data/library/verified/hath-god-cast-away-his-people-a-c-gaebelein.txt,71872,8.0,hath god cast away his people|a c gaebelein,1
232,Tier 2 - high-value study expansion,Commentary,1260,His riches--our riches : a gospel message,"Gaebelein, Arno Clemens, 1861-1945",2026,Commentaries,Gaebelein Collection,https://archive.org/download/hisrichesourrich00gaeb/hisrichesourrich00gaeb_djvu.txt,https://archive.org/download/hisrichesourrich00gaeb/hisrichesourrich00gaeb_djvu.txt,verified,verified_allowed_public_domain,verified public domain. Source reviewed from https://archive.org/download/hisrichesourrich00gaeb/hisrichesourrich00gaeb_djvu.txt.,Gaebelein Bible exposition and prophecy study resource. OCR text should be spot-checked before quotation.,data/library/verified/his-riches-our-riches-a-gospel-message-gaebelein-arno-clemens-1861-1945.txt,11809,1.3,his riches our riches a gospel message|gaebelein arno clemens 1861 1945,1
233,Tier 2 - high-value study expansion,Bible Study Reference,1260,Lectures Introductory to the Study of the Gospels,William Kelly,2026,Bible study helps,William Kelly,https://archive.org/download/pts_lecturesintroduc_3730/pts_lecturesintroduc_3730_djvu.txt,https://archive.org/download/pts_lecturesintroduc_3730/pts_lecturesintroduc_3730_djvu.txt,verified,verified_allowed_public_domain,verified public domain. Source reviewed from https://archive.org/download/pts_lecturesintroduc_3730/pts_lecturesintroduc_3730_djvu.txt.,Public-domain Gospel survey for Bible study and teaching prep.,data/library/verified/lectures-introductory-to-the-study-of-the-gospels-william-kelly.txt,185862,20.7,lectures introductory to the study of the gospels|william kelly,1
234,Tier 2 - high-value study expansion,Commentary,1260,Ministry on the epistle to the Ephesians,"Darby, J. N. (John Nelson), 1800-1882",2026,Commentaries,Darby Collection,https://archive.org/download/ministryonepistl00darb/ministryonepistl00darb_djvu.txt,https://archive.org/download/ministryonepistl00darb/ministryonepistl00darb_djvu.txt,verified,verified_allowed_public_domain,verified public domain. Source reviewed from https://archive.org/download/ministryonepistl00darb/ministryonepistl00darb_djvu.txt.,Darby Bible exposition or collected teaching for study and doctrinal review. OCR text should be spot-checked before quotation.,data/library/verified/ministry-on-the-epistle-to-the-ephesians-darby-j-n-john-nelson-1800-1882.txt,75869,8.4,ministry on the epistle to the ephesians|darby j n john nelson 1800 1882,1
235,Tier 2 - high-value study expansion,Commentary,1260,Practical reflections on the Psalms,"Darby, J. N. (John Nelson), 1800-1882",2026,Commentaries,Darby Collection,https://archive.org/download/practicalreflect00darb/practicalreflect00darb_djvu.txt,https://archive.org/download/practicalreflect00darb/practicalreflect00darb_djvu.txt,verified,verified_allowed_public_domain,verified public domain. Source reviewed from https://archive.org/download/practicalreflect00darb/practicalreflect00darb_djvu.txt.,Darby Bible exposition or collected teaching for study and doctrinal review. OCR text should be spot-checked before quotation.,data/library/verified/practical-reflections-on-the-psalms-darby-j-n-john-nelson-1800-1882.txt,110843,12.3,practical reflections on the psalms|darby j n john nelson 1800 1882,1
236,Tier 2 - high-value study expansion,Bible Study Reference,1260,Seven Lectures on the Second Coming of the Lord,J. N. Darby,1863,KJV / Textual Issues,Darby Collection,https://archive.org/download/cihm_07686/cihm_07686_djvu.txt,https://archive.org/download/cihm_07686/cihm_07686_djvu.txt,verified,verified_allowed_public_domain,"Published in 1863, before the current U.S. public-domain cutoff for 2026. Direct Internet Archive OCR text imported from item cihm_07686; source edition and OCR quality require spot-check before quotation or public teaching use.","Historical prophetic teaching resource for reviewed comparison, kept secondary to Scripture. OCR text should be spot-checked before quotation or public teaching use.",data/library/verified/seven-lectures-on-the-second-coming-of-the-lord-j-n-darby.txt,61086,6.8,seven lectures on the second coming of the lord|j n darby,1
237,Tier 2 - high-value study expansion,Commentary,1260,The Acts of the apostles;,"Gaebelein, Arno Clemens, 1861-1945",1912,Commentaries,Gaebelein Collection,https://archive.org/download/actsofapostles00gaeb/actsofapostles00gaeb_djvu.txt,https://archive.org/download/actsofapostles00gaeb/actsofapostles00gaeb_djvu.txt,verified,verified_allowed_public_domain,verified public domain. Source reviewed from https://archive.org/download/actsofapostles00gaeb/actsofapostles00gaeb_djvu.txt.,Gaebelein Bible exposition and prophecy study resource. OCR text should be spot-checked before quotation.,data/library/verified/the-acts-of-the-apostles-gaebelein-arno-clemens-1861-1945.txt,147360,16.4,the acts of the apostles|gaebelein arno clemens 1861 1945,1
238,Tier 2 - high-value study expansion,Commentary,1260,The Book of Daniel,Clarence Larkin,2026,Commentaries,Larkin,https://archive.org/download/bookofdaniel00lark/bookofdaniel00lark_djvu.txt,https://archive.org/download/bookofdaniel00lark/bookofdaniel00lark_djvu.txt,verified,verified_allowed_public_domain,verified public domain. Source reviewed from https://archive.org/download/bookofdaniel00lark/bookofdaniel00lark_djvu.txt.,Public-domain Daniel study resource; useful for prophecy study with doctrinal discernment.,data/library/verified/the-book-of-daniel-clarence-larkin.txt,86819,9.6,the book of daniel|clarence larkin,1
239,Tier 2 - high-value study expansion,Commentary,1260,The Book of Revelation,Clarence Larkin,2026,Commentaries,Larkin,https://archive.org/download/bookofrevelation0000clar_c9f4/bookofrevelation0000clar_c9f4_djvu.txt,https://archive.org/download/bookofrevelation0000clar_c9f4/bookofrevelation0000clar_c9f4_djvu.txt,verified,verified_allowed_public_domain,verified public domain. Source reviewed from https://archive.org/download/bookofrevelation0000clar_c9f4/bookofrevelation0000clar_c9f4_djvu.txt.,Public-domain Revelation study resource; useful for comparison after reading the KJV text.,data/library/verified/the-book-of-revelation-clarence-larkin.txt,103033,11.4,the book of revelation|clarence larkin,1
240,Tier 2 - high-value study expansion,Commentary,1260,The Prophet Daniel,Arno C. Gaebelein,1911,Commentaries,Gaebelein Collection,https://archive.org/download/prophetdanielkey00gaeb/prophetdanielkey00gaeb_djvu.txt,https://archive.org/download/prophetdanielkey00gaeb/prophetdanielkey00gaeb_djvu.txt,verified,verified_allowed_public_domain,verified public domain. Source reviewed from https://archive.org/download/prophetdanielkey00gaeb/prophetdanielkey00gaeb_djvu.txt.,Gaebelein exposition of Daniel for prophecy study and Bible coverage depth. OCR text should be spot-checked before quotation or public teaching use.,data/library/verified/the-prophet-daniel-arno-c-gaebelein.txt,62557,7.0,the prophet daniel|arno c gaebelein,1
241,Tier 2 - high-value study expansion,Commentary,1260,The prophet Daniel : a key to the visions and prophecies of the book of Daniel,"Gaebelein, Arno Clemens, 1861-1945",2026,Commentaries,Gaebelein Collection,https://archive.org/download/prophetdanielkey0000gaeb/prophetdanielkey0000gaeb_djvu.txt,https://archive.org/download/prophetdanielkey0000gaeb/prophetdanielkey0000gaeb_djvu.txt,verified,verified_allowed_public_domain,verified public domain. Source reviewed from https://archive.org/download/prophetdanielkey0000gaeb/prophetdanielkey0000gaeb_djvu.txt.,Gaebelein Bible exposition and prophecy study resource. OCR text should be spot-checked before quotation.,data/library/verified/the-prophet-daniel-a-key-to-the-visions-and-prophecies-of-the-book-of-daniel-gaebelein-arno-clemens-1861-1945-3.txt,62488,6.9,the prophet daniel a key to the visions and prophecies of the book of daniel|gaebelein arno clemens 1861 1945,1
242,Tier 2 - high-value study expansion,Commentary,1260,The Prophet Ezekiel,Arno C. Gaebelein,1918,Commentaries,Gaebelein Collection,https://archive.org/download/prophetezekielan00gaeb/prophetezekielan00gaeb_djvu.txt,https://archive.org/download/prophetezekielan00gaeb/prophetezekielan00gaeb_djvu.txt,verified,verified_allowed_public_domain,verified public domain. Source reviewed from https://archive.org/download/prophetezekielan00gaeb/prophetezekielan00gaeb_djvu.txt.,Gaebelein analytical exposition of Ezekiel for Old Testament prophetic study. OCR text should be spot-checked before quotation or public teaching use.,data/library/verified/the-prophet-ezekiel-arno-c-gaebelein.txt,123104,13.7,the prophet ezekiel|arno c gaebelein,1
243,Tier 2 - high-value study expansion,Commentary,1260,Things new and old; Old and New Testament studies,"Scofield, C. I. (Cyrus Ingerson), 1843-1921; Gaebelein, Arno Clemens, 1861-1945, ed",1920,Commentaries,Gaebelein Collection,https://archive.org/download/thingsnewoldoldn00scof/thingsnewoldoldn00scof_djvu.txt,https://archive.org/download/thingsnewoldoldn00scof/thingsnewoldoldn00scof_djvu.txt,verified,verified_allowed_public_domain,verified public domain. Source reviewed from https://archive.org/download/thingsnewoldoldn00scof/thingsnewoldoldn00scof_djvu.txt.,Gaebelein Bible exposition and prophecy study resource. OCR text should be spot-checked before quotation.,data/library/verified/things-new-and-old-old-and-new-testament-studies-scofield-c-i-cyrus-ingerson-1843-1921-gaebelein-arno-clemens-.txt,97255,10.8,things new and old old and new testament studies|scofield c i cyrus ingerson 1843 1921 gaebelein arno clemens 1861 1945 ed,1
244,Tier 2 - high-value study expansion,Bible Study Reference,1255,"A Ribband of Blue, and Other Bible Studies",James Hudson Taylor,1900,Bible study helps,Bible study helps,https://www.gutenberg.org/ebooks/23438,https://www.gutenberg.org/ebooks/23438.txt.utf-8,verified,verified_allowed_with_project_gutenberg_terms,Project Gutenberg catalog page reports public domain in the USA. Retain source/license notes for redistributed Project Gutenberg files. Source text is an undated public-domain China Inland Mission / Morgan and Scott edition.,"Bible study, missions-minded discipleship, and practical applications.",data/library/verified/a-ribband-of-blue.txt,19104,2.1,a ribband of blue and other bible studies|james hudson taylor,1
245,Tier 2 - high-value study expansion,Commentary,1255,"Christology of the Old Testament, Vol. 1",Ernst Wilhelm Hengstenberg,2009,Commentaries,Commentary,https://www.gutenberg.org/ebooks/30410,https://www.gutenberg.org/ebooks/30410.txt.utf-8,verified,verified_allowed_with_project_gutenberg_terms,Verified. Source reviewed from https://www.gutenberg.org/ebooks/30410.,Public-domain Old Testament Christology for reviewed study.,data/library/verified/christology-of-the-old-testament-vol-1-ernst-wilhelm-hengstenberg.txt,221251,24.6,christology of the old testament|ernst wilhelm hengstenberg,1
246,Tier 2 - high-value study expansion,Christian Book,1255,"Commenting and commentaries: two lectures addressed to the students of the Pastors' College, Metropolitan Tabernacle, together with a catalogue of Biblical commentaries and expositions","Spurgeon, C. H. (Charles Haddon), 1834-1892",1742,Preaching & Teaching,Spurgeon Collection,https://archive.org/download/commentpastors00spuruoft/commentpastors00spuruoft_djvu.txt,https://archive.org/download/commentpastors00spuruoft/commentpastors00spuruoft_djvu.txt,verified,verified_allowed_public_domain,verified public domain. Source reviewed from https://archive.org/download/commentpastors00spuruoft/commentpastors00spuruoft_djvu.txt.,"Spurgeon preaching, devotional, and teaching resource for sermon preparation and Christian living. OCR text should be spot-checked before quotation.",data/library/verified/commenting-and-commentaries-two-lectures-addressed-to-the-students-of-the-pastors-college-metropolitan-taberna.txt,89259,9.9,commenting and commentaries two lectures addressed to the students of the pastors college metropolitan tabernacle together with a catalogue of biblical commentaries and expositions|spurgeon c h charles haddon 1834 1892,1
247,Tier 2 - high-value study expansion,Bible Study Reference,1255,Love to the Uttermost,F. B. Meyer,1898,Bible study helps,Bible study helps,https://www.gutenberg.org/ebooks/22376,https://www.gutenberg.org/ebooks/22376.txt.utf-8,verified,verified_allowed_with_project_gutenberg_terms,Project Gutenberg catalog page reports public domain in the USA. Retain source/license notes for redistributed Project Gutenberg files. Title page states Copyright 1898-1899 by Fleming H. Revell Company.,"John study support, devotional reading, and teaching preparation after reading the KJV text.",data/library/verified/love-to-the-uttermost.txt,91389,10.2,love to the uttermost|f b meyer,1
248,Tier 2 - high-value study expansion,Bible Study Reference,1255,The baptism with the Holy Spirit,"Torrey, R. A. (Reuben Archer), 1856-1928",1895,Bible study helps,Torrey Collection,https://archive.org/download/baptismwithholys00torr_0/baptismwithholys00torr_0_djvu.txt,https://archive.org/download/baptismwithholys00torr_0/baptismwithholys00torr_0_djvu.txt,verified,verified_allowed_public_domain,verified public domain. Source reviewed from https://archive.org/download/baptismwithholys00torr_0/baptismwithholys00torr_0_djvu.txt.,"R. A. Torrey Bible study, evangelism, and prayer resource for teachers and serious students. OCR text should be spot-checked before quotation.",data/library/verified/the-baptism-with-the-holy-spirit-torrey-r-a-reuben-archer-1856-1928.txt,18192,2.0,the baptism with the holy spirit|torrey r a reuben archer 1856 1928,1
249,Tier 2 - high-value study expansion,Bible Study Reference,1255,The Baptism with the Holy Spirit ...,Reuben Archer Torrey,2026,Bible study helps,Torrey Collection,https://archive.org/download/baptismwithholy00torrgoog/baptismwithholy00torrgoog_djvu.txt,https://archive.org/download/baptismwithholy00torrgoog/baptismwithholy00torrgoog_djvu.txt,verified,verified_allowed_public_domain,verified public domain. Source reviewed from https://archive.org/download/baptismwithholy00torrgoog/baptismwithholy00torrgoog_djvu.txt.,"R. A. Torrey Bible study, evangelism, and prayer resource for teachers and serious students. OCR text should be spot-checked before quotation.",data/library/verified/the-baptism-with-the-holy-spirit-reuben-archer-torrey.txt,18057,2.0,the baptism with the holy spirit|reuben archer torrey,1
250,Tier 2 - high-value study expansion,Commentary,1255,The Gospel of St. John: A Series of Discourses.: New Edition,"Maurice, Frederick Denison",2012,Commentaries,Commentary,https://www.gutenberg.org/ebooks/41362,https://www.gutenberg.org/ebooks/41362.txt.utf-8,verified,verified_allowed_with_project_gutenberg_terms,verified public domain. Source reviewed from https://www.gutenberg.org/ebooks/41362.,Public-domain commentary or exposition for secondary study after reading Scripture.,data/library/verified/the-gospel-of-st-john-a-series-of-discourses-new-edition-maurice-frederick-denison.txt,164427,18.3,the gospel of st john a series of discourses new edition|maurice frederick denison,1
251,Tier 2 - high-value study expansion,Bible Study Reference,1255,The Person and Work of The Holy Spirit,R. A. Torrey,1910,Bible study helps,Bible study helps,https://www.gutenberg.org/ebooks/30241,https://www.gutenberg.org/ebooks/30241.txt.utf-8,verified,verified_allowed_with_project_gutenberg_terms,Project Gutenberg catalog page reports public domain in the USA. Retain source/license notes for redistributed Project Gutenberg files.,"Bible study help for background, word study, doctrine, and teaching preparation.",data/library/verified/the-person-and-work-of-the-holy-spirit.txt,76533,8.5,the person and work of the holy spirit|r a torrey,1
252,Tier 2 - high-value study expansion,Christian Book,1250,A Harmony of the Gospels for Students of the Life of Christ: Based on the Broadus Harmony in the Revised Version,"Robertson, A. T. and Broadus, John Albert",2011,Missions,Missions,https://www.gutenberg.org/ebooks/36264,https://www.gutenberg.org/ebooks/36264.txt.utf-8,verified,verified_allowed_with_project_gutenberg_terms,verified public domain. Source reviewed from https://www.gutenberg.org/ebooks/36264.,"Missions, evangelism, or missionary biography for prayer burden and teaching examples.",data/library/verified/a-harmony-of-the-gospels-for-students-of-the-life-of-christ-based-on-the-broadus-harmony-in-the-revised-versio.txt,153398,17.0,a harmony of the gospels for students of the life of christ based on the broadus harmony in the revised version|robertson a t and broadus john albert,1
253,Tier 2 - high-value study expansion,Bible Study Reference,1250,Difficulties and alleged errors and contradictions in the Bible,"Torrey, R. A. (Reuben Archer), 1856-1928",1907,Bible study helps,Torrey Collection,https://archive.org/download/difficultiesalle0000torr/difficultiesalle0000torr_djvu.txt,https://archive.org/download/difficultiesalle0000torr/difficultiesalle0000torr_djvu.txt,verified,verified_allowed_public_domain,verified public domain. Source reviewed from https://archive.org/download/difficultiesalle0000torr/difficultiesalle0000torr_djvu.txt.,"R. A. Torrey Bible study, evangelism, and prayer resource for teachers and serious students. OCR text should be spot-checked before quotation.",data/library/verified/difficulties-and-alleged-errors-and-contradictions-in-the-bible-torrey-r-a-reuben-archer-1856-1928.txt,39664,4.4,difficulties and alleged errors and contradictions in the bible|torrey r a reuben archer 1856 1928,1
254,Tier 2 - high-value study expansion,Bible Study Reference,1250,Difficulties and alleged errors and contradictions in the Bible,R. A. Torrey,1907,Bible study helps,R. A. Torrey Collection,https://archive.org/download/difficultiesalle0000torr_l7c6/difficultiesalle0000torr_l7c6_djvu.txt,https://archive.org/download/difficultiesalle0000torr_l7c6/difficultiesalle0000torr_l7c6_djvu.txt,verified,verified_allowed_public_domain,verified public domain. Source reviewed from https://archive.org/download/difficultiesalle0000torr_l7c6/difficultiesalle0000torr_l7c6_djvu.txt.,"R. A. Torrey public-domain Bible study, evangelism, and prayer resource for teachers and serious students.",data/library/verified/difficulties-and-alleged-errors-and-contradictions-in-the-bible-r-a-torrey.txt,41388,4.6,difficulties and alleged errors and contradictions in the bible|r a torrey,1
255,Tier 2 - high-value study expansion,Bible Study Reference,1250,Outline Studies in the New Testament for Bible Teachers,"Hurlbut, Jesse Lyman",2012,Bible Handbooks,Bible Study Essentials,https://www.gutenberg.org/ebooks/41602,https://www.gutenberg.org/ebooks/41602.txt.utf-8,verified,verified_allowed_with_project_gutenberg_terms,verified public domain. Source reviewed from https://www.gutenberg.org/ebooks/41602.,Bible handbook or survey help for teaching preparation.,data/library/verified/outline-studies-in-the-new-testament-for-bible-teachers-hurlbut-jesse-lyman.txt,35664,4.0,outline studies in the new testament for bible teachers|hurlbut jesse lyman,1
256,Tier 2 - high-value study expansion,Bible Study Reference,1250,Outline Studies in the Old Testament for Bible Teachers,"Hurlbut, Jesse Lyman",2012,Bible Handbooks,Bible Study Essentials,https://www.gutenberg.org/ebooks/39014,https://www.gutenberg.org/ebooks/39014.txt.utf-8,verified,verified_allowed_with_project_gutenberg_terms,verified public domain. Source reviewed from https://www.gutenberg.org/ebooks/39014.,Bible handbook or survey help for teaching preparation.,data/library/verified/outline-studies-in-the-old-testament-for-bible-teachers-hurlbut-jesse-lyman.txt,37232,4.1,outline studies in the old testament for bible teachers|hurlbut jesse lyman,1
257,Tier 2 - high-value study expansion,Christian Book,1250,That Gospel Sermon on the Blessed Hope,D. L. Moody,1877,Preaching & Teaching,Preaching & Teaching,https://www.gutenberg.org/ebooks/27316,https://www.gutenberg.org/ebooks/27316.txt.utf-8,verified,verified_allowed_with_project_gutenberg_terms,Project Gutenberg catalog page reports public domain in the USA. Retain source/license notes for redistributed Project Gutenberg files.,"Preaching reference, devotional reading, and sermon illustration.",data/library/verified/that-gospel-sermon-on-the-blessed-hope.txt,7800,0.9,that gospel sermon on the blessed hope|d l moody,1
258,Tier 2 - high-value study expansion,Bible Study Reference,1250,The Bible and its Christ; being noonday talks with business men on faith and unbelief,"Torrey, R. A. (Reuben Archer), 1856-1928",1904,Bible study helps,Torrey Collection,https://archive.org/download/cu31924029353772/cu31924029353772_djvu.txt,https://archive.org/download/cu31924029353772/cu31924029353772_djvu.txt,verified,verified_allowed_public_domain,verified public domain. Source reviewed from https://archive.org/download/cu31924029353772/cu31924029353772_djvu.txt.,"R. A. Torrey Bible study, evangelism, and prayer resource for teachers and serious students. OCR text should be spot-checked before quotation.",data/library/verified/the-bible-and-its-christ-being-noonday-talks-with-business-men-on-faith-and-unbelief-torrey-r-a-reuben-archer-.txt,39639,4.4,the bible and its christ being noonday talks with business men on faith and unbelief|torrey r a reuben archer 1856 1928,1
259,Tier 2 - high-value study expansion,Commentary,1245,God’s Masterpiece,Arno C. Gaebelein,1913,Commentaries,Gaebelein Collection,https://archive.org/download/in.ernet.dli.2015.351120/2015.351120.Gods-Masterpiece_djvu.txt,https://archive.org/download/in.ernet.dli.2015.351120/2015.351120.Gods-Masterpiece_djvu.txt,verified,verified_allowed_public_domain,verified public domain. Source reviewed from https://archive.org/download/in.ernet.dli.2015.351120/2015.351120.Gods-Masterpiece_djvu.txt.,Gaebelein Bible exposition and prophecy study resource. OCR text should be spot-checked before quotation.,data/library/verified/god-s-masterpiece-arno-c-gaebelein.txt,32552,3.6,god s masterpiece|arno c gaebelein,1
260,Tier 2 - high-value study expansion,Bible Study Reference,1245,Introduction to the textual criticism of the Greek New Testament,Eberhard Nestle and Allan Menzies,2025,Bible study helps,KJV / Textual Issues,https://www.gutenberg.org/ebooks/76224,https://www.gutenberg.org/ebooks/76224.txt.utf-8,verified,verified_allowed_with_project_gutenberg_terms,verified public domain. Source reviewed from https://www.gutenberg.org/ebooks/76224.,Historical Bible study or textual-issues resource; use for background with doctrinal care.,data/library/verified/introduction-to-the-textual-criticism-of-the-greek-new-testament-eberhard-nestle-and-allan-menzies.txt,129650,14.4,introduction to the textual criticism of the greek new testament|eberhard nestle and allan menzies,1
261,Tier 2 - high-value study expansion,Commentary,1245,Studies in prophecy,"Gaebelein, Arno Clemens, 1861-",1918,Commentaries,Gaebelein Collection,https://archive.org/download/studiesinprophec00gaebuoft/studiesinprophec00gaebuoft_djvu.txt,https://archive.org/download/studiesinprophec00gaebuoft/studiesinprophec00gaebuoft_djvu.txt,verified,verified_allowed_public_domain,verified public domain. Source reviewed from https://archive.org/download/studiesinprophec00gaebuoft/studiesinprophec00gaebuoft_djvu.txt.,Gaebelein Bible exposition and prophecy study resource. OCR text should be spot-checked before quotation.,data/library/verified/studies-in-prophecy-gaebelein-arno-clemens-1861.txt,46629,5.2,studies in prophecy|gaebelein arno clemens 1861,1
262,Tier 2 - high-value study expansion,Commentary,1245,Studies in Prophecy,Arno C. Gaebelein,1918,Commentaries,Gaebelein Collection,https://archive.org/download/studiesinprophec0000arno/studiesinprophec0000arno_djvu.txt,https://archive.org/download/studiesinprophec0000arno/studiesinprophec0000arno_djvu.txt,verified,verified_allowed_public_domain,verified public domain. Source reviewed from https://archive.org/download/studiesinprophec0000arno/studiesinprophec0000arno_djvu.txt.,Gaebelein Bible exposition and prophecy study resource. OCR text should be spot-checked before quotation.,data/library/verified/studies-in-prophecy-arno-c-gaebelein.txt,46890,5.2,studies in prophecy|arno c gaebelein,1
263,Tier 2 - high-value study expansion,Commentary,1245,Studies in Zechariah,"Gaebelein, Arno Clemens, 1861-1945",2026,Commentaries,Gaebelein Collection,https://archive.org/download/studiesinzechari0000gaeb/studiesinzechari0000gaeb_djvu.txt,https://archive.org/download/studiesinzechari0000gaeb/studiesinzechari0000gaeb_djvu.txt,verified,verified_allowed_public_domain,verified public domain. Source reviewed from https://archive.org/download/studiesinzechari0000gaeb/studiesinzechari0000gaeb_djvu.txt.,Gaebelein Bible exposition and prophecy study resource. OCR text should be spot-checked before quotation.,data/library/verified/studies-in-zechariah-gaebelein-arno-clemens-1861-1945.txt,53939,6.0,studies in zechariah|gaebelein arno clemens 1861 1945,1
264,Tier 2 - high-value study expansion,Commentary,1245,Studies on the Book of Daniel: A Course of Lectures,J. N. Darby,1864,Commentaries,Darby Collection,https://archive.org/download/studiesonbookda00darbgoog/studiesonbookda00darbgoog_djvu.txt,https://archive.org/download/studiesonbookda00darbgoog/studiesonbookda00darbgoog_djvu.txt,verified,verified_allowed_public_domain,"Published in 1864, before the current U.S. public-domain cutoff for 2026. Direct Internet Archive OCR text imported from item studiesonbookda00darbgoog; source edition and OCR quality require spot-check before quotation or public teaching use.",Darby Bible exposition for Daniel study and prophetic-background comparison. OCR text should be spot-checked before quotation or public teaching use.,data/library/verified/studies-on-the-book-of-daniel-a-course-of-lectures-j-n-darby.txt,40708,4.5,studies on the book of daniel a course of lectures|j n darby,1
265,Tier 2 - high-value study expansion,Commentary,1245,The Angels of God,A. C. Gaebelein,2026,Commentaries,A. C. Gaebelein Collection,https://archive.org/download/bwb_T4-AJW-054/bwb_T4-AJW-054_djvu.txt,https://archive.org/download/bwb_T4-AJW-054/bwb_T4-AJW-054_djvu.txt,verified,verified_allowed_public_domain,verified public domain. Source reviewed from https://archive.org/download/bwb_T4-AJW-054/bwb_T4-AJW-054_djvu.txt.,"Gaebelein public-domain-era prophecy or Bible exposition resource for study and teaching, with discernment labels.",data/library/verified/the-angels-of-god-a-c-gaebelein.txt,32249,3.6,the angels of god|a c gaebelein,1
266,Tier 2 - high-value study expansion,Commentary,1245,The beatitudes : and other sermons,Alexander Maclaren,2026,Commentaries,Alexander Maclaren Collection,https://archive.org/download/beatitudesothers00macl/beatitudesothers00macl_djvu.txt,https://archive.org/download/beatitudesothers00macl/beatitudesothers00macl_djvu.txt,verified,verified_allowed_public_domain,verified public domain. Source reviewed from https://archive.org/download/beatitudesothers00macl/beatitudesothers00macl_djvu.txt.,Alexander Maclaren public-domain exposition for devotional commentary comparison and sermon preparation.,data/library/verified/the-beatitudes-and-other-sermons-alexander-maclaren.txt,90011,10.0,the beatitudes and other sermons|alexander maclaren,1
267,Tier 2 - high-value study expansion,Commentary,1245,The Jewish question,"Gaebelein, Arno Clemens, 1861-1945; Scofield, C. I. (Cyrus Ingerson), 1843-1921",1912,Commentaries,Gaebelein Collection,https://archive.org/download/jewishquestion00gaeb/jewishquestion00gaeb_djvu.txt,https://archive.org/download/jewishquestion00gaeb/jewishquestion00gaeb_djvu.txt,verified,verified_allowed_public_domain,verified public domain. Source reviewed from https://archive.org/download/jewishquestion00gaeb/jewishquestion00gaeb_djvu.txt.,Gaebelein Bible exposition and prophecy study resource. OCR text should be spot-checked before quotation.,data/library/verified/the-jewish-question-gaebelein-arno-clemens-1861-1945-scofield-c-i-cyrus-ingerson-1843-1921.txt,30291,3.4,the jewish question|gaebelein arno clemens 1861 1945 scofield c i cyrus ingerson 1843 1921,1
268,Tier 2 - high-value study expansion,Commentary,1245,The Prophet Joel,Arno C. Gaebelein,1909,Commentaries,Gaebelein Collection,https://archive.org/download/prophetjoelexpos00gaebuoft/prophetjoelexpos00gaebuoft_djvu.txt,https://archive.org/download/prophetjoelexpos00gaebuoft/prophetjoelexpos00gaebuoft_djvu.txt,verified,verified_allowed_public_domain,verified public domain. Source reviewed from https://archive.org/download/prophetjoelexpos00gaebuoft/prophetjoelexpos00gaebuoft_djvu.txt.,Gaebelein exposition of Joel for Minor Prophets study and teaching preparation. OCR text should be spot-checked before quotation or public teaching use.,data/library/verified/the-prophet-joel-arno-c-gaebelein.txt,42640,4.7,the prophet joel|arno c gaebelein,1
269,Tier 2 - high-value study expansion,Commentary,1245,The Revelation,Arno C. Gaebelein,2026,Commentaries,Gaebelein Collection,https://archive.org/download/revelation0000arno_u1t6/revelation0000arno_u1t6_djvu.txt,https://archive.org/download/revelation0000arno_u1t6/revelation0000arno_u1t6_djvu.txt,verified,verified_allowed_public_domain,verified public domain. Source reviewed from https://archive.org/download/revelation0000arno_u1t6/revelation0000arno_u1t6_djvu.txt.,Gaebelein Bible exposition and prophecy study resource. OCR text should be spot-checked before quotation.,data/library/verified/the-revelation-arno-c-gaebelein.txt,57337,6.4,the revelation|arno c gaebelein,1
270,Tier 2 - high-value study expansion,Commentary,1245,The secret of power : and other sermons,Alexander Maclaren,2026,Commentaries,Alexander Maclaren Collection,https://archive.org/download/secretofpoweroth00macl/secretofpoweroth00macl_djvu.txt,https://archive.org/download/secretofpoweroth00macl/secretofpoweroth00macl_djvu.txt,verified,verified_allowed_public_domain,verified public domain. Source reviewed from https://archive.org/download/secretofpoweroth00macl/secretofpoweroth00macl_djvu.txt.,Alexander Maclaren public-domain exposition for devotional commentary comparison and sermon preparation.,data/library/verified/the-secret-of-power-and-other-sermons-alexander-maclaren.txt,95199,10.6,the secret of power and other sermons|alexander maclaren,1
271,Tier 2 - high-value study expansion,Christian Book,1245,Through the Bible day by day : a devotional commentary,"Meyer, F. B. (Frederick Brotherton), 1847-1929",1918,Christian Living,F. B. Meyer Collection,https://archive.org/download/throughbibledayb0000meye/throughbibledayb0000meye_djvu.txt,https://archive.org/download/throughbibledayb0000meye/throughbibledayb0000meye_djvu.txt,verified,verified_allowed_public_domain,verified public domain. Source reviewed from https://archive.org/download/throughbibledayb0000meye/throughbibledayb0000meye_djvu.txt.,F. B. Meyer devotional and Bible study resource for Christian living and teaching application. OCR text should be spot-checked before quotation.,data/library/verified/through-the-bible-day-by-day-a-devotional-commentary-meyer-f-b-frederick-brotherton-1847-1929.txt,45900,5.1,through the bible day by day a devotional commentary|meyer f b frederick brotherton 1847 1929,1
272,Tier 2 - high-value study expansion,Bible Study Reference,1240,Baptism According to Scripture,"Hoare, E. H. (Edward Hatch)",2016,Bible study helps,Bible Study Essentials,https://www.gutenberg.org/ebooks/52441,https://www.gutenberg.org/ebooks/52441.txt.utf-8,verified,verified_allowed_with_project_gutenberg_terms,verified public domain. Source reviewed from https://www.gutenberg.org/ebooks/52441.,"Bible study help for background, doctrine, textual issues, and teaching preparation.",data/library/verified/baptism-according-to-scripture-hoare-e-h-edward-hatch.txt,24805,2.8,baptism according to scripture|hoare e h edward hatch,1
273,Tier 2 - high-value study expansion,Bible Study Reference,1240,Bible history and brief outline of church history,Volrath Vogt and Nils Christian Nilsen Brun,2023,Bible Handbooks,Bible Handbooks,https://www.gutenberg.org/ebooks/71231,https://www.gutenberg.org/ebooks/71231.txt.utf-8,verified,verified_allowed_with_project_gutenberg_terms,verified public domain. Source reviewed from https://www.gutenberg.org/ebooks/71231.,"Book background, Bible geography, or chapter survey help for study preparation.",data/library/verified/bible-history-and-brief-outline-of-church-history-volrath-vogt-and-nils-christian-nilsen-brun.txt,35980,4.0,bible history and brief outline of church history|volrath vogt and nils christian nilsen brun,1
274,Tier 2 - high-value study expansion,Bible Study Reference,1240,The teaching of Christ,G. Campbell Morgan,1913,Bible study helps,G. Campbell Morgan Collection,https://archive.org/download/teachingofchrist00morg/teachingofchrist00morg_djvu.txt,https://archive.org/download/teachingofchrist00morg/teachingofchrist00morg_djvu.txt,verified,verified_allowed_public_domain,verified public domain. Source reviewed from https://archive.org/download/teachingofchrist00morg/teachingofchrist00morg_djvu.txt.,G. Campbell Morgan public-domain-era Bible study or preaching resource for exposition and teaching preparation.,data/library/verified/the-teaching-of-christ-g-campbell-morgan.txt,103780,11.5,the teaching of christ|g campbell morgan,1
275,Tier 2 - high-value study expansion,Bible Study Reference,1235,"Aids to Reflection; and, The Confessions of an Inquiring Spirit","Coleridge, Samuel Taylor and Marsh, James",2014,Bible study helps,Bible Study Essentials,https://www.gutenberg.org/ebooks/44795,https://www.gutenberg.org/ebooks/44795.txt.utf-8,verified,verified_allowed_with_project_gutenberg_terms,verified public domain. Source reviewed from https://www.gutenberg.org/ebooks/44795.,"Bible study help for background, doctrine, textual issues, and teaching preparation.",data/library/verified/aids-to-reflection-and-the-confessions-of-an-inquiring-spirit-coleridge-samuel-taylor-and-marsh-james.txt,160895,17.9,aids to reflection and the confessions of an inquiring spirit|coleridge samuel taylor and marsh james,1
276,Tier 2 - high-value study expansion,Bible Study Reference,1235,Companion to the Bible,"Barrows, E. P. (Elijah Porter)",2005,Dictionaries,Bible Dictionaries,https://www.gutenberg.org/ebooks/17265,https://www.gutenberg.org/ebooks/17265.txt.utf-8,verified,verified_allowed_with_project_gutenberg_terms,verified public domain. Source reviewed from https://www.gutenberg.org/ebooks/17265.,"Reference work for Bible words, places, names, or historical background.",data/library/verified/companion-to-the-bible-barrows-e-p-elijah-porter.txt,244446,27.2,companion to the bible|barrows e p elijah porter,1
277,Tier 2 - high-value study expansion,Christian Book,1235,"The Unity of the Church Essential to the Conversion of the World: A Sermon, Preached Before the Directors and Friends of the London Missionary Society","Gwyther, James Henry Alexander, -1875",2018,Preaching & Teaching,Preaching & Teaching,https://www.gutenberg.org/ebooks/58072,https://www.gutenberg.org/ebooks/58072.txt.utf-8,verified,verified_allowed_with_project_gutenberg_terms,verified public domain. Source reviewed from https://www.gutenberg.org/ebooks/58072.,"Preaching and teaching help for illustrations, exposition, and lesson preparation.",data/library/verified/the-unity-of-the-church-essential-to-the-conversion-of-the-world-a-sermon-preached-before-the-directors-and-fr.txt,7792,0.9,the unity of the church essential to the conversion of the world a sermon preached before the directors and friends of the london missionary society|gwyther james henry alexander 1875,1
278,Tier 2 - high-value study expansion,Bible Study Reference,1230,How to bring men to Christ,"Torrey, R. A. (Reuben Archer), 1856-1928",2026,Bible study helps,Torrey Collection,https://archive.org/download/howtobringmentoc00torrrich/howtobringmentoc00torrrich_djvu.txt,https://archive.org/download/howtobringmentoc00torrrich/howtobringmentoc00torrrich_djvu.txt,verified,verified_allowed_public_domain,verified public domain. Source reviewed from https://archive.org/download/howtobringmentoc00torrrich/howtobringmentoc00torrrich_djvu.txt.,"R. A. Torrey Bible study, evangelism, and prayer resource for teachers and serious students. OCR text should be spot-checked before quotation.",data/library/verified/how-to-bring-men-to-christ-torrey-r-a-reuben-archer-1856-1928.txt,29185,3.2,how to bring men to christ|torrey r a reuben archer 1856 1928,1
279,Tier 2 - high-value study expansion,Bible Study Reference,1230,How to obtain fullness of power in Christian life and service,"Torrey, R. A. (Reuben Archer), 1856-1928",1897,Bible study helps,Torrey Collection,https://archive.org/download/howtoobtainfulln00torr/howtoobtainfulln00torr_djvu.txt,https://archive.org/download/howtoobtainfulln00torr/howtoobtainfulln00torr_djvu.txt,verified,verified_allowed_public_domain,verified public domain. Source reviewed from https://archive.org/download/howtoobtainfulln00torr/howtoobtainfulln00torr_djvu.txt.,"R. A. Torrey Bible study, evangelism, and prayer resource for teachers and serious students. OCR text should be spot-checked before quotation.",data/library/verified/how-to-obtain-fullness-of-power-in-christian-life-and-service-torrey-r-a-reuben-archer-1856-1928.txt,24928,2.8,how to obtain fullness of power in christian life and service|torrey r a reuben archer 1856 1928,1
280,Tier 2 - high-value study expansion,Bible Study Reference,1230,How to Obtain Fulness of Power in Christian Life and Service,Reuben Archer Torrey,2026,Bible study helps,Torrey Collection,https://archive.org/download/howtoobtainfuln00torrgoog/howtoobtainfuln00torrgoog_djvu.txt,https://archive.org/download/howtoobtainfuln00torrgoog/howtoobtainfuln00torrgoog_djvu.txt,verified,verified_allowed_public_domain,verified public domain. Source reviewed from https://archive.org/download/howtoobtainfuln00torrgoog/howtoobtainfuln00torrgoog_djvu.txt.,"R. A. Torrey Bible study, evangelism, and prayer resource for teachers and serious students. OCR text should be spot-checked before quotation.",data/library/verified/how-to-obtain-fulness-of-power-in-christian-life-and-service-reuben-archer-torrey.txt,26418,2.9,how to obtain fulness of power in christian life and service|reuben archer torrey,1
281,Tier 2 - high-value study expansion,Bible Study Reference,1230,How to Study the Bible for Greatest Profit,R. A. Torrey,1903,Bible study helps,R. A. Torrey Collection,https://archive.org/download/howtostudybiblef00torriala/howtostudybiblef00torriala_djvu.txt,https://archive.org/download/howtostudybiblef00torriala/howtostudybiblef00torriala_djvu.txt,verified,verified_allowed_public_domain,Internet Archive item howtostudybiblef00torriala lists possible copyright status NOT_IN_COPYRIGHT. Direct IA OCR text imported for beta reading with use-with-discernment and OCR spot-check labels.,"Practical Bible study method resource for teachers, preachers, and serious Bible students.",data/library/verified/how-to-study-the-bible-for-greatest-profit-r-a-torrey.txt,24638,2.7,how to study the bible for greatest profit|r a torrey,1
282,Tier 2 - high-value study expansion,Bible Study Reference,1230,How to study the Bible for greatest profit ..,"Torrey, R. A. (Reuben Archer), 1856-1928",2026,Bible study helps,Torrey Collection,https://archive.org/download/howtostudybiblef00torr/howtostudybiblef00torr_djvu.txt,https://archive.org/download/howtostudybiblef00torr/howtostudybiblef00torr_djvu.txt,verified,verified_allowed_public_domain,verified public domain. Source reviewed from https://archive.org/download/howtostudybiblef00torr/howtostudybiblef00torr_djvu.txt.,"R. A. Torrey Bible study, evangelism, and prayer resource for teachers and serious students. OCR text should be spot-checked before quotation.",data/library/verified/how-to-study-the-bible-for-greatest-profit-torrey-r-a-reuben-archer-1856-1928.txt,25009,2.8,how to study the bible for greatest profit|torrey r a reuben archer 1856 1928,1
283,Tier 2 - high-value study expansion,Bible Study Reference,1230,How to Study the Bible for Greatest Profit: The Methods and Fundamental Conditions of the Bible ...,Reuben Archer Torrey,2026,Bible study helps,Torrey Collection,https://archive.org/download/howtostudybible00torrgoog/howtostudybible00torrgoog_djvu.txt,https://archive.org/download/howtostudybible00torrgoog/howtostudybible00torrgoog_djvu.txt,verified,verified_allowed_public_domain,verified public domain. Source reviewed from https://archive.org/download/howtostudybible00torrgoog/howtostudybible00torrgoog_djvu.txt.,"R. A. Torrey Bible study, evangelism, and prayer resource for teachers and serious students. OCR text should be spot-checked before quotation.",data/library/verified/how-to-study-the-bible-for-greatest-profit-the-methods-and-fundamental-conditions-of-the-bible-reuben-archer-t.txt,25640,2.8,how to study the bible for greatest profit the methods and fundamental conditions of the bible|reuben archer torrey,1
284,Tier 2 - high-value study expansion,Bible Study Reference,1230,How to succeed in the Christian life,"Torrey, R. A. (Reuben Archer), 1856-1928",1906,Bible study helps,Torrey Collection,https://archive.org/download/howtosucceedinch00torr/howtosucceedinch00torr_djvu.txt,https://archive.org/download/howtosucceedinch00torr/howtosucceedinch00torr_djvu.txt,verified,verified_allowed_public_domain,verified public domain. Source reviewed from https://archive.org/download/howtosucceedinch00torr/howtosucceedinch00torr_djvu.txt.,"R. A. Torrey Bible study, evangelism, and prayer resource for teachers and serious students. OCR text should be spot-checked before quotation.",data/library/verified/how-to-succeed-in-the-christian-life-torrey-r-a-reuben-archer-1856-1928.txt,29698,3.3,how to succeed in the christian life|torrey r a reuben archer 1856 1928,1
285,Tier 2 - high-value study expansion,Bible Study Reference,1230,How To Succeed In The Christian Life [FACSIMILE],"Torrey, R. A. (Reuben Archer), 1856-1928",1906,Bible study helps,Torrey Collection,https://archive.org/download/bwb_UR-149-587/bwb_UR-149-587_djvu.txt,https://archive.org/download/bwb_UR-149-587/bwb_UR-149-587_djvu.txt,verified,verified_allowed_public_domain,verified public domain. Source reviewed from https://archive.org/download/bwb_UR-149-587/bwb_UR-149-587_djvu.txt.,"R. A. Torrey Bible study, evangelism, and prayer resource for teachers and serious students. OCR text should be spot-checked before quotation.",data/library/verified/how-to-succeed-in-the-christian-life-facsimile-torrey-r-a-reuben-archer-1856-1928.txt,28144,3.1,how to succeed in the christian life facsimile|torrey r a reuben archer 1856 1928,1
286,Tier 2 - high-value study expansion,Bible Study Reference,1230,Hurlbut's Bible Lessons for Boys and Girls,"Hurlbut, Jesse Lyman",2009,Bible Handbooks,Bible Study Essentials,https://www.gutenberg.org/ebooks/29067,https://www.gutenberg.org/ebooks/29067.txt.utf-8,verified,verified_allowed_with_project_gutenberg_terms,verified public domain. Source reviewed from https://www.gutenberg.org/ebooks/29067.,Bible lessons and teaching resource for family and classroom use.,data/library/verified/hurlbut-s-bible-lessons-for-boys-and-girls-hurlbut-jesse-lyman.txt,17293,1.9,hurlbut s bible lessons for boys and girls|hurlbut jesse lyman,1
287,Tier 2 - high-value study expansion,Bible Study Reference,1230,Studies in Prophecy,"Gaebelein, Arno Clemens",2010,Bible study helps,Bible Study Essentials,https://www.gutenberg.org/ebooks/31603,https://www.gutenberg.org/ebooks/31603.txt.utf-8,verified,verified_allowed_with_project_gutenberg_terms,verified public domain. Source reviewed from https://www.gutenberg.org/ebooks/31603.,"Bible study help for background, doctrine, textual issues, and teaching preparation.",data/library/verified/studies-in-prophecy-gaebelein-arno-clemens.txt,45755,5.1,studies in prophecy|gaebelein arno clemens,1
288,Tier 2 - high-value study expansion,Bible Study Reference,1230,The Gospel of the Pentateuch: A Set of Parish Sermons,Charles Kingsley,2003,Surveys,Bible Surveys,https://www.gutenberg.org/ebooks/10325,https://www.gutenberg.org/ebooks/10325.txt.utf-8,verified,verified_allowed_with_project_gutenberg_terms,verified public domain. Source reviewed from https://www.gutenberg.org/ebooks/10325.,Bible survey resource for whole-book and whole-Bible understanding.,data/library/verified/the-gospel-of-the-pentateuch-a-set-of-parish-sermons-charles-kingsley.txt,56206,6.2,the gospel of the pentateuch a set of parish sermons|charles kingsley,1
289,Tier 2 - high-value study expansion,Bible Study Reference,1230,The importance and value of proper Bible study; how properly to study and interpret the Bible,"Torrey, R. A. (Reuben Archer), 1856-1928",1881,Bible study helps,Torrey Collection,https://archive.org/download/importancevalueo00torr/importancevalueo00torr_djvu.txt,https://archive.org/download/importancevalueo00torr/importancevalueo00torr_djvu.txt,verified,verified_allowed_public_domain,verified public domain. Source reviewed from https://archive.org/download/importancevalueo00torr/importancevalueo00torr_djvu.txt.,"R. A. Torrey Bible study, evangelism, and prayer resource for teachers and serious students. OCR text should be spot-checked before quotation.",data/library/verified/the-importance-and-value-of-proper-bible-study-how-properly-to-study-and-interpret-the-bible-torrey-r-a-reuben.txt,28411,3.2,the importance and value of proper bible study how properly to study and interpret the bible|torrey r a reuben archer 1856 1928,1
290,Tier 2 - high-value study expansion,Bible Study Reference,1230,"Will Christ come again? : an exposure of the foolishness, fallacies, and falsehoods of Shailer Mathews","Torrey, R. A. (Reuben Archer), 1856-1928",1918,Bible study helps,Torrey Collection,https://archive.org/download/willchristcomeag00torrrich/willchristcomeag00torrrich_djvu.txt,https://archive.org/download/willchristcomeag00torrrich/willchristcomeag00torrrich_djvu.txt,verified,verified_allowed_public_domain,verified public domain. Source reviewed from https://archive.org/download/willchristcomeag00torrrich/willchristcomeag00torrrich_djvu.txt.,"R. A. Torrey Bible study, evangelism, and prayer resource for teachers and serious students. OCR text should be spot-checked before quotation.",data/library/verified/will-christ-come-again-an-exposure-of-the-foolishness-fallacies-and-falsehoods-of-shailer-mathews-torrey-r-a-r.txt,12867,1.4,will christ come again an exposure of the foolishness fallacies and falsehoods of shailer mathews|torrey r a reuben archer 1856 1928,1
291,Tier 2 - high-value study expansion,Bible Study Reference,1230,"Will Christ come again? : an exposure of the foolishness, fallacies, and falsehoods of Shailer Mathews",R. A. Torrey,1898,Bible study helps,R. A. Torrey Collection,https://archive.org/download/willchristcomeag0000torr/willchristcomeag0000torr_djvu.txt,https://archive.org/download/willchristcomeag0000torr/willchristcomeag0000torr_djvu.txt,verified,verified_allowed_public_domain,verified public domain. Source reviewed from https://archive.org/download/willchristcomeag0000torr/willchristcomeag0000torr_djvu.txt.,"R. A. Torrey public-domain Bible study, evangelism, and prayer resource for teachers and serious students.",data/library/verified/will-christ-come-again-an-exposure-of-the-foolishness-fallacies-and-falsehoods-of-shailer-mathews-r-a-torrey.txt,13093,1.5,will christ come again an exposure of the foolishness fallacies and falsehoods of shailer mathews|r a torrey,1
292,Tier 2 - high-value study expansion,Christian Book,1225,"""The modern Whitfield."" Sermons of the Rev. C. H. Spurgeon, of London;","Spurgeon, C. H. (Charles Haddon), 1834-1892",2026,Preaching & Teaching,Spurgeon Collection,https://archive.org/download/themodernwhitfie1856spur/themodernwhitfie1856spur_djvu.txt,https://archive.org/download/themodernwhitfie1856spur/themodernwhitfie1856spur_djvu.txt,verified,verified_allowed_public_domain,verified public domain. Source reviewed from https://archive.org/download/themodernwhitfie1856spur/themodernwhitfie1856spur_djvu.txt.,"Spurgeon preaching, devotional, and teaching resource for sermon preparation and Christian living. OCR text should be spot-checked before quotation.",data/library/verified/the-modern-whitfield-sermons-of-the-rev-c-h-spurgeon-of-london-spurgeon-c-h-charles-haddon-1834-1892.txt,118342,13.1,the modern whitfield sermons of the rev c h spurgeon of london|spurgeon c h charles haddon 1834 1892,1
293,Tier 2 - high-value study expansion,Bible Study Reference,1225,Biblical Geography and History,"Kent, Charles Foster",2012,Bible Handbooks,Bible Handbooks,https://www.gutenberg.org/ebooks/40747,https://www.gutenberg.org/ebooks/40747.txt.utf-8,verified,verified_allowed_with_project_gutenberg_terms,verified public domain. Source reviewed from https://www.gutenberg.org/ebooks/40747.,"Book background, Bible geography, or Bible survey help for study preparation.",data/library/verified/biblical-geography-and-history-kent-charles-foster.txt,102248,11.4,biblical geography and history|kent charles foster,1
294,Tier 2 - high-value study expansion,Commentary,1225,Dr. Colenso and the Pentateuch [microform],"Darby, John Nelson, 1800-1882; Colenso, John William, 1814-1883. The Pentateuch and book of Joshua critically examined",2026,Commentaries,Darby Collection,https://archive.org/download/cihm_63132/cihm_63132_djvu.txt,https://archive.org/download/cihm_63132/cihm_63132_djvu.txt,verified,verified_allowed_public_domain,verified public domain. Source reviewed from https://archive.org/download/cihm_63132/cihm_63132_djvu.txt.,Darby Bible exposition or collected teaching for study and doctrinal review. OCR text should be spot-checked before quotation.,data/library/verified/dr-colenso-and-the-pentateuch-microform-darby-john-nelson-1800-1882-colenso-john-william-1814-1883-the-pentate.txt,14736,1.6,dr colenso and the pentateuch microform|darby john nelson 1800 1882 colenso john william 1814 1883 the pentateuch and book of joshua critically examined,1
295,Tier 2 - high-value study expansion,Christian Book,1225,First healing and then service : and other sermons preached in 1885,"Spurgeon, C. H. (Charles Haddon), 1834-1892",2026,Preaching & Teaching,Spurgeon Collection,https://archive.org/download/firsthealing00spuruoft/firsthealing00spuruoft_djvu.txt,https://archive.org/download/firsthealing00spuruoft/firsthealing00spuruoft_djvu.txt,verified,verified_allowed_public_domain,verified public domain. Source reviewed from https://archive.org/download/firsthealing00spuruoft/firsthealing00spuruoft_djvu.txt.,"Spurgeon preaching, devotional, and teaching resource for sermon preparation and Christian living. OCR text should be spot-checked before quotation.",data/library/verified/first-healing-and-then-service-and-other-sermons-preached-in-1885-spurgeon-c-h-charles-haddon-1834-1892.txt,128123,14.2,first healing and then service and other sermons preached in|spurgeon c h charles haddon 1834 1892,1
296,Tier 2 - high-value study expansion,Christian Book,1225,Hands full of honey : and other sermons preached in 1883,"Spurgeon, C. H. (Charles Haddon), 1834-1892",2026,Preaching & Teaching,Spurgeon Collection,https://archive.org/download/handsfullofhoney00spur/handsfullofhoney00spur_djvu.txt,https://archive.org/download/handsfullofhoney00spur/handsfullofhoney00spur_djvu.txt,verified,verified_allowed_public_domain,verified public domain. Source reviewed from https://archive.org/download/handsfullofhoney00spur/handsfullofhoney00spur_djvu.txt.,"Spurgeon preaching, devotional, and teaching resource for sermon preparation and Christian living. OCR text should be spot-checked before quotation.",data/library/verified/hands-full-of-honey-and-other-sermons-preached-in-1883-spurgeon-c-h-charles-haddon-1834-1892.txt,122687,13.6,hands full of honey and other sermons preached in|spurgeon c h charles haddon 1834 1892,1
297,Tier 2 - high-value study expansion,Christian Book,1225,"Life and works of Charles H. Spurgeon being a graphic account of the greatest preacher of modern times ... to which is added a vast collection of his eloquent sermons, brilliant writings, and witty sayings. By Henry Davenport Northrop","Spurgeon, C. H. (Charles Haddon), 1834-1892",2026,Preaching & Teaching,Spurgeon Collection,https://archive.org/download/lifeandworksofch00spuruoft/lifeandworksofch00spuruoft_djvu.txt,https://archive.org/download/lifeandworksofch00spuruoft/lifeandworksofch00spuruoft_djvu.txt,verified,verified_allowed_public_domain,verified public domain. Source reviewed from https://archive.org/download/lifeandworksofch00spuruoft/lifeandworksofch00spuruoft_djvu.txt.,"Spurgeon preaching, devotional, and teaching resource for sermon preparation and Christian living. OCR text should be spot-checked before quotation.",data/library/verified/life-and-works-of-charles-h-spurgeon-being-a-graphic-account-of-the-greatest-preacher-of-modern-times-to-which.txt,164528,18.3,life and works of charles h spurgeon being a graphic account of the greatest preacher of modern times to which is added a vast collection of his eloquent sermons brilliant writings and witty sayings by henry davenport northrop|spurgeon c h charles haddon 1834 1892,1
298,Tier 2 - high-value study expansion,Christian Book,1225,Life and works of Rev. Charles H. Spurgeon : being a graphic account of the greatest preacher of modern times ...,"Northrop, Henry Davenport, 1836-1909; Spurgeon, C. H. (Charles Haddon), 1834-1892",2026,Preaching & Teaching,Spurgeon Collection,https://archive.org/download/lifeworksofrevch00nort/lifeworksofrevch00nort_djvu.txt,https://archive.org/download/lifeworksofrevch00nort/lifeworksofrevch00nort_djvu.txt,verified,verified_allowed_public_domain,verified public domain. Source reviewed from https://archive.org/download/lifeworksofrevch00nort/lifeworksofrevch00nort_djvu.txt.,"Spurgeon preaching, devotional, and teaching resource for sermon preparation and Christian living. OCR text should be spot-checked before quotation.",data/library/verified/life-and-works-of-rev-charles-h-spurgeon-being-a-graphic-account-of-the-greatest-preacher-of-modern-times-nort.txt,164893,18.3,life and works of rev charles h spurgeon being a graphic account of the greatest preacher of modern times|northrop henry davenport 1836 1909 spurgeon c h charles haddon 1834 1892,1
299,Tier 2 - high-value study expansion,Christian Book,1225,My sermon notes : a selection from outlines of discourses delivered at the Metropolitan Taberbacle : from Romans to Revelation - CXCVI to CCLXIV,"Spurgeon, C. H. (Charles Haddon), 1834-1892",2026,Preaching & Teaching,Spurgeon Collection,https://archive.org/download/sermonnotesasele00spuruoft/sermonnotesasele00spuruoft_djvu.txt,https://archive.org/download/sermonnotesasele00spuruoft/sermonnotesasele00spuruoft_djvu.txt,verified,verified_allowed_public_domain,verified public domain. Source reviewed from https://archive.org/download/sermonnotesasele00spuruoft/sermonnotesasele00spuruoft_djvu.txt.,"Spurgeon preaching, devotional, and teaching resource for sermon preparation and Christian living. OCR text should be spot-checked before quotation.",data/library/verified/my-sermon-notes-a-selection-from-outlines-of-discourses-delivered-at-the-metropolitan-taberbacle-from-romans-t.txt,86534,9.6,my sermon notes a selection from outlines of discourses delivered at the metropolitan taberbacle from romans to revelation cxcvi to cclxiv|spurgeon c h charles haddon 1834 1892,1
300,Tier 2 - high-value study expansion,Christian Book,1225,My sermon notes : a selection from outlines of discourses delivered at the Metropolitan Tabernacle,"Spurgeon, C. H. (Charles Haddon), 1834-1892",2026,Preaching & Teaching,Spurgeon Collection,https://archive.org/download/mysermonnotessel04spur/mysermonnotessel04spur_djvu.txt,https://archive.org/download/mysermonnotessel04spur/mysermonnotessel04spur_djvu.txt,verified,verified_allowed_public_domain,verified public domain. Source reviewed from https://archive.org/download/mysermonnotessel04spur/mysermonnotessel04spur_djvu.txt.,"Spurgeon preaching, devotional, and teaching resource for sermon preparation and Christian living. OCR text should be spot-checked before quotation.",data/library/verified/my-sermon-notes-a-selection-from-outlines-of-discourses-delivered-at-the-metropolitan-tabernacle-spurgeon-c-h-.txt,86694,9.6,my sermon notes a selection from outlines of discourses delivered at the metropolitan tabernacle|spurgeon c h charles haddon 1834 1892,1
301,Tier 3 - strong curated library,Christian Book,1225,My Sermon Notes: Genesis to Proverbs,C. H. Spurgeon,1884,Preaching & Teaching,Spurgeon Collection,https://archive.org/download/sermonnotesasele01spuruoft/sermonnotesasele01spuruoft_djvu.txt,https://archive.org/download/sermonnotesasele01spuruoft/sermonnotesasele01spuruoft_djvu.txt,verified,verified_allowed_public_domain,Internet Archive item sermonnotesasele01spuruoft lists public-domain or NOT_IN_COPYRIGHT status. Direct IA OCR text imported for beta reading with use-with-discernment and OCR spot-check labels.,"Sermon outlines, anecdotes, and illustrations for teachers and preachers.",data/library/verified/my-sermon-notes-genesis-to-proverbs-c-h-spurgeon.txt,84255,9.4,my sermon notes genesis to proverbs|c h spurgeon,1
302,Tier 3 - strong curated library,Christian Book,1225,My Sermon Notes: Matthew to Acts,C. H. Spurgeon,1886,Preaching & Teaching,Spurgeon Collection,https://archive.org/download/mysermonnotes00spuruoft/mysermonnotes00spuruoft_djvu.txt,https://archive.org/download/mysermonnotes00spuruoft/mysermonnotes00spuruoft_djvu.txt,verified,verified_allowed_public_domain,Internet Archive item mysermonnotes00spuruoft lists public-domain or NOT_IN_COPYRIGHT status. Direct IA OCR text imported for beta reading with use-with-discernment and OCR spot-check labels.,"Sermon outlines, anecdotes, and illustrations for teachers and preachers.",data/library/verified/my-sermon-notes-matthew-to-acts-c-h-spurgeon.txt,81474,9.1,my sermon notes matthew to acts|c h spurgeon,1
303,Tier 3 - strong curated library,Christian Book,1225,My sermon-notes : a selection from outlines of discourses delivered at the Metropolitan Taberbacle : from Ecclesiastes to Malachi LXV to CXXIX,"Spurgeon, C. H. (Charles Haddon), 1834-1892",1873,Preaching & Teaching,Spurgeon Collection,https://archive.org/download/mysermonnotessel02spuruoft/mysermonnotessel02spuruoft_djvu.txt,https://archive.org/download/mysermonnotessel02spuruoft/mysermonnotessel02spuruoft_djvu.txt,verified,verified_allowed_public_domain,verified public domain. Source reviewed from https://archive.org/download/mysermonnotessel02spuruoft/mysermonnotessel02spuruoft_djvu.txt.,"Spurgeon preaching, devotional, and teaching resource for sermon preparation and Christian living. OCR text should be spot-checked before quotation.",data/library/verified/my-sermon-notes-a-selection-from-outlines-of-discourses-delivered-at-the-metropolitan-taberbacle-from-ecclesia.txt,81524,9.1,my sermon notes a selection from outlines of discourses delivered at the metropolitan taberbacle from ecclesiastes to malachi lxv to cxxix|spurgeon c h charles haddon 1834 1892,1
304,Tier 3 - strong curated library,Commentary,1225,"Ought we to be watching? [microform] : a reply to Mr. Laing's tract on the ""Second coming of the Lord""","Grant, F. W. (Frederick William), 1834-1902; Laing, John, 1828-1902. Second coming of the Lord",2026,Commentaries,F. W. Grant Collection,https://archive.org/download/cihm_33695/cihm_33695_djvu.txt,https://archive.org/download/cihm_33695/cihm_33695_djvu.txt,verified,verified_allowed_public_domain,verified public domain. Source reviewed from https://archive.org/download/cihm_33695/cihm_33695_djvu.txt.,F. W. Grant Bible exposition or doctrinal resource for study and teaching preparation. OCR text should be spot-checked before quotation.,data/library/verified/ought-we-to-be-watching-microform-a-reply-to-mr-laing-s-tract-on-the-second-coming-of-the-lord-grant-f-w-frede.txt,13482,1.5,ought we to be watching microform a reply to mr laing s tract on the second coming of the lord|grant f w frederick william 1834 1902 laing john 1828 1902 second coming of the lord,1
305,Tier 3 - strong curated library,Christian Book,1225,Our Lord's passion and death : sermons,"Spurgeon, C. H. (Charles Haddon), 1834-1892",2026,Preaching & Teaching,Spurgeon Collection,https://archive.org/download/ourlordspassiona00spuruoft/ourlordspassiona00spuruoft_djvu.txt,https://archive.org/download/ourlordspassiona00spuruoft/ourlordspassiona00spuruoft_djvu.txt,verified,verified_allowed_public_domain,verified public domain. Source reviewed from https://archive.org/download/ourlordspassiona00spuruoft/ourlordspassiona00spuruoft_djvu.txt.,"Spurgeon preaching, devotional, and teaching resource for sermon preparation and Christian living. OCR text should be spot-checked before quotation.",data/library/verified/our-lord-s-passion-and-death-sermons-spurgeon-c-h-charles-haddon-1834-1892.txt,458367,50.9,our lord s passion and death sermons|spurgeon c h charles haddon 1834 1892,1
306,Tier 3 - strong curated library,Christian Book,1225,Sermons,"Spurgeon, C. H. (Charles Haddon), 1834-1892",2026,Preaching & Teaching,Spurgeon Collection,https://archive.org/download/sermons10spur/sermons10spur_djvu.txt,https://archive.org/download/sermons10spur/sermons10spur_djvu.txt,verified,verified_allowed_public_domain,verified public domain. Source reviewed from https://archive.org/download/sermons10spur/sermons10spur_djvu.txt.,"Spurgeon preaching, devotional, and teaching resource for sermon preparation and Christian living. OCR text should be spot-checked before quotation.",data/library/verified/sermons-spurgeon-c-h-charles-haddon-1834-1892.txt,157636,17.5,sermons|spurgeon c h charles haddon 1834 1892,1
307,Tier 3 - strong curated library,Christian Book,1225,"Sermons of Rev. C. H. Spurgeon, Volume 1",C. H. Spurgeon,1857,Preaching & Teaching,Spurgeon Collection,https://archive.org/download/spurgeonssermons01spuruoft/spurgeonssermons01spuruoft_djvu.txt,https://archive.org/download/spurgeonssermons01spuruoft/spurgeonssermons01spuruoft_djvu.txt,verified,verified_allowed_public_domain,Internet Archive item spurgeonssermons01spuruoft lists possible copyright status NOT_IN_COPYRIGHT. Direct IA OCR text imported for beta reading with use-with-discernment and OCR spot-check labels.,"Spurgeon sermon volume for preaching study, illustrations, quotations, and listening.",data/library/verified/sermons-of-rev-c-h-spurgeon-volume-1-c-h-spurgeon.txt,126836,14.1,sermons of rev c h spurgeon|c h spurgeon,1
308,Tier 3 - strong curated library,Christian Book,1225,Sermons of Rev. C.H. Spurgeon of London,"Spurgeon, C. H. (Charles Haddon), 1834-1892",2026,Preaching & Teaching,Spurgeon Collection,https://archive.org/download/sermonsofrevch01spur/sermonsofrevch01spur_djvu.txt,https://archive.org/download/sermonsofrevch01spur/sermonsofrevch01spur_djvu.txt,verified,verified_allowed_public_domain,verified public domain. Source reviewed from https://archive.org/download/sermonsofrevch01spur/sermonsofrevch01spur_djvu.txt.,"Spurgeon preaching, devotional, and teaching resource for sermon preparation and Christian living. OCR text should be spot-checked before quotation.",data/library/verified/sermons-of-rev-c-h-spurgeon-of-london-spurgeon-c-h-charles-haddon-1834-1892.txt,126728,14.1,sermons of rev c h spurgeon of london|spurgeon c h charles haddon 1834 1892,1
309,Tier 3 - strong curated library,Christian Book,1225,Sermons of Rev. C.H. Spurgeon of London,C. H. Spurgeon,2026,Preaching & Teaching,C. H. Spurgeon Collection,https://archive.org/download/sermonsofrevch08spur/sermonsofrevch08spur_djvu.txt,https://archive.org/download/sermonsofrevch08spur/sermonsofrevch08spur_djvu.txt,verified,verified_allowed_public_domain,verified public domain. Source reviewed from https://archive.org/download/sermonsofrevch08spur/sermonsofrevch08spur_djvu.txt.,"Spurgeon public-domain sermon, devotional, or teaching resource for preaching preparation, quotes, and devotional reading.",data/library/verified/sermons-of-rev-c-h-spurgeon-of-london-c-h-spurgeon.txt,150775,16.8,sermons of rev c h spurgeon of london|c h spurgeon,1
310,Tier 3 - strong curated library,Christian Book,1225,Sermons of the Rev. c. H. Spurgeon ... 3d series,"Spurgeon, C. H. (Charles Haddon), 1834-1892",2026,Preaching & Teaching,Spurgeon Collection,https://archive.org/download/sermonsrevchspu00magogoog/sermonsrevchspu00magogoog_djvu.txt,https://archive.org/download/sermonsrevchspu00magogoog/sermonsrevchspu00magogoog_djvu.txt,verified,verified_allowed_public_domain,verified public domain. Source reviewed from https://archive.org/download/sermonsrevchspu00magogoog/sermonsrevchspu00magogoog_djvu.txt.,"Spurgeon preaching, devotional, and teaching resource for sermon preparation and Christian living. OCR text should be spot-checked before quotation.",data/library/verified/sermons-of-the-rev-c-h-spurgeon-3d-series-spurgeon-c-h-charles-haddon-1834-1892.txt,199709,22.2,sermons of the rev c h spurgeon 3d series|spurgeon c h charles haddon 1834 1892,1
311,Tier 3 - strong curated library,Christian Book,1225,Sermons of the Rev. C. H. Spurgeon of London,"Spurgeon, C. H. (Charles Haddon), 1834-1892",2026,Preaching & Teaching,Spurgeon Collection,https://archive.org/download/sermonsofrevchsp00spur/sermonsofrevchsp00spur_djvu.txt,https://archive.org/download/sermonsofrevchsp00spur/sermonsofrevchsp00spur_djvu.txt,verified,verified_allowed_public_domain,verified public domain. Source reviewed from https://archive.org/download/sermonsofrevchsp00spur/sermonsofrevchsp00spur_djvu.txt.,"Spurgeon preaching, devotional, and teaching resource for sermon preparation and Christian living. OCR text should be spot-checked before quotation.",data/library/verified/sermons-of-the-rev-c-h-spurgeon-of-london-spurgeon-c-h-charles-haddon-1834-1892.txt,193694,21.5,sermons of the rev c h spurgeon of london|spurgeon c h charles haddon 1834 1892,1
312,Tier 3 - strong curated library,Christian Book,1225,Sermons on our Lord's parables : delivered at the Metropolitan Tabernacle and New Park Street Chapel,"Spurgeon, C. H. (Charles Haddon), 1834-1892",2026,Preaching & Teaching,Spurgeon Collection,https://archive.org/download/sermonsparables00spuruoft/sermonsparables00spuruoft_djvu.txt,https://archive.org/download/sermonsparables00spuruoft/sermonsparables00spuruoft_djvu.txt,verified,verified_allowed_public_domain,verified public domain. Source reviewed from https://archive.org/download/sermonsparables00spuruoft/sermonsparables00spuruoft_djvu.txt.,"Spurgeon preaching, devotional, and teaching resource for sermon preparation and Christian living. OCR text should be spot-checked before quotation.",data/library/verified/sermons-on-our-lord-s-parables-delivered-at-the-metropolitan-tabernacle-and-new-park-street-chapel-spurgeon-c-.txt,476096,52.9,sermons on our lord s parables delivered at the metropolitan tabernacle and new park street chapel|spurgeon c h charles haddon 1834 1892,1
313,Tier 3 - strong curated library,Christian Book,1225,"Sermons preached and revised by the Rev. C. H. Spurgeon, fifth series. New York, Sheldon","Spurgeon, C. H. (Charles Haddon), 1834-1892",2026,Preaching & Teaching,Spurgeon Collection,https://archive.org/download/sermonspreachedr05spur/sermonspreachedr05spur_djvu.txt,https://archive.org/download/sermonspreachedr05spur/sermonspreachedr05spur_djvu.txt,verified,verified_allowed_public_domain,verified public domain. Source reviewed from https://archive.org/download/sermonspreachedr05spur/sermonspreachedr05spur_djvu.txt.,"Spurgeon preaching, devotional, and teaching resource for sermon preparation and Christian living. OCR text should be spot-checked before quotation.",data/library/verified/sermons-preached-and-revised-by-the-rev-c-h-spurgeon-fifth-series-new-york-sheldon-spurgeon-c-h-charles-haddon.txt,190149,21.1,sermons preached and revised by the rev c h spurgeon fifth series new york sheldon|spurgeon c h charles haddon 1834 1892,1
314,Tier 3 - strong curated library,Christian Book,1225,"Spurgeon's Sermons - New Park Street Pulpit, Vol. I","Spurgeon, C. H. (Charles Haddon), 1834-1892",2026,Preaching & Teaching,Spurgeon Collection,https://archive.org/download/SpurgeonNewParkPt01/Spurgeon-NewPark-pt01_djvu.txt,https://archive.org/download/SpurgeonNewParkPt01/Spurgeon-NewPark-pt01_djvu.txt,verified,verified_allowed_public_domain,verified public domain. Source reviewed from https://archive.org/download/SpurgeonNewParkPt01/Spurgeon-NewPark-pt01_djvu.txt.,"Spurgeon preaching, devotional, and teaching resource for sermon preparation and Christian living. OCR text should be spot-checked before quotation.",data/library/verified/spurgeon-s-sermons-new-park-street-pulpit-vol-i-spurgeon-c-h-charles-haddon-1834-1892.txt,347725,38.6,spurgeon s sermons new park street pulpit|spurgeon c h charles haddon 1834 1892,1
315,Tier 3 - strong curated library,Christian Book,1225,Spurgeon's Sermons - Vol. IX: Metropolitan Tabernacle Pulpit,"Spurgeon, C. H. (Charles Haddon), 1834-1892",2026,Preaching & Teaching,Spurgeon Collection,https://archive.org/download/SpurgeonMetropolitanPt09/Spurgeon-Metropolitan-pt09_djvu.txt,https://archive.org/download/SpurgeonMetropolitanPt09/Spurgeon-Metropolitan-pt09_djvu.txt,verified,verified_allowed_public_domain,verified public domain. Source reviewed from https://archive.org/download/SpurgeonMetropolitanPt09/Spurgeon-Metropolitan-pt09_djvu.txt.,"Spurgeon preaching, devotional, and teaching resource for sermon preparation and Christian living. OCR text should be spot-checked before quotation.",data/library/verified/spurgeon-s-sermons-vol-ix-metropolitan-tabernacle-pulpit-spurgeon-c-h-charles-haddon-1834-1892.txt,445373,49.5,spurgeon s sermons metropolitan tabernacle pulpit|spurgeon c h charles haddon 1834 1892,1
316,Tier 3 - strong curated library,Christian Book,1225,Storm signals : being a collection of sermons preached on Sunday and Thursday evenings at the Metropolitan Tabernacle,"Spurgeon, C. H. (Charles Haddon), 1834-1892",2026,Preaching & Teaching,Spurgeon Collection,https://archive.org/download/stormsignalsbein00spur/stormsignalsbein00spur_djvu.txt,https://archive.org/download/stormsignalsbein00spur/stormsignalsbein00spur_djvu.txt,verified,verified_allowed_public_domain,verified public domain. Source reviewed from https://archive.org/download/stormsignalsbein00spur/stormsignalsbein00spur_djvu.txt.,"Spurgeon preaching, devotional, and teaching resource for sermon preparation and Christian living. OCR text should be spot-checked before quotation.",data/library/verified/storm-signals-being-a-collection-of-sermons-preached-on-sunday-and-thursday-evenings-at-the-metropolitan-taber.txt,116247,12.9,storm signals being a collection of sermons preached on sunday and thursday evenings at the metropolitan tabernacle|spurgeon c h charles haddon 1834 1892,1
317,Tier 3 - strong curated library,Commentary,1225,The Book of Genesis,Arno C. Gaebelein,1912,Commentaries,Gaebelein Collection,https://archive.org/download/bookofgenesiscom00gaeb/bookofgenesiscom00gaeb_djvu.txt,https://archive.org/download/bookofgenesiscom00gaeb/bookofgenesiscom00gaeb_djvu.txt,verified,verified_allowed_public_domain,verified public domain. Source reviewed from https://archive.org/download/bookofgenesiscom00gaeb/bookofgenesiscom00gaeb_djvu.txt.,Gaebelein analysis of Genesis with annotations for book study and teaching preparation. OCR text should be spot-checked before quotation or public teaching use.,data/library/verified/the-book-of-genesis-arno-c-gaebelein.txt,29993,3.3,the book of genesis|arno c gaebelein,1
318,Tier 3 - strong curated library,Christian Book,1225,The Metropolitan Tabernacle pulpit : sermons,"Spurgeon, C. H. (Charles Haddon), 1834-1892",2026,Preaching & Teaching,Spurgeon Collection,https://archive.org/download/metropolitantab07spurgoog/metropolitantab07spurgoog_djvu.txt,https://archive.org/download/metropolitantab07spurgoog/metropolitantab07spurgoog_djvu.txt,verified,verified_allowed_public_domain,verified public domain. Source reviewed from https://archive.org/download/metropolitantab07spurgoog/metropolitantab07spurgoog_djvu.txt.,"Spurgeon preaching, devotional, and teaching resource for sermon preparation and Christian living. OCR text should be spot-checked before quotation.",data/library/verified/the-metropolitan-tabernacle-pulpit-sermons-spurgeon-c-h-charles-haddon-1834-1892.txt,455516,50.6,the metropolitan tabernacle pulpit sermons|spurgeon c h charles haddon 1834 1892,1
319,Tier 3 - strong curated library,Christian Book,1225,The Metropolitan Tabernacle pulpit : sermons,C. H. Spurgeon,1880,Preaching & Teaching,C. H. Spurgeon Collection,https://archive.org/download/metropolitantab09spurgoog/metropolitantab09spurgoog_djvu.txt,https://archive.org/download/metropolitantab09spurgoog/metropolitantab09spurgoog_djvu.txt,verified,verified_allowed_public_domain,verified public domain. Source reviewed from https://archive.org/download/metropolitantab09spurgoog/metropolitantab09spurgoog_djvu.txt.,"Spurgeon public-domain sermon, devotional, or teaching resource for preaching preparation, quotes, and devotional reading.",data/library/verified/the-metropolitan-tabernacle-pulpit-sermons-c-h-spurgeon.txt,463190,51.5,the metropolitan tabernacle pulpit sermons|c h spurgeon,1
320,Tier 3 - strong curated library,Christian Book,1225,Types and emblems : being a collection of sermons preached on Sunday and Thursday evenings at the Metropolitan Tabernacle,"Spurgeon, C. H. (Charles Haddon), 1834-1892",2026,Preaching & Teaching,Spurgeon Collection,https://archive.org/download/typesemblemsbein00spur/typesemblemsbein00spur_djvu.txt,https://archive.org/download/typesemblemsbein00spur/typesemblemsbein00spur_djvu.txt,verified,verified_allowed_public_domain,verified public domain. Source reviewed from https://archive.org/download/typesemblemsbein00spur/typesemblemsbein00spur_djvu.txt.,"Spurgeon preaching, devotional, and teaching resource for sermon preparation and Christian living. OCR text should be spot-checked before quotation.",data/library/verified/types-and-emblems-being-a-collection-of-sermons-preached-on-sunday-and-thursday-evenings-at-the-metropolitan-t.txt,90565,10.1,types and emblems being a collection of sermons preached on sunday and thursday evenings at the metropolitan tabernacle|spurgeon c h charles haddon 1834 1892,1
321,Tier 3 - strong curated library,Bible Study Reference,1220,The Chosen People: A Compendium of Sacred and Church History for School-Children,Charlotte M. Yonge,2005,Bible study helps,Bible Study Essentials,https://www.gutenberg.org/ebooks/7284,https://www.gutenberg.org/ebooks/7284.txt.utf-8,verified,verified_allowed_with_project_gutenberg_terms,verified public domain. Source reviewed from https://www.gutenberg.org/ebooks/7284.,"Bible study help for background, doctrine, and teaching preparation.",data/library/verified/the-chosen-people-a-compendium-of-sacred-and-church-history-for-school-children-charlotte-m-yonge.txt,64412,7.2,the chosen people a compendium of sacred and church history for school children|charlotte m yonge,1
322,Tier 3 - strong curated library,Christian Book,1220,With Christ in the school of prayer; thoughts on our training for the ministry of intercession,Andrew Murray,2026,Prayer,Andrew Murray Collection,https://archive.org/download/withchristinscho00murr/withchristinscho00murr_djvu.txt,https://archive.org/download/withchristinscho00murr/withchristinscho00murr_djvu.txt,verified,verified_allowed_public_domain,verified public domain. Source reviewed from https://archive.org/download/withchristinscho00murr/withchristinscho00murr_djvu.txt.,Andrew Murray public-domain prayer or devotional resource for prayer study and Christian living.,data/library/verified/with-christ-in-the-school-of-prayer-thoughts-on-our-training-for-the-ministry-of-intercession-andrew-murray.txt,79265,8.8,with christ in the school of prayer thoughts on our training for the ministry of intercession|andrew murray,1
323,Tier 3 - strong curated library,Bible Study Reference,1210,"David: Shepherd, Psalmist, King",F. B. Meyer,1910,Bible study helps,F. B. Meyer Collection,https://archive.org/download/davidshepherdpsa00meyeuoft/davidshepherdpsa00meyeuoft_djvu.txt,https://archive.org/download/davidshepherdpsa00meyeuoft/davidshepherdpsa00meyeuoft_djvu.txt,verified,verified_allowed_public_domain,Internet Archive item davidshepherdpsa00meyeuoft lists possible copyright status NOT_IN_COPYRIGHT. Direct IA OCR text imported for beta reading with use-with-discernment and OCR spot-check labels.,"Bible biography and devotional exposition for Old Testament study, teaching, and related sermon preparation.",data/library/verified/david-shepherd-psalmist-king-f-b-meyer.txt,62879,7.0,david shepherd psalmist king|f b meyer,1
324,Tier 3 - strong curated library,Bible Study Reference,1210,How to promote & conduct a successful revival : with suggestive outlines,"Torrey, R. A. (Reuben Archer), 1856-1928",2026,Bible study helps,Torrey Collection,https://archive.org/download/howtopromotecond00torr/howtopromotecond00torr_djvu.txt,https://archive.org/download/howtopromotecond00torr/howtopromotecond00torr_djvu.txt,verified,verified_allowed_public_domain,verified public domain. Source reviewed from https://archive.org/download/howtopromotecond00torr/howtopromotecond00torr_djvu.txt.,"R. A. Torrey Bible study, evangelism, and prayer resource for teachers and serious students. OCR text should be spot-checked before quotation.",data/library/verified/how-to-promote-and-conduct-a-successful-revival-with-suggestive-outlines-torrey-r-a-reuben-archer-1856-1928.txt,94227,10.5,how to promote conduct a successful revival with suggestive outlines|torrey r a reuben archer 1856 1928,1
325,Tier 3 - strong curated library,Bible Study Reference,1210,Personal work,"Torrey, R. A. (Reuben Archer), 1856-1928",2026,Bible study helps,Torrey Collection,https://archive.org/download/personalwork0000torr/personalwork0000torr_djvu.txt,https://archive.org/download/personalwork0000torr/personalwork0000torr_djvu.txt,verified,verified_allowed_public_domain,verified public domain. Source reviewed from https://archive.org/download/personalwork0000torr/personalwork0000torr_djvu.txt.,"R. A. Torrey Bible study, evangelism, and prayer resource for teachers and serious students. OCR text should be spot-checked before quotation.",data/library/verified/personal-work-torrey-r-a-reuben-archer-1856-1928.txt,69498,7.7,personal work|torrey r a reuben archer 1856 1928,1
326,Tier 3 - strong curated library,Bible Study Reference,1210,Revival addresses,"Torrey, R. A. (Reuben Archer), 1856-1928",2026,Bible study helps,Torrey Collection,https://archive.org/download/revivaladdresse00torrgoog/revivaladdresse00torrgoog_djvu.txt,https://archive.org/download/revivaladdresse00torrgoog/revivaladdresse00torrgoog_djvu.txt,verified,verified_allowed_public_domain,verified public domain. Source reviewed from https://archive.org/download/revivaladdresse00torrgoog/revivaladdresse00torrgoog_djvu.txt.,"R. A. Torrey Bible study, evangelism, and prayer resource for teachers and serious students. OCR text should be spot-checked before quotation.",data/library/verified/revival-addresses-torrey-r-a-reuben-archer-1856-1928.txt,86540,9.6,revival addresses|torrey r a reuben archer 1856 1928,1
327,Tier 3 - strong curated library,Bible Study Reference,1210,Revival addresses [microform],"Torrey, R. A. (Reuben Archer), 1856-1928",1908,Bible study helps,Torrey Collection,https://archive.org/download/cihm_87830/cihm_87830_djvu.txt,https://archive.org/download/cihm_87830/cihm_87830_djvu.txt,verified,verified_allowed_public_domain,verified public domain. Source reviewed from https://archive.org/download/cihm_87830/cihm_87830_djvu.txt.,"R. A. Torrey Bible study, evangelism, and prayer resource for teachers and serious students. OCR text should be spot-checked before quotation.",data/library/verified/revival-addresses-microform-torrey-r-a-reuben-archer-1856-1928.txt,87692,9.7,revival addresses microform|torrey r a reuben archer 1856 1928,1
328,Tier 3 - strong curated library,Christian Book,1210,"The Covenants And The Covenanters: Covenants, Sermons, and Documents of the Covenanted Reformation","Kerr, James",2006,Preaching & Teaching,Preaching & Teaching,https://www.gutenberg.org/ebooks/19100,https://www.gutenberg.org/ebooks/19100.txt.utf-8,verified,verified_allowed_with_project_gutenberg_terms,verified public domain. Source reviewed from https://www.gutenberg.org/ebooks/19100.,"Preaching and teaching help for illustrations, exposition, and lesson preparation.",data/library/verified/the-covenants-and-the-covenanters-covenants-sermons-and-documents-of-the-covenanted-reformation-kerr-james.txt,147018,16.3,the covenants and the covenanters covenants sermons and documents of the covenanted reformation|kerr james,1
329,Tier 3 - strong curated library,Commentary,1210,The Gospel according to St. John,Alexander Maclaren,2026,Commentaries,Alexander Maclaren Collection,https://archive.org/download/gospelaccordingt432macl/gospelaccordingt432macl_djvu.txt,https://archive.org/download/gospelaccordingt432macl/gospelaccordingt432macl_djvu.txt,verified,verified_allowed_public_domain,verified public domain. Source reviewed from https://archive.org/download/gospelaccordingt432macl/gospelaccordingt432macl_djvu.txt.,Alexander Maclaren public-domain exposition for devotional commentary comparison and sermon preparation.,data/library/verified/the-gospel-according-to-st-john-alexander-maclaren.txt,134639,15.0,the gospel according to st john|alexander maclaren,1
330,Tier 3 - strong curated library,Commentary,1210,The Gospel according to St. Mark,Alexander Maclaren,2026,Commentaries,Alexander Maclaren Collection,https://archive.org/download/gospelaccordingt02macluoft/gospelaccordingt02macluoft_djvu.txt,https://archive.org/download/gospelaccordingt02macluoft/gospelaccordingt02macluoft_djvu.txt,verified,verified_allowed_public_domain,verified public domain. Source reviewed from https://archive.org/download/gospelaccordingt02macluoft/gospelaccordingt02macluoft_djvu.txt.,Alexander Maclaren public-domain exposition for devotional commentary comparison and sermon preparation.,data/library/verified/the-gospel-according-to-st-mark-alexander-maclaren.txt,101915,11.3,the gospel according to st mark|alexander maclaren,1
331,Tier 3 - strong curated library,Commentary,1210,The Gospel according to St. Matthew,Alexander Maclaren,2026,Commentaries,Alexander Maclaren Collection,https://archive.org/download/gospelaccordingt403macl/gospelaccordingt403macl_djvu.txt,https://archive.org/download/gospelaccordingt403macl/gospelaccordingt403macl_djvu.txt,verified,verified_allowed_public_domain,verified public domain. Source reviewed from https://archive.org/download/gospelaccordingt403macl/gospelaccordingt403macl_djvu.txt.,Alexander Maclaren public-domain exposition for devotional commentary comparison and sermon preparation.,data/library/verified/the-gospel-according-to-st-matthew-alexander-maclaren.txt,129481,14.4,the gospel according to st matthew|alexander maclaren,1
332,Tier 3 - strong curated library,Commentary,1210,The Gospel of St. John ..,Alexander Maclaren,2026,Commentaries,Alexander Maclaren Collection,https://archive.org/download/gospelofstjohn00macl/gospelofstjohn00macl_djvu.txt,https://archive.org/download/gospelofstjohn00macl/gospelofstjohn00macl_djvu.txt,verified,verified_allowed_public_domain,verified public domain. Source reviewed from https://archive.org/download/gospelofstjohn00macl/gospelofstjohn00macl_djvu.txt.,Alexander Maclaren public-domain exposition for devotional commentary comparison and sermon preparation.,data/library/verified/the-gospel-of-st-john-alexander-maclaren.txt,72676,8.1,the gospel of st john|alexander maclaren,1
333,Tier 3 - strong curated library,Commentary,1210,The Gospel of St. Luke ..,Alexander Maclaren,2026,Commentaries,Alexander Maclaren Collection,https://archive.org/download/gospelofstluke00macl/gospelofstluke00macl_djvu.txt,https://archive.org/download/gospelofstluke00macl/gospelofstluke00macl_djvu.txt,verified,verified_allowed_public_domain,verified public domain. Source reviewed from https://archive.org/download/gospelofstluke00macl/gospelofstluke00macl_djvu.txt.,Alexander Maclaren public-domain exposition for devotional commentary comparison and sermon preparation.,data/library/verified/the-gospel-of-st-luke-alexander-maclaren.txt,115255,12.8,the gospel of st luke|alexander maclaren,1
334,Tier 3 - strong curated library,Commentary,1210,The Gospel of St. Matthew,Alexander Maclaren,2026,Commentaries,Alexander Maclaren Collection,https://archive.org/download/gospelstmatthew00macluoft/gospelstmatthew00macluoft_djvu.txt,https://archive.org/download/gospelstmatthew00macluoft/gospelstmatthew00macluoft_djvu.txt,verified,verified_allowed_public_domain,verified public domain. Source reviewed from https://archive.org/download/gospelstmatthew00macluoft/gospelstmatthew00macluoft_djvu.txt.,Alexander Maclaren public-domain exposition for devotional commentary comparison and sermon preparation.,data/library/verified/the-gospel-of-st-matthew-alexander-maclaren.txt,84529,9.4,the gospel of st matthew|alexander maclaren,1
335,Tier 3 - strong curated library,Bible Study Reference,1210,The higher criticism and the new theology,"Torrey, R. A. (Reuben Archer), 1856-1928, ed",1911,Bible study helps,Torrey Collection,https://archive.org/download/highercriticism00torr/highercriticism00torr_djvu.txt,https://archive.org/download/highercriticism00torr/highercriticism00torr_djvu.txt,verified,verified_allowed_public_domain,verified public domain. Source reviewed from https://archive.org/download/highercriticism00torr/highercriticism00torr_djvu.txt.,"R. A. Torrey Bible study, evangelism, and prayer resource for teachers and serious students. OCR text should be spot-checked before quotation.",data/library/verified/the-higher-criticism-and-the-new-theology-torrey-r-a-reuben-archer-1856-1928-ed.txt,85413,9.5,the higher criticism and the new theology|torrey r a reuben archer 1856 1928 ed,1
336,Tier 3 - strong curated library,Bible Study Reference,1210,"The Higher criticism and the new theology : unscientific, unscriptural, and unwholesome","Torrey, R. A. (Reuben Archer), 1856-1928",1911,Bible study helps,Torrey Collection,https://archive.org/download/thehighercritici00unknuoft/thehighercritici00unknuoft_djvu.txt,https://archive.org/download/thehighercritici00unknuoft/thehighercritici00unknuoft_djvu.txt,verified,verified_allowed_public_domain,verified public domain. Source reviewed from https://archive.org/download/thehighercritici00unknuoft/thehighercritici00unknuoft_djvu.txt.,"R. A. Torrey Bible study, evangelism, and prayer resource for teachers and serious students. OCR text should be spot-checked before quotation.",data/library/verified/the-higher-criticism-and-the-new-theology-unscientific-unscriptural-and-unwholesome-torrey-r-a-reuben-archer-1.txt,85477,9.5,the higher criticism and the new theology unscientific unscriptural and unwholesome|torrey r a reuben archer 1856 1928,1
337,Tier 3 - strong curated library,Christian Book,1210,The holiest of all : an exposition of the Epistle to the Hebrews,Andrew Murray,2026,Prayer,Andrew Murray Collection,https://archive.org/download/theholiestofall00murruoft/theholiestofall00murruoft_djvu.txt,https://archive.org/download/theholiestofall00murruoft/theholiestofall00murruoft_djvu.txt,verified,verified_allowed_public_domain,verified public domain. Source reviewed from https://archive.org/download/theholiestofall00murruoft/theholiestofall00murruoft_djvu.txt.,Andrew Murray public-domain prayer or devotional resource for prayer study and Christian living.,data/library/verified/the-holiest-of-all-an-exposition-of-the-epistle-to-the-hebrews-andrew-murray.txt,184979,20.6,the holiest of all an exposition of the epistle to the hebrews|andrew murray,1
338,Tier 3 - strong curated library,Bible Study Reference,1210,The Holy Spirit : who he is and what he does,R. A. Torrey,2026,Bible study helps,R. A. Torrey Collection,https://archive.org/download/holyspiritwhohei0000torr/holyspiritwhohei0000torr_djvu.txt,https://archive.org/download/holyspiritwhohei0000torr/holyspiritwhohei0000torr_djvu.txt,verified,verified_allowed_public_domain,verified public domain. Source reviewed from https://archive.org/download/holyspiritwhohei0000torr/holyspiritwhohei0000torr_djvu.txt.,"R. A. Torrey public-domain Bible study, evangelism, and prayer resource for teachers and serious students.",data/library/verified/the-holy-spirit-who-he-is-and-what-he-does-r-a-torrey.txt,60591,6.7,the holy spirit who he is and what he does|r a torrey,1
339,Tier 3 - strong curated library,Bible Study Reference,1210,"The Holy Spirit : who He is and what He does, and how to know Him in all the fulness of His gracious and glorious ministry","Torrey, R. A. (Reuben Archer), 1856-1928; Torrey, R. A. (Reuben Archer), 1856-1928. Person and work of the Holy Spirit as revealed in the Scriptures and in personal experience",2026,Bible study helps,Torrey Collection,https://archive.org/download/holyspiritwhohei00torr/holyspiritwhohei00torr_djvu.txt,https://archive.org/download/holyspiritwhohei00torr/holyspiritwhohei00torr_djvu.txt,verified,verified_allowed_public_domain,verified public domain. Source reviewed from https://archive.org/download/holyspiritwhohei00torr/holyspiritwhohei00torr_djvu.txt.,"R. A. Torrey Bible study, evangelism, and prayer resource for teachers and serious students. OCR text should be spot-checked before quotation.",data/library/verified/the-holy-spirit-who-he-is-and-what-he-does-and-how-to-know-him-in-all-the-fulness-of-his-gracious-and-glorious.txt,66967,7.4,the holy spirit who he is and what he does and how to know him in all the fulness of his gracious and glorious ministry|torrey r a reuben archer 1856 1928 torrey r a reuben archer 1856 1928 person and work of the holy spirit as revealed in the scriptures and in personal experience,1
340,Tier 3 - strong curated library,Bible Study Reference,1210,The voice of God in the present hour,"Torrey, R. A. (Reuben Archer), 1856-1928",1917,Bible study helps,Torrey Collection,https://archive.org/download/thevoiceofgodint00torruoft/thevoiceofgodint00torruoft_djvu.txt,https://archive.org/download/thevoiceofgodint00torruoft/thevoiceofgodint00torruoft_djvu.txt,verified,verified_allowed_public_domain,verified public domain. Source reviewed from https://archive.org/download/thevoiceofgodint00torruoft/thevoiceofgodint00torruoft_djvu.txt.,"R. A. Torrey Bible study, evangelism, and prayer resource for teachers and serious students. OCR text should be spot-checked before quotation.",data/library/verified/the-voice-of-god-in-the-present-hour-torrey-r-a-reuben-archer-1856-1928.txt,76091,8.5,the voice of god in the present hour|torrey r a reuben archer 1856 1928,1
341,Tier 3 - strong curated library,Bible Study Reference,1210,"Will Christ Come Again?: An Exposure of the Foolishness, Fallacies, and ...",Reuben Archer Torrey,1833,Bible study helps,Torrey Collection,https://archive.org/download/willchristcomea00torrgoog/willchristcomea00torrgoog_djvu.txt,https://archive.org/download/willchristcomea00torrgoog/willchristcomea00torrgoog_djvu.txt,verified,verified_allowed_public_domain,verified public domain. Source reviewed from https://archive.org/download/willchristcomea00torrgoog/willchristcomea00torrgoog_djvu.txt.,"R. A. Torrey Bible study, evangelism, and prayer resource for teachers and serious students. OCR text should be spot-checked before quotation.",data/library/verified/will-christ-come-again-an-exposure-of-the-foolishness-fallacies-and-reuben-archer-torrey.txt,7964,0.9,will christ come again an exposure of the foolishness fallacies and|reuben archer torrey,1
342,Tier 3 - strong curated library,Christian Book,1205,Expository preaching plans and methods,"Meyer, F. B. (Frederick Brotherton), 1847-1929",1910,Christian Living,F. B. Meyer Collection,https://archive.org/download/expositorypreach00meyeuoft/expositorypreach00meyeuoft_djvu.txt,https://archive.org/download/expositorypreach00meyeuoft/expositorypreach00meyeuoft_djvu.txt,verified,verified_allowed_public_domain,verified public domain. Source reviewed from https://archive.org/download/expositorypreach00meyeuoft/expositorypreach00meyeuoft_djvu.txt.,F. B. Meyer devotional and Bible study resource for Christian living and teaching application. OCR text should be spot-checked before quotation.,data/library/verified/expository-preaching-plans-and-methods-meyer-f-b-frederick-brotherton-1847-1929.txt,36503,4.1,expository preaching plans and methods|meyer f b frederick brotherton 1847 1929,1
343,Tier 3 - strong curated library,Christian Book,1205,Expository preaching plans and methods [microform],"Meyer, F. B. (Frederick Brotherton), 1847-1929",1910,Christian Living,F. B. Meyer Collection,https://archive.org/download/cihm_75065/cihm_75065_djvu.txt,https://archive.org/download/cihm_75065/cihm_75065_djvu.txt,verified,verified_allowed_public_domain,verified public domain. Source reviewed from https://archive.org/download/cihm_75065/cihm_75065_djvu.txt.,F. B. Meyer devotional and Bible study resource for Christian living and teaching application. OCR text should be spot-checked before quotation.,data/library/verified/expository-preaching-plans-and-methods-microform-meyer-f-b-frederick-brotherton-1847-1929.txt,34381,3.8,expository preaching plans and methods microform|meyer f b frederick brotherton 1847 1929,1
344,Tier 3 - strong curated library,Christian Book,1205,Expository preaching; plans & methods,"Meyer, F. B. (Frederick Brotherton), 1847-1929",1910,Christian Living,F. B. Meyer Collection,https://archive.org/download/expositorypreach0000meye/expositorypreach0000meye_djvu.txt,https://archive.org/download/expositorypreach0000meye/expositorypreach0000meye_djvu.txt,verified,verified_allowed_public_domain,verified public domain. Source reviewed from https://archive.org/download/expositorypreach0000meye/expositorypreach0000meye_djvu.txt.,F. B. Meyer devotional and Bible study resource for Christian living and teaching application. OCR text should be spot-checked before quotation.,data/library/verified/expository-preaching-plans-and-methods-meyer-f-b-frederick-brotherton-1847-1929-2.txt,36355,4.0,expository preaching plans methods|meyer f b frederick brotherton 1847 1929,1
345,Tier 3 - strong curated library,Bible Study Reference,1205,Lectures Introductory to the Study of the Epistles of Paul the Apostle,William Kelly,2026,Bible study helps,William Kelly,https://archive.org/download/lecturesintrodu00kellgoog/lecturesintrodu00kellgoog_djvu.txt,https://archive.org/download/lecturesintrodu00kellgoog/lecturesintrodu00kellgoog_djvu.txt,verified,verified_allowed_public_domain,verified public domain. Source reviewed from https://archive.org/download/lecturesintrodu00kellgoog/lecturesintrodu00kellgoog_djvu.txt.,Public-domain Pauline epistle survey for Bible study and teaching prep.,data/library/verified/lectures-introductory-to-the-study-of-the-epistles-of-paul-the-apostle-william-kelly.txt,187638,20.8,lectures introductory to the study of the epistles of paul the apostle|william kelly,1
346,Tier 3 - strong curated library,Christian Book,1205,Sermons on Biblical Characters,Clovis Gillham Chappell,2007,Preaching & Teaching,Preaching & Teaching,https://www.gutenberg.org/ebooks/20578,https://www.gutenberg.org/ebooks/20578.txt.utf-8,verified,verified_allowed_with_project_gutenberg_terms,Verified. Source reviewed from https://www.gutenberg.org/ebooks/20578.,Public-domain sermon resource on Bible characters.,data/library/verified/sermons-on-biblical-characters-clovis-gillham-chappell.txt,56974,6.3,sermons on biblical characters|clovis gillham chappell,1
347,Tier 3 - strong curated library,Christian Book,1205,The epistle to the Philippians : a devotional commentary,"Meyer, F. B. (Frederick Brotherton), 1847-1929",2026,Christian Living,F. B. Meyer Collection,https://archive.org/download/epistletophilipp0000meye/epistletophilipp0000meye_djvu.txt,https://archive.org/download/epistletophilipp0000meye/epistletophilipp0000meye_djvu.txt,verified,verified_allowed_public_domain,verified public domain. Source reviewed from https://archive.org/download/epistletophilipp0000meye/epistletophilipp0000meye_djvu.txt.,F. B. Meyer devotional and Bible study resource for Christian living and teaching application. OCR text should be spot-checked before quotation.,data/library/verified/the-epistle-to-the-philippians-a-devotional-commentary-meyer-f-b-frederick-brotherton-1847-1929.txt,72845,8.1,the epistle to the philippians a devotional commentary|meyer f b frederick brotherton 1847 1929,1
348,Tier 3 - strong curated library,Bible Study Reference,1205,The study and teaching of the English Bible,G. Campbell Morgan,1910,Bible study helps,G. Campbell Morgan Collection,https://archive.org/download/studyteachingofe0000morg/studyteachingofe0000morg_djvu.txt,https://archive.org/download/studyteachingofe0000morg/studyteachingofe0000morg_djvu.txt,verified,verified_allowed_public_domain,verified public domain. Source reviewed from https://archive.org/download/studyteachingofe0000morg/studyteachingofe0000morg_djvu.txt.,G. Campbell Morgan public-domain-era Bible study or preaching resource for exposition and teaching preparation.,data/library/verified/the-study-and-teaching-of-the-english-bible-g-campbell-morgan.txt,16255,1.8,the study and teaching of the english bible|g campbell morgan,1
349,Tier 3 - strong curated library,Bible Study Reference,1205,Walks and Words of Jesus: A Paragraph Harmony of the Four Evangelists,M. N. Olmsted and Randolph S. Foster,2011,Surveys,Bible Surveys,https://www.gutenberg.org/ebooks/35674,https://www.gutenberg.org/ebooks/35674.txt.utf-8,verified,verified_allowed_with_project_gutenberg_terms,verified public domain. Source reviewed from https://www.gutenberg.org/ebooks/35674.,Bible survey resource for whole-book and whole-Bible understanding.,data/library/verified/walks-and-words-of-jesus-a-paragraph-harmony-of-the-four-evangelists-m-n-olmsted-and-randolph-s-foster.txt,73589,8.2,walks and words of jesus a paragraph harmony of the four evangelists|m n olmsted and randolph s foster,1
350,Tier 3 - strong curated library,Christian Book,1200,Essentials of Prayer,Edward M. Bounds,1925,Prayer,Prayer,https://www.gutenberg.org/ebooks/73271,https://www.gutenberg.org/ebooks/73271.txt.utf-8,verified,verified_allowed_with_project_gutenberg_terms,Project Gutenberg catalog page reports public domain in the USA. Retain source/license notes for redistributed Project Gutenberg files.,"Prayer resource for devotional reading, teaching application, and spiritual growth.",data/library/verified/essentials-of-prayer.txt,36434,4.0,essentials of prayer|edward m bounds,1
351,Tier 3 - strong curated library,Bible Study Reference,1200,Jesus Himself,Andrew Murray,1893,Bible study helps,Bible study helps,https://www.gutenberg.org/ebooks/26003,https://www.gutenberg.org/ebooks/26003.txt.utf-8,verified,verified_allowed_with_project_gutenberg_terms,Project Gutenberg catalog page reports public domain in the USA. Retain source/license notes for redistributed Project Gutenberg files.,"Bible study help for background, word study, doctrine, and teaching preparation.",data/library/verified/jesus-himself.txt,11708,1.3,jesus himself|andrew murray,1
352,Tier 3 - strong curated library,Christian Book,1200,"New sermons, addresses and prayers [microform]","Moody, D. L. (Dwight Lyman), 1837-1899",2026,Evangelism,Moody Collection,https://archive.org/download/cihm_52738/cihm_52738_djvu.txt,https://archive.org/download/cihm_52738/cihm_52738_djvu.txt,verified,verified_allowed_public_domain,verified public domain. Source reviewed from https://archive.org/download/cihm_52738/cihm_52738_djvu.txt.,D. L. Moody evangelistic and devotional resource for Christian living and ministry use. OCR text should be spot-checked before quotation.,data/library/verified/new-sermons-addresses-and-prayers-microform-moody-d-l-dwight-lyman-1837-1899.txt,289242,32.1,new sermons addresses and prayers microform|moody d l dwight lyman 1837 1899,1
353,Tier 3 - strong curated library,Christian Book,1200,"New sermons, addresses and prayers [microform]",D. L. Moody,2026,Evangelism,D. L. Moody Collection,https://archive.org/download/cihm_29744/cihm_29744_djvu.txt,https://archive.org/download/cihm_29744/cihm_29744_djvu.txt,verified,verified_allowed_public_domain,verified public domain. Source reviewed from https://archive.org/download/cihm_29744/cihm_29744_djvu.txt.,"Moody public-domain evangelism, revival, or teaching resource for Gospel work and sermon preparation.",data/library/verified/new-sermons-addresses-and-prayers-microform-d-l-moody.txt,362147,40.2,new sermons addresses and prayers microform|d l moody,1
354,Tier 3 - strong curated library,Christian Book,1200,Prayer and Praying Men,Edward M. Bounds,1921,Prayer,Prayer,https://www.gutenberg.org/ebooks/70657,https://www.gutenberg.org/ebooks/70657.txt.utf-8,verified,verified_allowed_with_project_gutenberg_terms,"Published in 1921, before the current U.S. public-domain cutoff for 2026. Direct Internet Archive OCR text from item in.ernet.dli.2015.158422 imported with source-edition review and OCR spot-check labels.","Prayer resource for devotional reading, teaching application, and spiritual growth.",data/library/verified/prayer-and-praying-men.txt,38051,4.2,prayer and praying men|edward m bounds,1
355,Tier 3 - strong curated library,Christian Book,1200,Prevailing Prayer: What Hinders It?,D. L. Moody,1884,Prayer,Prayer,https://www.gutenberg.org/ebooks/61883,https://www.gutenberg.org/ebooks/61883.txt.utf-8,verified,verified_allowed_with_project_gutenberg_terms,Project Gutenberg catalog page reports public domain in the USA. Retain source/license notes for redistributed Project Gutenberg files.,"Prayer meetings, personal devotion, and teacher application.",data/library/verified/prevailing-prayer-what-hinders-it.txt,40340,4.5,prevailing prayer what hinders it|d l moody,1
356,Tier 3 - strong curated library,Christian Book,1200,Purpose in Prayer,Edward M. Bounds,1920,Prayer,Prayer,https://www.gutenberg.org/ebooks/66112,https://www.gutenberg.org/ebooks/66112.txt.utf-8,verified,verified_allowed_with_project_gutenberg_terms,Project Gutenberg catalog page reports public domain in the USA. Retain source/license notes for redistributed Project Gutenberg files.,"Prayer resource for devotional reading, teaching application, and spiritual growth.",data/library/verified/purpose-in-prayer.txt,39101,4.3,purpose in prayer|edward m bounds,1
357,Tier 3 - strong curated library,Bible Study Reference,1200,"Separation and Service; or, Thoughts on Numbers VI, VII.",James Hudson Taylor,1900,Bible study helps,Bible study helps,https://www.gutenberg.org/ebooks/26384,https://www.gutenberg.org/ebooks/26384.txt.utf-8,verified,verified_allowed_with_project_gutenberg_terms,Project Gutenberg catalog page reports public domain in the USA. Retain source/license notes for redistributed Project Gutenberg files. Source text is an undated public-domain Morgan and Scott / China Inland Mission edition.,"Teaching prep on consecration, ministry service, and missionary devotion.",data/library/verified/separation-and-service.txt,19175,2.1,separation and service or thoughts on numbers vi vii|james hudson taylor,1
358,Tier 3 - strong curated library,Commentary,1200,St. Paul's Epistles to the Colossians and Philemon,J. B. Lightfoot,2016,Commentaries,Commentary,https://www.gutenberg.org/ebooks/50857,https://www.gutenberg.org/ebooks/50857.txt.utf-8,verified,verified_allowed_with_project_gutenberg_terms,Verified. Source reviewed from https://www.gutenberg.org/ebooks/50857.,Public-domain scholarly commentary for comparison.,data/library/verified/st-paul-s-epistles-to-the-colossians-and-philemon-j-b-lightfoot.txt,216828,24.1,st paul s epistles to the colossians and philemon|j b lightfoot,1
359,Tier 3 - strong curated library,Commentary,1200,Studies in the Epistle of James,"Robertson, A. T.",2015,Commentaries,Commentary,https://www.gutenberg.org/ebooks/48411,https://www.gutenberg.org/ebooks/48411.txt.utf-8,verified,verified_allowed_with_project_gutenberg_terms,verified public domain. Source reviewed from https://www.gutenberg.org/ebooks/48411.,Public-domain commentary or exposition for secondary study after reading Scripture.,data/library/verified/studies-in-the-epistle-of-james-robertson-a-t.txt,66338,7.4,studies in the epistle of james|robertson a t,1
360,Tier 3 - strong curated library,Commentary,1200,The books of Chronicles,"Elmslie, W. A. L. (William Alexander Leslie) and Kirkpatrick, A. F. (Alexander Francis)",2023,Commentaries,Commentary,https://www.gutenberg.org/ebooks/71811,https://www.gutenberg.org/ebooks/71811.txt.utf-8,verified,verified_allowed_with_project_gutenberg_terms,verified public domain. Source reviewed from https://www.gutenberg.org/ebooks/71811.,Public-domain commentary or exposition for secondary study after reading Scripture.,data/library/verified/the-books-of-chronicles-elmslie-w-a-l-william-alexander-leslie-and-kirkpatrick-a-f-alexander-francis.txt,182396,20.3,the books of chronicles|elmslie w a l william alexander leslie and kirkpatrick a f alexander francis,1
361,Tier 3 - strong curated library,Christian Book,1200,The Reality of Prayer,Edward M. Bounds,1924,Prayer,Prayer,https://www.gutenberg.org/ebooks/73032,https://www.gutenberg.org/ebooks/73032.txt.utf-8,verified,verified_allowed_with_project_gutenberg_terms,Project Gutenberg catalog page reports public domain in the USA. Retain source/license notes for redistributed Project Gutenberg files.,"Prayer resource for devotional reading, teaching application, and spiritual growth.",data/library/verified/the-reality-of-prayer.txt,39609,4.4,the reality of prayer|edward m bounds,1
362,Tier 3 - strong curated library,Christian Book,1200,To The Work! To The Work! Exhortations to Christians,"Moody, Dwight Lyman",2010,Preaching & Teaching,Preaching & Teaching,https://www.gutenberg.org/ebooks/33014,https://www.gutenberg.org/ebooks/33014.txt.utf-8,verified,verified_allowed_with_project_gutenberg_terms,Project Gutenberg catalog/metadata source indicates public-domain availability in the USA. Retain source/license notes for redistributed Project Gutenberg files.,"Preaching and teaching help for illustrations, exposition, and lesson preparation.",data/library/verified/to-the-work-to-the-work-exhortations-to-christians.txt,44757,5.0,to the work to the work exhortations to christians|moody dwight lyman,1
363,Tier 3 - strong curated library,Bible Study Reference,1200,"Union and Communion; or, Thoughts on the Song of Solomon",James Hudson Taylor,1900,Bible study helps,Bible study helps,https://www.gutenberg.org/ebooks/26172,https://www.gutenberg.org/ebooks/26172.txt.utf-8,verified,verified_allowed_with_project_gutenberg_terms,Project Gutenberg catalog page reports public domain in the USA. Retain source/license notes for redistributed Project Gutenberg files. Source text is an undated public-domain Morgan and Scott / China Inland Mission edition.,"Devotional reading, Christ-centered application, and teacher background with discernment.",data/library/verified/union-and-communion.txt,20574,2.3,union and communion or thoughts on the song of solomon|james hudson taylor,1
364,Tier 3 - strong curated library,Christian Book,1195,A Baptist Abroad: Travels and Adventures of Europe and all Bible Lands,Walter Andrew Whittle,2016,Baptist History,Baptist History,https://www.gutenberg.org/ebooks/50879,https://www.gutenberg.org/ebooks/50879.txt.utf-8,verified,verified_allowed_with_project_gutenberg_terms,verified public domain. Source reviewed from https://www.gutenberg.org/ebooks/50879.,Baptist history or Baptist theology resource for historical study and teaching illustrations.,data/library/verified/a-baptist-abroad-travels-and-adventures-of-europe-and-all-bible-lands-walter-andrew-whittle.txt,118574,13.2,a baptist abroad travels and adventures of europe and all bible lands|walter andrew whittle,1
365,Tier 3 - strong curated library,Bible Study Reference,1195,Anecdotes and illustrations,"Torrey, R. A. (Reuben Archer), 1856-1928",1907,Bible study helps,Torrey Collection,https://archive.org/download/anecdotesillustr00torr/anecdotesillustr00torr_djvu.txt,https://archive.org/download/anecdotesillustr00torr/anecdotesillustr00torr_djvu.txt,verified,verified_allowed_public_domain,verified public domain. Source reviewed from https://archive.org/download/anecdotesillustr00torr/anecdotesillustr00torr_djvu.txt.,"R. A. Torrey Bible study, evangelism, and prayer resource for teachers and serious students. OCR text should be spot-checked before quotation.",data/library/verified/anecdotes-and-illustrations-torrey-r-a-reuben-archer-1856-1928.txt,55013,6.1,anecdotes and illustrations|torrey r a reuben archer 1856 1928,1
366,Tier 3 - strong curated library,Bible Study Reference,1195,Anecdotes and Illustrations,Reuben Archer Torrey,1907,Bible study helps,Torrey Collection,https://archive.org/download/anecdotesandill00torrgoog/anecdotesandill00torrgoog_djvu.txt,https://archive.org/download/anecdotesandill00torrgoog/anecdotesandill00torrgoog_djvu.txt,verified,verified_allowed_public_domain,verified public domain. Source reviewed from https://archive.org/download/anecdotesandill00torrgoog/anecdotesandill00torrgoog_djvu.txt.,"R. A. Torrey Bible study, evangelism, and prayer resource for teachers and serious students. OCR text should be spot-checked before quotation.",data/library/verified/anecdotes-and-illustrations-reuben-archer-torrey.txt,54252,6.0,anecdotes and illustrations|reuben archer torrey,1
367,Tier 3 - strong curated library,Bible Study Reference,1195,Bible Readings for the Home Circle,Various,2010,Bible study helps,Bible Study Essentials,https://www.gutenberg.org/ebooks/34520,https://www.gutenberg.org/ebooks/34520.txt.utf-8,verified,verified_allowed_with_project_gutenberg_terms,verified public domain. Source reviewed from https://www.gutenberg.org/ebooks/34520.,"Bible study help for devotional reading, teaching preparation, and topical review.",data/library/verified/bible-readings-for-the-home-circle-various.txt,247295,27.5,bible readings for the home circle|various,1
368,Tier 3 - strong curated library,Christian Book,1195,Curiosities of Christian History Prior to the Reformation,"Paterson, James",2012,Baptist History,Baptist History,https://www.gutenberg.org/ebooks/39966,https://www.gutenberg.org/ebooks/39966.txt.utf-8,verified,verified_allowed_with_project_gutenberg_terms,verified public domain. Source reviewed from https://www.gutenberg.org/ebooks/39966.,Church history and Baptist-history-adjacent resource for historical background and discernment.,data/library/verified/curiosities-of-christian-history-prior-to-the-reformation-paterson-james.txt,228468,25.4,curiosities of christian history prior to the reformation|paterson james,1
369,Tier 3 - strong curated library,Bible Study Reference,1195,Evidences of Christianity,William Paley,2005,Bible study helps,Apologetics & Evidences,https://www.gutenberg.org/ebooks/14780,https://www.gutenberg.org/ebooks/14780.txt.utf-8,verified,verified_allowed_with_project_gutenberg_terms,verified public domain. Source reviewed from https://www.gutenberg.org/ebooks/14780.,"Classic public-domain apologetics resource for evidence, historical credibility, and teacher preparation.",data/library/verified/evidences-of-christianity-william-paley.txt,130989,14.6,evidences of christianity|william paley,1
370,Tier 3 - strong curated library,Christian Book,1195,Expository thoughts on the Gospel of Saint Matthew,"Ryle, J. C. (John Charles), 1816-1900",2026,Christian Living,Ryle Collection,https://archive.org/download/expositorythough0000ryle/expositorythough0000ryle_djvu.txt,https://archive.org/download/expositorythough0000ryle/expositorythough0000ryle_djvu.txt,verified,verified_allowed_public_domain,verified public domain. Source reviewed from https://archive.org/download/expositorythough0000ryle/expositorythough0000ryle_djvu.txt.,"J. C. Ryle practical Christian resource for discipleship, teaching, and devotional reading. OCR text should be spot-checked before quotation.",data/library/verified/expository-thoughts-on-the-gospel-of-saint-matthew-ryle-j-c-john-charles-1816-1900.txt,142470,15.8,expository thoughts on the gospel of saint matthew|ryle j c john charles 1816 1900,1
371,Tier 3 - strong curated library,Christian Book,1195,Expository thoughts on the Gospels,"Ryle, J. C. (John Charles), 1816-1900",2026,Christian Living,Ryle Collection,https://archive.org/download/expositorythough00rylerich/expositorythough00rylerich_djvu.txt,https://archive.org/download/expositorythough00rylerich/expositorythough00rylerich_djvu.txt,verified,verified_allowed_public_domain,verified public domain. Source reviewed from https://archive.org/download/expositorythough00rylerich/expositorythough00rylerich_djvu.txt.,"J. C. Ryle practical Christian resource for discipleship, teaching, and devotional reading. OCR text should be spot-checked before quotation.",data/library/verified/expository-thoughts-on-the-gospels-ryle-j-c-john-charles-1816-1900.txt,142696,15.9,expository thoughts on the gospels|ryle j c john charles 1816 1900,1
372,Tier 3 - strong curated library,Christian Book,1195,"Expository thoughts on the Gospels : for family and private use, with the text complete ..","Ryle, J. C. (John Charles), 1816-1900",2026,Christian Living,Ryle Collection,https://archive.org/download/expositorythough05ryle/expositorythough05ryle_djvu.txt,https://archive.org/download/expositorythough05ryle/expositorythough05ryle_djvu.txt,verified,verified_allowed_public_domain,verified public domain. Source reviewed from https://archive.org/download/expositorythough05ryle/expositorythough05ryle_djvu.txt.,"J. C. Ryle practical Christian resource for discipleship, teaching, and devotional reading. OCR text should be spot-checked before quotation.",data/library/verified/expository-thoughts-on-the-gospels-for-family-and-private-use-with-the-text-complete-ryle-j-c-john-charles-181.txt,196251,21.8,expository thoughts on the gospels for family and private use with the text complete|ryle j c john charles 1816 1900,1
373,Tier 3 - strong curated library,Christian Book,1195,"Expository thoughts on the Gospels : for family and private use, with the text complete ..",J. C. Ryle,2026,Christian Living,J. C. Ryle Collection,https://archive.org/download/expositorythough06ryle/expositorythough06ryle_djvu.txt,https://archive.org/download/expositorythough06ryle/expositorythough06ryle_djvu.txt,verified,verified_allowed_public_domain,verified public domain. Source reviewed from https://archive.org/download/expositorythough06ryle/expositorythough06ryle_djvu.txt.,"J. C. Ryle public-domain devotional, doctrinal, or expository work for discipleship and teaching.",data/library/verified/expository-thoughts-on-the-gospels-for-family-and-private-use-with-the-text-complete-j-c-ryle.txt,171876,19.1,expository thoughts on the gospels for family and private use with the text complete|j c ryle,1
374,Tier 3 - strong curated library,Christian Book,1195,Expository thoughts on the gospels : St. Mark : for family and private use,"Ryle, J. C. (John Charles), 1816-1900",1661,Christian Living,Ryle Collection,https://archive.org/download/expositorythough00ryleuoft/expositorythough00ryleuoft_djvu.txt,https://archive.org/download/expositorythough00ryleuoft/expositorythough00ryleuoft_djvu.txt,verified,verified_allowed_public_domain,verified public domain. Source reviewed from https://archive.org/download/expositorythough00ryleuoft/expositorythough00ryleuoft_djvu.txt.,"J. C. Ryle practical Christian resource for discipleship, teaching, and devotional reading. OCR text should be spot-checked before quotation.",data/library/verified/expository-thoughts-on-the-gospels-st-mark-for-family-and-private-use-ryle-j-c-john-charles-1816-1900.txt,131105,14.6,expository thoughts on the gospels st mark for family and private use|ryle j c john charles 1816 1900,1
375,Tier 3 - strong curated library,Christian Book,1195,Expository thoughts on the Gospels ... With the text complete,"Ryle, J. C. (John Charles), 1816-1900",1565,Christian Living,Ryle Collection,https://archive.org/download/expositorythoug08rylegoog/expositorythoug08rylegoog_djvu.txt,https://archive.org/download/expositorythoug08rylegoog/expositorythoug08rylegoog_djvu.txt,verified,verified_allowed_public_domain,verified public domain. Source reviewed from https://archive.org/download/expositorythoug08rylegoog/expositorythoug08rylegoog_djvu.txt.,"J. C. Ryle practical Christian resource for discipleship, teaching, and devotional reading. OCR text should be spot-checked before quotation.",data/library/verified/expository-thoughts-on-the-gospels-with-the-text-complete-ryle-j-c-john-charles-1816-1900.txt,157101,17.5,expository thoughts on the gospels with the text complete|ryle j c john charles 1816 1900,1
376,Tier 3 - strong curated library,Christian Book,1195,"Expository thoughts on the Gospels, with the text complete",John Charles Ryle,2026,Christian Living,Ryle Collection,https://archive.org/download/expositorythoug06rylegoog/expositorythoug06rylegoog_djvu.txt,https://archive.org/download/expositorythoug06rylegoog/expositorythoug06rylegoog_djvu.txt,verified,verified_allowed_public_domain,verified public domain. Source reviewed from https://archive.org/download/expositorythoug06rylegoog/expositorythoug06rylegoog_djvu.txt.,"J. C. Ryle practical Christian resource for discipleship, teaching, and devotional reading. OCR text should be spot-checked before quotation.",data/library/verified/expository-thoughts-on-the-gospels-with-the-text-complete-john-charles-ryle.txt,155357,17.3,expository thoughts on the gospels with the text complete|john charles ryle,1
377,Tier 3 - strong curated library,Christian Book,1195,Expository Thoughts on the Gospels: For Family and Private Use. With the Text Complete,John Charles Ryle,2026,Christian Living,Ryle Collection,https://archive.org/download/expositorythoug02rylegoog/expositorythoug02rylegoog_djvu.txt,https://archive.org/download/expositorythoug02rylegoog/expositorythoug02rylegoog_djvu.txt,verified,verified_allowed_public_domain,verified public domain. Source reviewed from https://archive.org/download/expositorythoug02rylegoog/expositorythoug02rylegoog_djvu.txt.,"J. C. Ryle practical Christian resource for discipleship, teaching, and devotional reading. OCR text should be spot-checked before quotation.",data/library/verified/expository-thoughts-on-the-gospels-for-family-and-private-use-with-the-text-complete-john-charles-ryle.txt,196819,21.9,expository thoughts on the gospels for family and private use with the text complete|john charles ryle,1
378,Tier 3 - strong curated library,Bible Study Reference,1195,Oriental Religions and Christianity,Frank F. Ellinwood,2005,Bible study helps,False Religion & Discernment,https://www.gutenberg.org/ebooks/14867,https://www.gutenberg.org/ebooks/14867.txt.utf-8,verified,verified_allowed_with_project_gutenberg_terms,verified public domain. Source reviewed from https://www.gutenberg.org/ebooks/14867.,Public-domain missions/apologetics lectures comparing Christianity with Eastern religions.,data/library/verified/oriental-religions-and-christianity-frank-f-ellinwood.txt,106773,11.9,oriental religions and christianity|frank f ellinwood,1
379,Tier 3 - strong curated library,Bible Study Reference,1195,Paganism Surviving in Christianity,Abram Herbert Lewis,2018,Bible study helps,False Religion & Discernment,https://www.gutenberg.org/ebooks/56650,https://www.gutenberg.org/ebooks/56650.txt.utf-8,verified,verified_allowed_with_project_gutenberg_terms,verified public domain. Source reviewed from https://www.gutenberg.org/ebooks/56650.,Public-domain historical/religious-background resource; use carefully and keep Scripture primary.,data/library/verified/paganism-surviving-in-christianity-abram-herbert-lewis.txt,81849,9.1,paganism surviving in christianity|abram herbert lewis,1
380,Tier 3 - strong curated library,Bible Study Reference,1195,Practical and perplexing questions answered /,"Torrey, R. A. (Reuben Archer), 1856-1928",1905,Bible study helps,Torrey Collection,https://archive.org/download/practicalperplex01torr_0/practicalperplex01torr_0_djvu.txt,https://archive.org/download/practicalperplex01torr_0/practicalperplex01torr_0_djvu.txt,verified,verified_allowed_public_domain,verified public domain. Source reviewed from https://archive.org/download/practicalperplex01torr_0/practicalperplex01torr_0_djvu.txt.,"R. A. Torrey Bible study, evangelism, and prayer resource for teachers and serious students. OCR text should be spot-checked before quotation.",data/library/verified/practical-and-perplexing-questions-answered-torrey-r-a-reuben-archer-1856-1928.txt,47074,5.2,practical and perplexing questions answered|torrey r a reuben archer 1856 1928,1
381,Tier 3 - strong curated library,Bible Study Reference,1195,Quiet Talks on John's Gospel,S. D. Gordon,2005,Bible study helps,Bible Study Essentials,https://www.gutenberg.org/ebooks/15185,https://www.gutenberg.org/ebooks/15185.txt.utf-8,verified,verified_allowed_with_project_gutenberg_terms,verified public domain. Source reviewed from https://www.gutenberg.org/ebooks/15185.,"Bible study help for background, doctrine, and teaching preparation.",data/library/verified/quiet-talks-on-john-s-gospel-s-d-gordon.txt,61130,6.8,quiet talks on john s gospel|s d gordon,1
382,Tier 3 - strong curated library,Bible Study Reference,1195,The Astronomy of the Bible,E. Walter Maunder,2009,Bible study helps,Bible Study,https://www.gutenberg.org/ebooks/28536,https://www.gutenberg.org/ebooks/28536.txt.utf-8,verified,verified_allowed_with_project_gutenberg_terms,Verified. Source reviewed from https://www.gutenberg.org/ebooks/28536.,Public-domain background resource for Bible references to astronomy.,data/library/verified/the-astronomy-of-the-bible-e-walter-maunder.txt,104228,11.6,the astronomy of the bible|e walter maunder,1
383,Tier 3 - strong curated library,Bible Study Reference,1195,The Book of Revelation : a study of the last prophetic book of Holy Scripture,Clarence Larkin,1919,KJV / Textual Issues,Clarence Larkin Collection,https://archive.org/download/bookofrevelation00lark/bookofrevelation00lark_djvu.txt,https://archive.org/download/bookofrevelation00lark/bookofrevelation00lark_djvu.txt,verified,verified_allowed_public_domain,verified public domain. Source reviewed from https://archive.org/download/bookofrevelation00lark/bookofrevelation00lark_djvu.txt.,Clarence Larkin public-domain-era Bible study chart or prophecy resource; use with visible discernment labels.,data/library/verified/the-book-of-revelation-a-study-of-the-last-prophetic-book-of-holy-scripture-clarence-larkin.txt,97639,10.8,the book of revelation a study of the last prophetic book of holy scripture|clarence larkin,1
384,Tier 3 - strong curated library,Bible Study Reference,1195,The Causes of the Corruption of the Traditional Text of the Holy Gospels / Being the Sequel to The Traditional Text of the Holy Gospels,"Burgon, John William; Miller, Edward",2007,Bible study helps,Bible study helps,https://www.gutenberg.org/ebooks/21112,https://www.gutenberg.org/ebooks/21112.txt.utf-8,verified,verified_allowed_with_project_gutenberg_terms,Project Gutenberg catalog/metadata source indicates public-domain availability in the USA. Retain source/license notes for redistributed Project Gutenberg files.,"Bible study help for background, word study, doctrine, and teaching preparation.",data/library/verified/the-causes-of-the-corruption-of-the-traditional-text-of-the-holy-gospels-being-the-sequel.txt,100293,11.1,the causes of the corruption of the traditional text of the holy gospels being the sequel to the traditional text of the holy gospels|burgon john william miller edward,1
385,Tier 3 - strong curated library,Bible Study Reference,1195,The Gospels in the Second Century An Examination of the Critical Part of a Work Entitled 'Supernatural Religion',W. Sanday,2004,Bible study helps,KJV / Textual Issues,https://www.gutenberg.org/ebooks/10955,https://www.gutenberg.org/ebooks/10955.txt.utf-8,verified,verified_allowed_with_project_gutenberg_terms,verified public domain. Source reviewed from https://www.gutenberg.org/ebooks/10955.,Historical Bible study or textual-issues resource; use for background with doctrinal care.,data/library/verified/the-gospels-in-the-second-century-an-examination-of-the-critical-part-of-a-work-entitled-supernatural-religion.txt,114265,12.7,the gospels in the second century an examination of the critical part of a work entitled supernatural religion|w sanday,1
386,Tier 3 - strong curated library,Bible Study Reference,1195,The Greatest English Classic / A Study of the King James Version of the Bible and Its Influence on Life and Literature,"McAfee, Cleland Boyd",1999,Bible study helps,Bible study helps,https://www.gutenberg.org/ebooks/1592,https://www.gutenberg.org/ebooks/1592.txt.utf-8,verified,verified_allowed_with_project_gutenberg_terms,Project Gutenberg catalog/metadata source indicates public-domain availability in the USA. Retain source/license notes for redistributed Project Gutenberg files.,"Bible study help for background, word study, doctrine, and teaching preparation.",data/library/verified/the-greatest-english-classic-a-study-of-the-king-james-version-of-the-bible-and-its-influe.txt,67168,7.5,the greatest english classic a study of the king james version of the bible and its influence on life and literature|mcafee cleland boyd,1
387,Tier 3 - strong curated library,Bible Study Reference,1195,The Last Twelve Verses of the Gospel According to S. Mark,"Burgon, John William",2008,Bible study helps,Bible study helps,https://www.gutenberg.org/ebooks/26134,https://www.gutenberg.org/ebooks/26134.txt.utf-8,verified,verified_allowed_with_project_gutenberg_terms,Project Gutenberg catalog/metadata source indicates public-domain availability in the USA. Retain source/license notes for redistributed Project Gutenberg files.,"Bible study help for background, word study, doctrine, and teaching preparation.",data/library/verified/the-last-twelve-verses-of-the-gospel-according-to-s-mark.txt,132048,14.7,the last twelve verses of the gospel according to s mark|burgon john william,1
388,Tier 3 - strong curated library,Christian Book,1195,The Ministry of Intercession,Andrew Murray,1897,Prayer,Prayer,https://www.gutenberg.org/ebooks/29296,https://www.gutenberg.org/ebooks/29296.txt.utf-8,verified,verified_allowed_with_project_gutenberg_terms,Project Gutenberg catalog page reports public domain in the USA. Retain source/license notes for redistributed Project Gutenberg files.,"Prayer resource for devotional reading, teaching application, and spiritual growth.",data/library/verified/the-ministry-of-intercession.txt,58182,6.5,the ministry of intercession|andrew murray,1
389,Tier 3 - strong curated library,Christian Book,1195,"The Pulpit Of The Reformation, Nos. 1, 2, 3 and 4.","Welch, John and Knox, John",2009,Preaching & Teaching,Preaching & Teaching,https://www.gutenberg.org/ebooks/28104,https://www.gutenberg.org/ebooks/28104.txt.utf-8,verified,verified_allowed_with_project_gutenberg_terms,verified public domain. Source reviewed from https://www.gutenberg.org/ebooks/28104.,"Preaching and teaching help for illustrations, exposition, and lesson preparation.",data/library/verified/the-pulpit-of-the-reformation-nos-1-2-3-and-4-welch-john-and-knox-john.txt,32065,3.6,the pulpit of the reformation nos and|welch john and knox john,1
390,Tier 3 - strong curated library,Bible Study Reference,1195,The Traditional Text of the Holy Gospels,"Burgon, John William; Miller, Edward",2012,Bible study helps,Bible study helps,https://www.gutenberg.org/ebooks/38960,https://www.gutenberg.org/ebooks/38960.txt.utf-8,verified,verified_allowed_with_project_gutenberg_terms,Project Gutenberg catalog/metadata source indicates public-domain availability in the USA. Retain source/license notes for redistributed Project Gutenberg files.,"Bible study help for background, word study, doctrine, and teaching preparation.",data/library/verified/the-traditional-text-of-the-holy-gospels.txt,107936,12.0,the traditional text of the holy gospels|burgon john william miller edward,1
391,Tier 3 - strong curated library,Christian Book,1190,Christ in the Old Testament,C. H. Spurgeon,1899,Preaching & Teaching,Spurgeon Collection,https://archive.org/download/christinoldtesta00spur/christinoldtesta00spur_djvu.txt,https://archive.org/download/christinoldtesta00spur/christinoldtesta00spur_djvu.txt,verified,verified_allowed_public_domain,"Published in 1899, before the current U.S. public-domain cutoff for 2026. Direct Internet Archive OCR text from item christinoldtesta00spur imported with source-edition review and OCR spot-check labels.",Sermons on Old Testament foreshadowings of Christ for preaching and teaching support.,data/library/verified/christ-in-the-old-testament-c-h-spurgeon.txt,439548,48.8,christ in the old testament|c h spurgeon,1
392,Tier 3 - strong curated library,Bible Study Reference,1190,Difficulties in the Bible,R. A. Torrey,1907,KJV / Textual Issues,R. A. Torrey Collection,https://archive.org/download/difficultiesinbi0000rato/difficultiesinbi0000rato_djvu.txt,https://archive.org/download/difficultiesinbi0000rato/difficultiesinbi0000rato_djvu.txt,verified,verified_allowed_public_domain,"Published in 1907, before the current U.S. public-domain cutoff for 2026. Direct Internet Archive OCR text from item difficultiesinbi0000rato imported with source-edition review and OCR spot-check labels.","Bible difficulties and apologetics resource for careful study, teaching, and sermon support.",data/library/verified/difficulties-in-the-bible-r-a-torrey.txt,37244,4.1,difficulties in the bible|r a torrey,1
393,Tier 3 - strong curated library,Bible Study Reference,1190,In the Beginning and the Adamic Earth,William Kelly,1907,Bible study helps,William Kelly Collection,https://archive.org/download/inbeginningandad0000will/inbeginningandad0000will_djvu.txt,https://archive.org/download/inbeginningandad0000will/inbeginningandad0000will_djvu.txt,verified,verified_allowed_public_domain,"Published in 1907, before the current U.S. public-domain cutoff for 2026. Direct Internet Archive OCR text from item inbeginningandad0000will imported with source-edition review and OCR spot-check labels.",Genesis exposition and doctrinal study resource for teachers and serious Bible students.,data/library/verified/in-the-beginning-and-the-adamic-earth-william-kelly.txt,35689,4.0,in the beginning and the adamic earth|william kelly,1
394,Tier 3 - strong curated library,Christian Book,1190,Only a Prayer Meeting,C. H. Spurgeon,1901,Prayer,Spurgeon Collection,https://archive.org/details/onlyprayermeetin0000chsp,https://archive.org/download/onlyprayermeetin0000chsp/onlyprayermeetin0000chsp_djvu.txt,verified,verified_allowed_public_domain,Internet Archive scan dated 1901. C. H. Spurgeon died in 1892; this edition is public domain in the United States.,"Use for prayer meeting preparation, devotional reading, and church prayer encouragement.",data/library/verified/only-a-prayer-meeting-c-h-spurgeon.txt,101444,11.3,only a prayer meeting|c h spurgeon,1
395,Tier 3 - strong curated library,Christian Book,1190,"The cheque book of the bank of faith : being precious promises arranged for daily use, with brief experimental comments","Spurgeon, C. H. (Charles Haddon), 1834-1892",2026,Preaching & Teaching,Spurgeon Collection,https://archive.org/download/chequebookofbank00spur/chequebookofbank00spur_djvu.txt,https://archive.org/download/chequebookofbank00spur/chequebookofbank00spur_djvu.txt,verified,verified_allowed_public_domain,verified public domain. Source reviewed from https://archive.org/download/chequebookofbank00spur/chequebookofbank00spur_djvu.txt.,"Spurgeon preaching, devotional, and teaching resource for sermon preparation and Christian living. OCR text should be spot-checked before quotation.",data/library/verified/the-cheque-book-of-the-bank-of-faith-being-precious-promises-arranged-for-daily-use-with-brief-experimental-co.txt,99539,11.1,the cheque book of the bank of faith being precious promises arranged for daily use with brief experimental comments|spurgeon c h charles haddon 1834 1892,1
396,Tier 3 - strong curated library,Christian Book,1185,A History of the Baptists,Thomas Armitage,1538,Baptist History,Baptist History Collection,https://archive.org/download/historyofbaptis00armi/historyofbaptis00armi_djvu.txt,https://archive.org/download/historyofbaptis00armi/historyofbaptis00armi_djvu.txt,verified,verified_allowed_public_domain,verified public domain. Source reviewed from https://archive.org/download/historyofbaptis00armi/historyofbaptis00armi_djvu.txt.,Major Baptist history work useful for serious Baptist-history study and teaching.,data/library/verified/a-history-of-the-baptists-thomas-armitage.txt,328615,36.5,a history of the baptists|thomas armitage,1
397,Tier 3 - strong curated library,Christian Book,1185,"Calvinistic Controversy: Embracing a Sermon on Predestination and Election and Several Numbers, Formally Published in the Christian Advocate and Journ","Fisk, Wilbur",2011,Preaching & Teaching,Preaching & Teaching,https://www.gutenberg.org/ebooks/38232,https://www.gutenberg.org/ebooks/38232.txt.utf-8,verified,verified_allowed_with_project_gutenberg_terms,verified public domain. Source reviewed from https://www.gutenberg.org/ebooks/38232.,"Preaching and teaching help for illustrations, exposition, and lesson preparation.",data/library/verified/calvinistic-controversy-embracing-a-sermon-on-predestination-and-election-and-several-numbers-formally-publish.txt,80803,9.0,calvinistic controversy embracing a sermon on predestination and election and several numbers formally published in the christian advocate and journ|fisk wilbur,1
398,Tier 3 - strong curated library,Christian Book,1185,New Forces in Old China: An Inevitable Awakening,Arthur Judson Brown,1999,Missions,Missions Biographies,https://www.gutenberg.org/ebooks/1675,https://www.gutenberg.org/ebooks/1675.txt.utf-8,verified,verified_allowed_with_project_gutenberg_terms,verified public domain. Source reviewed from https://www.gutenberg.org/ebooks/1675.,"Missions biography and history for examples, context, and burden for evangelism and prayer.",data/library/verified/new-forces-in-old-china-an-inevitable-awakening-arthur-judson-brown.txt,122234,13.6,new forces in old china an inevitable awakening|arthur judson brown,1
399,Tier 3 - strong curated library,Commentary,1185,"The Morning of Spiritual Youth Improved, in the Prospect of Old Age and Its Infirmities: Being a Literal and Spiritual Paraphrase on the Twelfth Chapt","Church, J. (John)",2018,Commentaries,Commentary,https://www.gutenberg.org/ebooks/58012,https://www.gutenberg.org/ebooks/58012.txt.utf-8,verified,verified_allowed_with_project_gutenberg_terms,verified public domain. Source reviewed from https://www.gutenberg.org/ebooks/58012.,Public-domain commentary or exposition for secondary study after reading Scripture.,data/library/verified/the-morning-of-spiritual-youth-improved-in-the-prospect-of-old-age-and-its-infirmities-being-a-literal-and-spi.txt,32375,3.6,the morning of spiritual youth improved in the prospect of old age and its infirmities being a literal and spiritual paraphrase on the twelfth chapt|church j john,1
400,Tier 3 - strong curated library,Commentary,1185,The Shepherd Of My Soul,"Callan, Charles J. (Charles Jerome)",2009,Commentaries,Commentary,https://www.gutenberg.org/ebooks/30579,https://www.gutenberg.org/ebooks/30579.txt.utf-8,verified,verified_allowed_with_project_gutenberg_terms,verified public domain. Source reviewed from https://www.gutenberg.org/ebooks/30579.,Public-domain commentary or exposition for secondary study after reading Scripture.,data/library/verified/the-shepherd-of-my-soul-callan-charles-j-charles-jerome.txt,34629,3.8,the shepherd of my soul|callan charles j charles jerome,1
401,Tier 3 - strong curated library,Commentary,1180,A letter relating to the division at Montreal [microform],"Grant, F. W. (Frederick William), 1834-1902",2026,Commentaries,F. W. Grant Collection,https://archive.org/download/cihm_60949/cihm_60949_djvu.txt,https://archive.org/download/cihm_60949/cihm_60949_djvu.txt,verified,verified_allowed_public_domain,verified public domain. Source reviewed from https://archive.org/download/cihm_60949/cihm_60949_djvu.txt.,F. W. Grant Bible exposition or doctrinal resource for study and teaching preparation. OCR text should be spot-checked before quotation.,data/library/verified/a-letter-relating-to-the-division-at-montreal-microform-grant-f-w-frederick-william-1834-1902.txt,4830,0.5,a letter relating to the division at montreal microform|grant f w frederick william 1834 1902,1
402,Tier 3 - strong curated library,Bible Study Reference,1180,"Christ, Christianity and the Bible","Haldeman, Isaac Massey",2009,Bible study helps,Bible Study Essentials,https://www.gutenberg.org/ebooks/30160,https://www.gutenberg.org/ebooks/30160.txt.utf-8,verified,verified_allowed_with_project_gutenberg_terms,verified public domain. Source reviewed from https://www.gutenberg.org/ebooks/30160.,"Bible study help for background, doctrine, textual issues, and teaching preparation.",data/library/verified/christ-christianity-and-the-bible-haldeman-isaac-massey.txt,37251,4.1,christ christianity and the bible|haldeman isaac massey,1
403,Tier 3 - strong curated library,Bible Study Reference,1180,Creation and Its Records A Brief Statement of Christian Belief with Reference to Modern Facts and Ancient Scripture,B. H. Baden-Powell,2004,Bible study helps,KJV / Textual Issues,https://www.gutenberg.org/ebooks/12852,https://www.gutenberg.org/ebooks/12852.txt.utf-8,verified,verified_allowed_with_project_gutenberg_terms,verified public domain. Source reviewed from https://www.gutenberg.org/ebooks/12852.,Historical Bible study or textual-issues resource; use for background with doctrinal care.,data/library/verified/creation-and-its-records-a-brief-statement-of-christian-belief-with-reference-to-modern-facts-and-ancient-scri.txt,59050,6.6,creation and its records a brief statement of christian belief with reference to modern facts and ancient scripture|b h baden powell,1
404,Tier 3 - strong curated library,Bible Study Reference,1180,Men of the Bible; Some Lesser-Known Characters,Various,2004,Bible study helps,Bible Study,https://www.gutenberg.org/ebooks/13860,https://www.gutenberg.org/ebooks/13860.txt.utf-8,verified,verified_allowed_with_project_gutenberg_terms,Verified. Source reviewed from https://www.gutenberg.org/ebooks/13860.,Public-domain Bible character studies.,data/library/verified/men-of-the-bible-some-lesser-known-characters-various.txt,52591,5.8,men of the bible some lesser known characters|various,1
405,Tier 3 - strong curated library,Christian Book,1180,Power Through Prayer,Edward M. Bounds,1910,Prayer,Prayer,https://www.gutenberg.org/ebooks/65115,https://www.gutenberg.org/ebooks/65115.txt.utf-8,verified,verified_allowed_with_project_gutenberg_terms,Project Gutenberg catalog page reports public domain in the USA. Retain source/license notes for redistributed Project Gutenberg files.,"Prayer resource for devotional reading, teaching application, and spiritual growth.",data/library/verified/power-through-prayer.txt,24817,2.8,power through prayer|edward m bounds,1
406,Tier 3 - strong curated library,Christian Book,1180,Talks to Farmers,C. H. Spurgeon,1889,Preaching & Teaching,Preaching & Teaching,https://www.gutenberg.org/ebooks/42518,https://www.gutenberg.org/ebooks/42518.txt.utf-8,verified,verified_allowed_with_project_gutenberg_terms,Project Gutenberg catalog page reports public domain in the USA. Retain source/license notes for redistributed Project Gutenberg files.,"Preaching illustrations, devotional reading, and teaching application.",data/library/verified/talks-to-farmers.txt,99822,11.1,talks to farmers|c h spurgeon,1
407,Tier 3 - strong curated library,Bible Study Reference,1180,The Book of Religions,John Hayward,2009,Dictionaries,Dictionaries,https://www.gutenberg.org/ebooks/30323,https://www.gutenberg.org/ebooks/30323.txt.utf-8,verified,verified_allowed_with_project_gutenberg_terms,Verified. Source reviewed from https://www.gutenberg.org/ebooks/30323.,Public-domain historical reference on denominations and religious statistics.,data/library/verified/the-book-of-religions-john-hayward.txt,142152,15.8,the book of religions|john hayward,1
408,Tier 3 - strong curated library,Bible Study Reference,1180,The Proofs of Christ's Resurrection; from a Lawyer's Standpoint,Charles R. Morrison,2022,Bible study helps,Apologetics & Evidences,https://www.gutenberg.org/ebooks/67151,https://www.gutenberg.org/ebooks/67151.txt.utf-8,verified,verified_allowed_with_project_gutenberg_terms,verified public domain. Source reviewed from https://www.gutenberg.org/ebooks/67151.,"Public-domain resurrection apologetics resource useful for evangelism, teaching, and sermon preparation.",data/library/verified/the-proofs-of-christ-s-resurrection-from-a-lawyer-s-standpoint-charles-r-morrison.txt,55071,6.1,the proofs of christ s resurrection from a lawyer s standpoint|charles r morrison,1
409,Tier 3 - strong curated library,Christian Book,1175,"An Enquiry into the Obligations of Christians to Use Means for the Conversion of the Heathens / In Which the Religious State of the Different Nations of the World, the Success of Former Undertakings, and the Practicability of Further Undertakings, Are Considered","Carey, William",2004,Baptist History,Baptist History,https://www.gutenberg.org/ebooks/11449,https://www.gutenberg.org/ebooks/11449.txt.utf-8,verified,verified_allowed_with_project_gutenberg_terms,Project Gutenberg catalog/metadata source indicates public-domain availability in the USA. Retain source/license notes for redistributed Project Gutenberg files.,"Baptist history resource for church heritage, doctrine, and historical context.",data/library/verified/an-enquiry-into-the-obligations-of-christians-to-use-means-for-the-conversion-of-the-heath.txt,17985,2.0,an enquiry into the obligations of christians to use means for the conversion of the heathens in which the religious state of the different nations of the world the success of former undertakings and the practicability of further undertakings are considered|carey william,1
410,Tier 3 - strong curated library,Christian Book,1175,Baptism as taught in the Bible and the Prayer Book,"Hoare, Edward",2016,Prayer,Prayer Collection,https://www.gutenberg.org/ebooks/52747,https://www.gutenberg.org/ebooks/52747.txt.utf-8,verified,verified_allowed_with_project_gutenberg_terms,verified public domain. Source reviewed from https://www.gutenberg.org/ebooks/52747.,"Prayer reading for personal devotion, church prayer, and preaching preparation.",data/library/verified/baptism-as-taught-in-the-bible-and-the-prayer-book-hoare-edward.txt,7555,0.8,baptism as taught in the bible and the prayer book|hoare edward,1
411,Tier 3 - strong curated library,Bible Study Reference,1175,"Bible animals : being a description of every living creature mentioned in the Scripture, from the ape to the coral.","Wood, J. G. (John George); Keyl, Friedrich Wilhelm; Smith, E. A. (Edgar Albert); Wood, T. W. (Thomas W.)",2013,Bible Handbooks,Bible Handbooks,https://www.gutenberg.org/ebooks/42964,https://www.gutenberg.org/ebooks/42964.txt.utf-8,verified,verified_allowed_with_project_gutenberg_terms,verified public domain. Source reviewed from https://www.gutenberg.org/ebooks/42964.,"Book background, Bible geography, or Bible survey help for study preparation.",data/library/verified/bible-animals-being-a-description-of-every-living-creature-mentioned-in-the-scripture-from-the-ape-to-the-cora.txt,243828,27.1,bible animals being a description of every living creature mentioned in the scripture from the ape to the coral|wood j g john george keyl friedrich wilhelm smith e a edgar albert wood t w thomas w,1
412,Tier 3 - strong curated library,Bible Study Reference,1175,Buried Cities and Bible Countries,"St. Clair, George",2021,Bible Handbooks,Bible Handbooks,https://www.gutenberg.org/ebooks/65497,https://www.gutenberg.org/ebooks/65497.txt.utf-8,verified,verified_allowed_with_project_gutenberg_terms,verified public domain. Source reviewed from https://www.gutenberg.org/ebooks/65497.,"Book background, Bible geography, or Bible survey help for study preparation.",data/library/verified/buried-cities-and-bible-countries-st-clair-george.txt,116823,13.0,buried cities and bible countries|st clair george,1
413,Tier 3 - strong curated library,Christian Book,1175,C. H. Spurgeon's Prayers,C. H. Spurgeon,1905,Prayer,Spurgeon Collection,https://archive.org/download/chspurgeonspraye00spur/chspurgeonspraye00spur_djvu.txt,https://archive.org/download/chspurgeonspraye00spur/chspurgeonspraye00spur_djvu.txt,verified,verified_allowed_public_domain,"Published in 1905, before the current U.S. public-domain cutoff for 2026. Direct Internet Archive OCR text from item chspurgeonspraye00spur imported with source-edition review and OCR spot-check labels.","Prayer resource for devotional reading, public prayer helps, and sermon preparation.",data/library/verified/c-h-spurgeon-s-prayers-c-h-spurgeon.txt,46145,5.1,c h spurgeon s prayers|c h spurgeon,1
414,Tier 3 - strong curated library,Christian Book,1175,How I Know God Answers Prayer: The Personal Testimony of One Life-Time,Rosalind Goforth,2008,Prayer,Prayer Classics,https://www.gutenberg.org/ebooks/26033,https://www.gutenberg.org/ebooks/26033.txt.utf-8,verified,verified_allowed_with_project_gutenberg_terms,verified public domain. Source reviewed from https://www.gutenberg.org/ebooks/26033.,"Prayer reading for personal devotion, church prayer, and teaching application.",data/library/verified/how-i-know-god-answers-prayer-the-personal-testimony-of-one-life-time-rosalind-goforth.txt,32218,3.6,how i know god answers prayer the personal testimony of one life time|rosalind goforth,1
415,Tier 3 - strong curated library,Bible Study Reference,1175,How to Pray,Reuben Archer Torrey,1900,Bible study helps,Torrey Collection,https://archive.org/download/howtopray00torrgoog/howtopray00torrgoog_djvu.txt,https://archive.org/download/howtopray00torrgoog/howtopray00torrgoog_djvu.txt,verified,verified_allowed_public_domain,verified public domain. Source reviewed from https://archive.org/download/howtopray00torrgoog/howtopray00torrgoog_djvu.txt.,"R. A. Torrey Bible study, evangelism, and prayer resource for teachers and serious students. OCR text should be spot-checked before quotation.",data/library/verified/how-to-pray-reuben-archer-torrey.txt,25773,2.9,how to pray|reuben archer torrey,1
416,Tier 3 - strong curated library,Christian Book,1175,John the Baptist,F. B. Meyer,1911,Biographies,Biographies,https://www.gutenberg.org/ebooks/25904,https://www.gutenberg.org/ebooks/25904.txt.utf-8,verified,verified_allowed_with_project_gutenberg_terms,Project Gutenberg catalog page reports public domain in the USA. Retain source/license notes for redistributed Project Gutenberg files. Plain-text title page identifies the 1911 Morgan and Scott edition.,"Bible biography, John/Luke teaching prep, and lessons on humility, witness, and repentance.",data/library/verified/john-the-baptist-meyer.txt,64578,7.2,john the baptist|f b meyer,1
417,Tier 3 - strong curated library,Bible Study Reference,1175,The Four Hundred Silent Years,H. A. Ironside,2026,Bible Handbooks,Ironside,https://archive.org/download/fourhundredsilen0000hair_b6o5/fourhundredsilen0000hair_b6o5_djvu.txt,https://archive.org/download/fourhundredsilen0000hair_b6o5/fourhundredsilen0000hair_b6o5_djvu.txt,verified,verified_allowed_public_domain,verified public domain. Source reviewed from https://archive.org/download/fourhundredsilen0000hair_b6o5/fourhundredsilen0000hair_b6o5_djvu.txt.,"Background resource for the period from Malachi to Matthew; use as history/background, not Scripture.",data/library/verified/the-four-hundred-silent-years-h-a-ironside.txt,27046,3.0,the four hundred silent years|h a ironside,1
418,Tier 3 - strong curated library,Christian Book,1175,"The life of the departed : A sermon occasioned by the death of the Rev. Joseph Crandal, of Salsbury, preached in the Baptist chapel, Germain Street, city of St. John","Bill, I. E. (Ingraham E.)",2023,Baptist History,Baptist History,https://www.gutenberg.org/ebooks/72261,https://www.gutenberg.org/ebooks/72261.txt.utf-8,verified,verified_allowed_with_project_gutenberg_terms,verified public domain. Source reviewed from https://www.gutenberg.org/ebooks/72261.,Baptist or church-history resource for historical background and discernment.,data/library/verified/the-life-of-the-departed-a-sermon-occasioned-by-the-death-of-the-rev-joseph-crandal-of-salsbury-preached-in-th.txt,10002,1.1,the life of the departed a sermon occasioned by the death of the rev joseph crandal of salsbury preached in the baptist chapel germain street city of st john|bill i e ingraham e,1
419,Tier 3 - strong curated library,Christian Book,1165,"Biblical Revision, its duties and conditions: A sermon preached in St. Paul's Cathedral at the special evening service, on Sunday, March 13, 1870","Alford, Henry",2021,Preaching & Teaching,Preaching & Teaching,https://www.gutenberg.org/ebooks/64470,https://www.gutenberg.org/ebooks/64470.txt.utf-8,verified,verified_allowed_with_project_gutenberg_terms,verified public domain. Source reviewed from https://www.gutenberg.org/ebooks/64470.,"Preaching and teaching help for illustrations, exposition, and lesson preparation.",data/library/verified/biblical-revision-its-duties-and-conditions-a-sermon-preached-in-st-paul-s-cathedral-at-the-special-evening-se.txt,5824,0.6,biblical revision its duties and conditions a sermon preached in st paul s cathedral at the special evening service on sunday march|alford henry,1
420,Tier 3 - strong curated library,Christian Book,1165,Mary Slessor of Calabar: Pioneer Missionary,W. P. Livingstone,2005,Missions,Missions,https://www.gutenberg.org/ebooks/8906,https://www.gutenberg.org/ebooks/8906.txt.utf-8,verified,verified_allowed_with_project_gutenberg_terms,Verified. Source reviewed from https://www.gutenberg.org/ebooks/8906.,Public-domain missionary biography.,data/library/verified/mary-slessor-of-calabar-pioneer-missionary-w-p-livingstone.txt,134212,14.9,mary slessor of calabar pioneer missionary|w p livingstone,1
421,Tier 3 - strong curated library,Commentary,1165,Messages from the Epistle to the Hebrews,H. C. G. Moule,2007,Commentaries,Commentary,https://www.gutenberg.org/ebooks/22237,https://www.gutenberg.org/ebooks/22237.txt.utf-8,verified,verified_allowed_with_project_gutenberg_terms,Verified. Source reviewed from https://www.gutenberg.org/ebooks/22237.,Public-domain Hebrews exposition for teacher preparation.,data/library/verified/messages-from-the-epistle-to-the-hebrews-h-c-g-moule.txt,26770,3.0,messages from the epistle to the hebrews|h c g moule,1
422,Tier 3 - strong curated library,Christian Book,1165,Missionary Travels and Researches in South Africa,"Livingstone, David",2006,Missions,Missions,https://www.gutenberg.org/ebooks/1039,https://www.gutenberg.org/ebooks/1039.txt.utf-8,verified,verified_allowed_with_project_gutenberg_terms,Project Gutenberg catalog/metadata source indicates public-domain availability in the USA. Retain source/license notes for redistributed Project Gutenberg files.,"Missions or biography resource for prayer burden, historical context, and teaching examples.",data/library/verified/missionary-travels-and-researches-in-south-africa.txt,305923,34.0,missionary travels and researches in south africa|livingstone david,1
423,Tier 3 - strong curated library,Christian Book,1165,The Christian race and other sermons,"Ryle, J. C. (John Charles), 1816-1900",2026,Christian Living,Ryle Collection,https://archive.org/download/thechristianrace00ryleuoft/thechristianrace00ryleuoft_djvu.txt,https://archive.org/download/thechristianrace00ryleuoft/thechristianrace00ryleuoft_djvu.txt,verified,verified_allowed_public_domain,verified public domain. Source reviewed from https://archive.org/download/thechristianrace00ryleuoft/thechristianrace00ryleuoft_djvu.txt.,"J. C. Ryle practical Christian resource for discipleship, teaching, and devotional reading. OCR text should be spot-checked before quotation.",data/library/verified/the-christian-race-and-other-sermons-ryle-j-c-john-charles-1816-1900.txt,118553,13.2,the christian race and other sermons|ryle j c john charles 1816 1900,1
424,Tier 3 - strong curated library,Christian Book,1165,The Power of Prayer and the Prayer of Power,R. A. Torrey,1924,Prayer,Torrey Collection,https://archive.org/download/powerofprayerpra00torr/powerofprayerpra00torr_djvu.txt,https://archive.org/download/powerofprayerpra00torr/powerofprayerpra00torr_djvu.txt,verified,verified_allowed_public_domain,verified public domain. Source reviewed from https://archive.org/download/powerofprayerpra00torr/powerofprayerpra00torr_djvu.txt.,"Torrey prayer classic for devotional reading, ministry burden, and teaching application. OCR text should be spot-checked before quotation or public teaching use.",data/library/verified/the-power-of-prayer-and-the-prayer-of-power-r-a-torrey.txt,80432,8.9,the power of prayer and the prayer of power|r a torrey,1
425,Tier 3 - strong curated library,Bible Study Reference,1160,Christianity and Islam,C. H. Becker,2004,Bible study helps,False Religion & Discernment,https://www.gutenberg.org/ebooks/11198,https://www.gutenberg.org/ebooks/11198.txt.utf-8,verified,verified_allowed_with_project_gutenberg_terms,verified public domain. Source reviewed from https://www.gutenberg.org/ebooks/11198.,Public-domain historical comparison of Christianity and Islam for background study.,data/library/verified/christianity-and-islam-c-h-becker.txt,17276,1.9,christianity and islam|c h becker,1
426,Tier 3 - strong curated library,Bible Study Reference,1160,How to Master the English Bible,James M. Gray,2013,Bible study helps,Bible Study Essentials,https://www.gutenberg.org/ebooks/41900,https://www.gutenberg.org/ebooks/41900.txt.utf-8,verified,verified_allowed_with_project_gutenberg_terms,verified. Source reviewed from https://www.gutenberg.org/ebooks/41900.,"Practical Bible study method resource for serious students, teachers, and preachers.",data/library/verified/how-to-master-the-english-bible-james-m-gray.txt,12877,1.4,how to master the english bible|james m gray,1
427,Tier 3 - strong curated library,Christian Book,1160,Missionary Survey As An Aid To Intelligent Co-Operation In Foreign Missions,Roland Allen and Thomas Cochrane,2004,Missions,Missions Biographies,https://www.gutenberg.org/ebooks/13360,https://www.gutenberg.org/ebooks/13360.txt.utf-8,verified,verified_allowed_with_project_gutenberg_terms,verified public domain. Source reviewed from https://www.gutenberg.org/ebooks/13360.,"Missions biography and history for examples, context, and burden for evangelism and prayer.",data/library/verified/missionary-survey-as-an-aid-to-intelligent-co-operation-in-foreign-missions-roland-allen-and-thomas-cochrane.txt,39242,4.4,missionary survey as an aid to intelligent co operation in foreign missions|roland allen and thomas cochrane,1
428,Tier 3 - strong curated library,Christian Book,1160,Moody's Anecdotes and Illustrations,D. L. Moody,1895,Preaching & Teaching,Preaching & Teaching,https://www.gutenberg.org/ebooks/19830,https://www.gutenberg.org/ebooks/19830.txt.utf-8,verified,verified_allowed_with_project_gutenberg_terms,Project Gutenberg catalog page reports public domain in the USA. Retain source/license notes for redistributed Project Gutenberg files.,"Sermon illustrations, gospel invitations, and teaching support.",data/library/verified/moodys-anecdotes-and-illustrations.txt,78260,8.7,moody s anecdotes and illustrations|d l moody,1
429,Tier 3 - strong curated library,Bible Study Reference,1160,The Bible Period by Period A Manual for the Study of the Bible by Periods,Josiah Blake Tidwell,2005,Bible Handbooks,Bible Handbooks,https://www.gutenberg.org/ebooks/15771,https://www.gutenberg.org/ebooks/15771.txt.utf-8,verified,verified_allowed_with_project_gutenberg_terms,verified public domain. Source reviewed from https://www.gutenberg.org/ebooks/15771.,"Book background, Bible geography, or chapter survey help for study preparation.",data/library/verified/the-bible-period-by-period-a-manual-for-the-study-of-the-bible-by-periods-josiah-blake-tidwell.txt,45220,5.0,the bible period by period a manual for the study of the bible by periods|josiah blake tidwell,1
430,Tier 3 - strong curated library,Christian Book,1160,The Preaching Tours and Missionary Labours of George Müller,Susannah Grace Sanger Müller,1886,Missions,Missions,https://www.gutenberg.org/ebooks/34377,https://www.gutenberg.org/ebooks/34377.txt.utf-8,verified,verified_allowed_with_project_gutenberg_terms,Project Gutenberg catalog page reports public domain in the USA. Retain source/license notes for redistributed Project Gutenberg files.,"Missions shelf, prayer encouragement, and teacher background.",data/library/verified/the-preaching-tours-and-missionary-labours-of-george-m-ller.txt,61749,6.9,the preaching tours and missionary labours of george mu ller|susannah grace sanger mu ller,1
431,Tier 3 - strong curated library,Bible Study Reference,1160,Understanding the Scriptures,"McConnell, Francis John",2005,Bible study helps,Bible Study Essentials,https://www.gutenberg.org/ebooks/9492,https://www.gutenberg.org/ebooks/9492.txt.utf-8,verified,verified_allowed_with_project_gutenberg_terms,verified public domain. Source reviewed from https://www.gutenberg.org/ebooks/9492.,"Bible study help for background, doctrine, textual issues, and teaching preparation.",data/library/verified/understanding-the-scriptures-mcconnell-francis-john.txt,25960,2.9,understanding the scriptures|mcconnell francis john,1
432,Tier 3 - strong curated library,Christian Book,1155,"Around the wicket gate; or, A friendly talk with seekers concerning faith in the Lord Jesus Christ","Spurgeon, C. H. (Charles Haddon), 1834-1892",2026,Preaching & Teaching,Spurgeon Collection,https://archive.org/download/aroundwicketgate00spur/aroundwicketgate00spur_djvu.txt,https://archive.org/download/aroundwicketgate00spur/aroundwicketgate00spur_djvu.txt,verified,verified_allowed_public_domain,verified public domain. Source reviewed from https://archive.org/download/aroundwicketgate00spur/aroundwicketgate00spur_djvu.txt.,"Spurgeon preaching, devotional, and teaching resource for sermon preparation and Christian living. OCR text should be spot-checked before quotation.",data/library/verified/around-the-wicket-gate-or-a-friendly-talk-with-seekers-concerning-faith-in-the-lord-jesus-christ-spurgeon-c-h-.txt,23106,2.6,around the wicket gate or a friendly talk with seekers concerning faith in the lord jesus christ|spurgeon c h charles haddon 1834 1892,1
433,Tier 3 - strong curated library,Commentary,1155,Ephesians,Alexander Maclaren,2026,Commentaries,Alexander Maclaren Collection,https://archive.org/download/ephesians49macl/ephesians49macl_djvu.txt,https://archive.org/download/ephesians49macl/ephesians49macl_djvu.txt,verified,verified_allowed_public_domain,verified public domain. Source reviewed from https://archive.org/download/ephesians49macl/ephesians49macl_djvu.txt.,Alexander Maclaren public-domain exposition for devotional commentary comparison and sermon preparation.,data/library/verified/ephesians-alexander-maclaren.txt,131557,14.6,ephesians|alexander maclaren,1
434,Tier 3 - strong curated library,Commentary,1155,"Ezekiel, Daniel, and the minor prophets",Alexander Maclaren,2026,Commentaries,Alexander Maclaren Collection,https://archive.org/download/ezekieldanielmin26macl/ezekieldanielmin26macl_djvu.txt,https://archive.org/download/ezekieldanielmin26macl/ezekieldanielmin26macl_djvu.txt,verified,verified_allowed_public_domain,verified public domain. Source reviewed from https://archive.org/download/ezekieldanielmin26macl/ezekieldanielmin26macl_djvu.txt.,Alexander Maclaren public-domain exposition for devotional commentary comparison and sermon preparation.,data/library/verified/ezekiel-daniel-and-the-minor-prophets-alexander-maclaren.txt,123861,13.8,ezekiel daniel and the minor prophets|alexander maclaren,1
435,Tier 3 - strong curated library,Christian Book,1155,Prayer and Praying Men,Re. edward M. Bounds,1921,Prayer,Bounds Collection,https://archive.org/download/prayerprayingmen0000reed/prayerprayingmen0000reed_djvu.txt,https://archive.org/download/prayerprayingmen0000reed/prayerprayingmen0000reed_djvu.txt,verified,verified_allowed_public_domain,verified public domain. Source reviewed from https://archive.org/download/prayerprayingmen0000reed/prayerprayingmen0000reed_djvu.txt.,E. M. Bounds prayer resource for devotional reading and prayer teaching. OCR text should be spot-checked before quotation.,data/library/verified/prayer-and-praying-men-re-edward-m-bounds.txt,36339,4.0,prayer and praying men|re edward m bounds,1
436,Tier 3 - strong curated library,Christian Book,1155,Prayer and Praying Men,E. M. Bounds,2026,Prayer,E. M. Bounds Collection,https://archive.org/download/in.ernet.dli.2015.158422/2015.158422.Prayer-And-Praying-Men_djvu.txt,https://archive.org/download/in.ernet.dli.2015.158422/2015.158422.Prayer-And-Praying-Men_djvu.txt,verified,verified_allowed_public_domain,verified public domain. Source reviewed from https://archive.org/download/in.ernet.dli.2015.158422/2015.158422.Prayer-And-Praying-Men_djvu.txt.,Bounds prayer classic for prayer study and devotional reading. OCR should be spot-checked before quotation.,data/library/verified/prayer-and-praying-men-e-m-bounds.txt,36425,4.0,prayer and praying men|e m bounds,1
437,Tier 3 - strong curated library,Christian Book,1155,Purpose in prayer,"Bounds, Edward M. (Edward McKendree), 1835-1913",1920,Prayer,Bounds Collection,https://archive.org/download/purposeinprayer00boun/purposeinprayer00boun_djvu.txt,https://archive.org/download/purposeinprayer00boun/purposeinprayer00boun_djvu.txt,verified,verified_allowed_public_domain,verified public domain. Source reviewed from https://archive.org/download/purposeinprayer00boun/purposeinprayer00boun_djvu.txt.,E. M. Bounds prayer resource for devotional reading and prayer teaching. OCR text should be spot-checked before quotation.,data/library/verified/purpose-in-prayer-bounds-edward-m-edward-mckendree-1835-1913.txt,37642,4.2,purpose in prayer|bounds edward m edward mckendree 1835 1913,1
438,Tier 3 - strong curated library,Bible Study Reference,1155,"Story of the Bible Animals A Description of the Habits and Uses of every living Creature mentioned in the Scriptures, with Explanation of Passages in the Old and New Testament in which Reference is made to them",J. G. Wood,2014,Surveys,Bible Surveys,https://www.gutenberg.org/ebooks/44685,https://www.gutenberg.org/ebooks/44685.txt.utf-8,verified,verified_allowed_with_project_gutenberg_terms,verified public domain. Source reviewed from https://www.gutenberg.org/ebooks/44685.,Bible survey resource for whole-book and whole-Bible understanding.,data/library/verified/story-of-the-bible-animals-a-description-of-the-habits-and-uses-of-every-living-creature-mentioned-in-the-scri.txt,184318,20.5,story of the bible animals a description of the habits and uses of every living creature mentioned in the scriptures with explanation of passages in the old and new testament in which reference is made to them|j g wood,1
439,Tier 3 - strong curated library,Commentary,1155,The Acts of the Apostles,Alexander Maclaren,2026,Commentaries,Alexander Maclaren Collection,https://archive.org/download/actsofapostles442macl/actsofapostles442macl_djvu.txt,https://archive.org/download/actsofapostles442macl/actsofapostles442macl_djvu.txt,verified,verified_allowed_public_domain,verified public domain. Source reviewed from https://archive.org/download/actsofapostles442macl/actsofapostles442macl_djvu.txt.,Alexander Maclaren public-domain exposition for devotional commentary comparison and sermon preparation.,data/library/verified/the-acts-of-the-apostles-alexander-maclaren.txt,130843,14.5,the acts of the apostles|alexander maclaren,1
440,Tier 3 - strong curated library,Christian Book,1155,"The Baptism of the Prince: A Sermon: Preached ... on Sunday morning, Jan. 23, 1842, in anticipation of the baptism of His Royal Highness, the Prince o","Alexander, John",2020,Preaching & Teaching,Preaching & Teaching,https://www.gutenberg.org/ebooks/63331,https://www.gutenberg.org/ebooks/63331.txt.utf-8,verified,verified_allowed_with_project_gutenberg_terms,verified public domain. Source reviewed from https://www.gutenberg.org/ebooks/63331.,"Preaching and teaching help for illustrations, exposition, and lesson preparation.",data/library/verified/the-baptism-of-the-prince-a-sermon-preached-on-sunday-morning-jan-23-1842-in-anticipation-of-the-baptism-of-hi.txt,8110,0.9,the baptism of the prince a sermon preached on sunday morning jan in anticipation of the baptism of his royal highness the prince o|alexander john,1
441,Tier 3 - strong curated library,Commentary,1155,"The books of Esther, Job, Proverbs and Ecclesiastes",Alexander Maclaren,2026,Commentaries,Alexander Maclaren Collection,https://archive.org/download/booksofestherjob17macl/booksofestherjob17macl_djvu.txt,https://archive.org/download/booksofestherjob17macl/booksofestherjob17macl_djvu.txt,verified,verified_allowed_public_domain,verified public domain. Source reviewed from https://archive.org/download/booksofestherjob17macl/booksofestherjob17macl_djvu.txt.,Alexander Maclaren public-domain exposition for devotional commentary comparison and sermon preparation.,data/library/verified/the-books-of-esther-job-proverbs-and-ecclesiastes-alexander-maclaren.txt,137994,15.3,the books of esther job proverbs and ecclesiastes|alexander maclaren,1
442,Tier 3 - strong curated library,Commentary,1155,"The books of Exodus, Leviticus and Numbers",Alexander Maclaren,2026,Commentaries,Alexander Maclaren Collection,https://archive.org/download/booksofexoduslev02macl/booksofexoduslev02macl_djvu.txt,https://archive.org/download/booksofexoduslev02macl/booksofexoduslev02macl_djvu.txt,verified,verified_allowed_public_domain,verified public domain. Source reviewed from https://archive.org/download/booksofexoduslev02macl/booksofexoduslev02macl_djvu.txt.,Alexander Maclaren public-domain exposition for devotional commentary comparison and sermon preparation.,data/library/verified/the-books-of-exodus-leviticus-and-numbers-alexander-maclaren.txt,127613,14.2,the books of exodus leviticus and numbers|alexander maclaren,1
443,Tier 3 - strong curated library,Commentary,1155,"The books of Isaiah and Jeremiah : Isaiah, chaps. XLIX. to LXVI., Jeremiah",Alexander Maclaren,1906,Commentaries,Alexander Maclaren Collection,https://archive.org/download/booksofisaiahjer232macl/booksofisaiahjer232macl_djvu.txt,https://archive.org/download/booksofisaiahjer232macl/booksofisaiahjer232macl_djvu.txt,verified,verified_allowed_public_domain,verified public domain. Source reviewed from https://archive.org/download/booksofisaiahjer232macl/booksofisaiahjer232macl_djvu.txt.,Alexander Maclaren public-domain exposition for devotional commentary comparison and sermon preparation.,data/library/verified/the-books-of-isaiah-and-jeremiah-isaiah-chaps-xlix-to-lxvi-jeremiah-alexander-maclaren.txt,134069,14.9,the books of isaiah and jeremiah isaiah chaps xlix to lxvi jeremiah|alexander maclaren,1
444,Tier 3 - strong curated library,Commentary,1155,The Epistle to the Hebrews (Chapters VII. to XIII.) : The general epistle of James,Alexander Maclaren,2026,Commentaries,Alexander Maclaren Collection,https://archive.org/download/epistletohebrews58macl/epistletohebrews58macl_djvu.txt,https://archive.org/download/epistletohebrews58macl/epistletohebrews58macl_djvu.txt,verified,verified_allowed_public_domain,verified public domain. Source reviewed from https://archive.org/download/epistletohebrews58macl/epistletohebrews58macl_djvu.txt.,Alexander Maclaren public-domain exposition for devotional commentary comparison and sermon preparation.,data/library/verified/the-epistle-to-the-hebrews-chapters-vii-to-xiii-the-general-epistle-of-james-alexander-maclaren.txt,143764,16.0,the epistle to the hebrews chapters vii to xiii the general epistle of james|alexander maclaren,1
445,Tier 3 - strong curated library,Commentary,1155,"The epistles of John, Jude and the Book of Revelation",Alexander Maclaren,2026,Commentaries,Alexander Maclaren Collection,https://archive.org/download/epistlesofjohnju62macl/epistlesofjohnju62macl_djvu.txt,https://archive.org/download/epistlesofjohnju62macl/epistlesofjohnju62macl_djvu.txt,verified,verified_allowed_public_domain,verified public domain. Source reviewed from https://archive.org/download/epistlesofjohnju62macl/epistlesofjohnju62macl_djvu.txt.,Alexander Maclaren public-domain exposition for devotional commentary comparison and sermon preparation.,data/library/verified/the-epistles-of-john-jude-and-the-book-of-revelation-alexander-maclaren.txt,135000,15.0,the epistles of john jude and the book of revelation|alexander maclaren,1
446,Tier 3 - strong curated library,Commentary,1155,The epistles of St. Paul to the Colossians and Philemon,Alexander Maclaren,2026,Commentaries,Alexander Maclaren Collection,https://archive.org/download/epistlesofstpaul51macl/epistlesofstpaul51macl_djvu.txt,https://archive.org/download/epistlesofstpaul51macl/epistlesofstpaul51macl_djvu.txt,verified,verified_allowed_public_domain,verified public domain. Source reviewed from https://archive.org/download/epistlesofstpaul51macl/epistlesofstpaul51macl_djvu.txt.,Alexander Maclaren public-domain exposition for devotional commentary comparison and sermon preparation.,data/library/verified/the-epistles-of-st-paul-to-the-colossians-and-philemon-alexander-maclaren.txt,149729,16.6,the epistles of st paul to the colossians and philemon|alexander maclaren,1
447,Tier 3 - strong curated library,Christian Book,1155,The essentials of prayer,"Bounds, Edward M. (Edward McKendree), 1835-1913",1925,Prayer,Bounds Collection,https://archive.org/download/essentialsofpray00boun/essentialsofpray00boun_djvu.txt,https://archive.org/download/essentialsofpray00boun/essentialsofpray00boun_djvu.txt,verified,verified_allowed_public_domain,verified public domain. Source reviewed from https://archive.org/download/essentialsofpray00boun/essentialsofpray00boun_djvu.txt.,E. M. Bounds prayer resource for devotional reading and prayer teaching. OCR text should be spot-checked before quotation.,data/library/verified/the-essentials-of-prayer-bounds-edward-m-edward-mckendree-1835-1913.txt,34489,3.8,the essentials of prayer|bounds edward m edward mckendree 1835 1913,1
448,Tier 3 - strong curated library,Christian Book,1155,The essentials of prayer,Edward M. Bounds,1925,Prayer,Bounds Collection,https://archive.org/download/essentialsofpray0000edwa/essentialsofpray0000edwa_djvu.txt,https://archive.org/download/essentialsofpray0000edwa/essentialsofpray0000edwa_djvu.txt,verified,verified_allowed_public_domain,verified public domain. Source reviewed from https://archive.org/download/essentialsofpray0000edwa/essentialsofpray0000edwa_djvu.txt.,E. M. Bounds prayer resource for devotional reading and prayer teaching. OCR text should be spot-checked before quotation.,data/library/verified/the-essentials-of-prayer-edward-m-bounds.txt,34484,3.8,the essentials of prayer|edward m bounds,1
449,Tier 3 - strong curated library,Commentary,1155,The holy of holies,Alexander Maclaren,2026,Commentaries,Alexander Maclaren Collection,https://archive.org/download/holyofholies00macl/holyofholies00macl_djvu.txt,https://archive.org/download/holyofholies00macl/holyofholies00macl_djvu.txt,verified,verified_allowed_public_domain,verified public domain. Source reviewed from https://archive.org/download/holyofholies00macl/holyofholies00macl_djvu.txt.,Alexander Maclaren public-domain exposition for devotional commentary comparison and sermon preparation.,data/library/verified/the-holy-of-holies-alexander-maclaren.txt,114835,12.8,the holy of holies|alexander maclaren,1
450,Tier 3 - strong curated library,Christian Book,1155,"The lessons of English church history, with an appendix of opinions of English divines on the Lord's Supper","Ryle, J. C. (John Charles), 1816-1900",1868,Christian Living,Ryle Collection,https://archive.org/download/lessonsofenglish00ryle/lessonsofenglish00ryle_djvu.txt,https://archive.org/download/lessonsofenglish00ryle/lessonsofenglish00ryle_djvu.txt,verified,verified_allowed_public_domain,verified public domain. Source reviewed from https://archive.org/download/lessonsofenglish00ryle/lessonsofenglish00ryle_djvu.txt.,"J. C. Ryle practical Christian resource for discipleship, teaching, and devotional reading. OCR text should be spot-checked before quotation.",data/library/verified/the-lessons-of-english-church-history-with-an-appendix-of-opinions-of-english-divines-on-the-lord-s-supper-ryl.txt,15409,1.7,the lessons of english church history with an appendix of opinions of english divines on the lord s supper|ryle j c john charles 1816 1900,1
451,Tier 3 - strong curated library,Christian Book,1155,The Neccessity of Prayer,Edward M. Bounds,2026,Prayer,Bounds Collection,https://archive.org/download/neccessityofpray0000edwa/neccessityofpray0000edwa_djvu.txt,https://archive.org/download/neccessityofpray0000edwa/neccessityofpray0000edwa_djvu.txt,verified,verified_allowed_public_domain,verified public domain. Source reviewed from https://archive.org/download/neccessityofpray0000edwa/neccessityofpray0000edwa_djvu.txt.,E. M. Bounds prayer resource for devotional reading and prayer teaching. OCR text should be spot-checked before quotation.,data/library/verified/the-neccessity-of-prayer-edward-m-bounds.txt,33212,3.7,the neccessity of prayer|edward m bounds,1
452,Tier 3 - strong curated library,Christian Book,1155,The Necessity of Prayer,E. M. Bounds,1929,Prayer,E. M. Bounds Collection,https://archive.org/download/x-necessity-prayer/x necessity prayer_djvu.txt,https://archive.org/download/x-necessity-prayer/x necessity prayer_djvu.txt,verified,verified_allowed_public_domain,Internet Archive item x-necessity-prayer lists public-domain or NOT_IN_COPYRIGHT status. Direct IA OCR text imported for beta reading with use-with-discernment and OCR spot-check labels.,"Prayer classic for devotional reading, listening, and ministry burden.",data/library/verified/the-necessity-of-prayer-e-m-bounds.txt,33605,3.7,the necessity of prayer|e m bounds,1
453,Tier 3 - strong curated library,Christian Book,1155,The Necessity of Prayer,Edward M. Bounds,2026,Prayer,Bounds Collection,https://archive.org/download/necessityofpraye0000edwa/necessityofpraye0000edwa_djvu.txt,https://archive.org/download/necessityofpraye0000edwa/necessityofpraye0000edwa_djvu.txt,verified,verified_allowed_public_domain,verified public domain. Source reviewed from https://archive.org/download/necessityofpraye0000edwa/necessityofpraye0000edwa_djvu.txt.,E. M. Bounds prayer resource for devotional reading and prayer teaching. OCR text should be spot-checked before quotation.,data/library/verified/the-necessity-of-prayer-edward-m-bounds.txt,33373,3.7,the necessity of prayer|edward m bounds,1
454,Tier 3 - strong curated library,Christian Book,1155,The possibilities of prayer,"Bounds, Edward M. (Edward McKendree), 1835-1913",2026,Prayer,Bounds Collection,https://archive.org/download/possibilitiesofp0000boun/possibilitiesofp0000boun_djvu.txt,https://archive.org/download/possibilitiesofp0000boun/possibilitiesofp0000boun_djvu.txt,verified,verified_allowed_public_domain,verified public domain. Source reviewed from https://archive.org/download/possibilitiesofp0000boun/possibilitiesofp0000boun_djvu.txt.,E. M. Bounds prayer resource for devotional reading and prayer teaching. OCR text should be spot-checked before quotation.,data/library/verified/the-possibilities-of-prayer-bounds-edward-m-edward-mckendree-1835-1913.txt,37099,4.1,the possibilities of prayer|bounds edward m edward mckendree 1835 1913,1
455,Tier 3 - strong curated library,Christian Book,1155,The Possibilities of Prayer,Edward M. Bounds,1923,Prayer,Bounds Collection,https://archive.org/download/bwb_S0-DQB-078/bwb_S0-DQB-078_djvu.txt,https://archive.org/download/bwb_S0-DQB-078/bwb_S0-DQB-078_djvu.txt,verified,verified_allowed_public_domain,verified public domain. Source reviewed from https://archive.org/download/bwb_S0-DQB-078/bwb_S0-DQB-078_djvu.txt.,E. M. Bounds prayer resource for devotional reading and prayer teaching. OCR text should be spot-checked before quotation.,data/library/verified/the-possibilities-of-prayer-edward-m-bounds.txt,36709,4.1,the possibilities of prayer|edward m bounds,1
456,Tier 3 - strong curated library,Christian Book,1155,The Possibilities of Prayer,"Edward M. Bounds, D. D.",1923,Prayer,Bounds Collection,https://archive.org/download/possibilitiesofp0000edwa/possibilitiesofp0000edwa_djvu.txt,https://archive.org/download/possibilitiesofp0000edwa/possibilitiesofp0000edwa_djvu.txt,verified,verified_allowed_public_domain,verified public domain. Source reviewed from https://archive.org/download/possibilitiesofp0000edwa/possibilitiesofp0000edwa_djvu.txt.,E. M. Bounds prayer resource for devotional reading and prayer teaching. OCR text should be spot-checked before quotation.,data/library/verified/the-possibilities-of-prayer-edward-m-bounds-d-d.txt,36793,4.1,the possibilities of prayer|edward m bounds d d,1
457,Tier 3 - strong curated library,Bible Study Reference,1155,The practice of prayer,G. Campbell Morgan,1906,Bible study helps,G. Campbell Morgan Collection,https://archive.org/download/practiceofprayer00morg/practiceofprayer00morg_djvu.txt,https://archive.org/download/practiceofprayer00morg/practiceofprayer00morg_djvu.txt,verified,verified_allowed_public_domain,verified public domain. Source reviewed from https://archive.org/download/practiceofprayer00morg/practiceofprayer00morg_djvu.txt.,G. Campbell Morgan public-domain-era Bible study or preaching resource for exposition and teaching preparation.,data/library/verified/the-practice-of-prayer-g-campbell-morgan.txt,30794,3.4,the practice of prayer|g campbell morgan,1
458,Tier 3 - strong curated library,Bible Study Reference,1155,Why God used D. L. Moody,"Torrey, R. A. (Reuben Archer), 1856-1928",1923,Bible study helps,Torrey Collection,https://archive.org/download/whygoduseddlmood00torr_1/whygoduseddlmood00torr_1_djvu.txt,https://archive.org/download/whygoduseddlmood00torr_1/whygoduseddlmood00torr_1_djvu.txt,verified,verified_allowed_public_domain,verified public domain. Source reviewed from https://archive.org/download/whygoduseddlmood00torr_1/whygoduseddlmood00torr_1_djvu.txt.,"R. A. Torrey Bible study, evangelism, and prayer resource for teachers and serious students. OCR text should be spot-checked before quotation.",data/library/verified/why-god-used-d-l-moody-torrey-r-a-reuben-archer-1856-1928-2.txt,11050,1.2,why god used d l moody|torrey r a reuben archer 1856 1928,1
459,Tier 3 - strong curated library,Christian Book,1150,"Life and Labors of Elder John Kline, the Martyr Missionary",John Kline,2005,Missions,Missions,https://www.gutenberg.org/ebooks/16711,https://www.gutenberg.org/ebooks/16711.txt.utf-8,verified,verified_allowed_with_project_gutenberg_terms,Verified. Source reviewed from https://www.gutenberg.org/ebooks/16711.,Public-domain missionary biography.,data/library/verified/life-and-labors-of-elder-john-kline-the-martyr-missionary-john-kline.txt,194254,21.6,life and labors of elder john kline the martyr missionary|john kline,1
460,Tier 3 - strong curated library,Bible Study Reference,1150,Living messages of the books of the Bible,G. Campbell Morgan,1912,Bible study helps,G. Campbell Morgan Collection,https://archive.org/download/livingmessagesof01morgiala/livingmessagesof01morgiala_djvu.txt,https://archive.org/download/livingmessagesof01morgiala/livingmessagesof01morgiala_djvu.txt,verified,verified_allowed_public_domain,verified public domain. Source reviewed from https://archive.org/download/livingmessagesof01morgiala/livingmessagesof01morgiala_djvu.txt.,G. Campbell Morgan public-domain-era Bible study or preaching resource for exposition and teaching preparation.,data/library/verified/living-messages-of-the-books-of-the-bible-g-campbell-morgan.txt,130594,14.5,living messages of the books of the bible|g campbell morgan,1
461,Tier 3 - strong curated library,Bible Study Reference,1150,Living messages of the books of the Bible : Matthew to Revelation,G. Campbell Morgan,1560,Bible study helps,G. Campbell Morgan Collection,https://archive.org/download/livingmessagesb00morggoog/livingmessagesb00morggoog_djvu.txt,https://archive.org/download/livingmessagesb00morggoog/livingmessagesb00morggoog_djvu.txt,verified,verified_allowed_public_domain,verified public domain. Source reviewed from https://archive.org/download/livingmessagesb00morggoog/livingmessagesb00morggoog_djvu.txt.,G. Campbell Morgan public-domain-era Bible study or preaching resource for exposition and teaching preparation.,data/library/verified/living-messages-of-the-books-of-the-bible-matthew-to-revelation-g-campbell-morgan.txt,128967,14.3,living messages of the books of the bible matthew to revelation|g campbell morgan,1
462,Tier 3 - strong curated library,Christian Book,1150,Systematic Theology (Volume 1 of 3),Augustus Hopkins Strong,2013,Baptist History,Baptist History,https://www.gutenberg.org/ebooks/44035,https://www.gutenberg.org/ebooks/44035.txt.utf-8,verified,verified_allowed_with_project_gutenberg_terms,verified public domain. Source reviewed from https://www.gutenberg.org/ebooks/44035.,Baptist history or Baptist theology resource for historical study and teaching illustrations.,data/library/verified/systematic-theology-volume-1-of-3-augustus-hopkins-strong.txt,282824,31.4,systematic theology|augustus hopkins strong,1
463,Tier 3 - strong curated library,Bible Study Reference,1150,The crises of the Christ,G. Campbell Morgan,2026,Bible study helps,G. Campbell Morgan Collection,https://archive.org/download/crisesofthechris00morguoft/crisesofthechris00morguoft_djvu.txt,https://archive.org/download/crisesofthechris00morguoft/crisesofthechris00morguoft_djvu.txt,verified,verified_allowed_public_domain,verified public domain. Source reviewed from https://archive.org/download/crisesofthechris00morguoft/crisesofthechris00morguoft_djvu.txt.,G. Campbell Morgan public-domain-era Bible study or preaching resource for exposition and teaching preparation.,data/library/verified/the-crises-of-the-christ-g-campbell-morgan.txt,138236,15.4,the crises of the christ|g campbell morgan,1
464,Tier 3 - strong curated library,Bible Study Reference,1150,The gospel according to Mark [microform],G. Campbell Morgan,1864,Bible study helps,G. Campbell Morgan Collection,https://archive.org/download/MN41464ucmf_0/MN41464ucmf_0_djvu.txt,https://archive.org/download/MN41464ucmf_0/MN41464ucmf_0_djvu.txt,verified,verified_allowed_public_domain,verified public domain. Source reviewed from https://archive.org/download/MN41464ucmf_0/MN41464ucmf_0_djvu.txt.,G. Campbell Morgan public-domain-era Bible study or preaching resource for exposition and teaching preparation.,data/library/verified/the-gospel-according-to-mark-microform-g-campbell-morgan.txt,123556,13.7,the gospel according to mark microform|g campbell morgan,1
465,Tier 3 - strong curated library,Bible Study Reference,1150,The Gospel according to Matthew [microform],G. Campbell Morgan,2026,Bible study helps,G. Campbell Morgan Collection,https://archive.org/download/MN41431ucmf_2/MN41431ucmf_2_djvu.txt,https://archive.org/download/MN41431ucmf_2/MN41431ucmf_2_djvu.txt,verified,verified_allowed_public_domain,verified public domain. Source reviewed from https://archive.org/download/MN41431ucmf_2/MN41431ucmf_2_djvu.txt.,G. Campbell Morgan public-domain-era Bible study or preaching resource for exposition and teaching preparation.,data/library/verified/the-gospel-according-to-matthew-microform-g-campbell-morgan.txt,240826,26.8,the gospel according to matthew microform|g campbell morgan,1
466,Tier 3 - strong curated library,Christian Book,1150,The ministry of intercession : a plea for more prayer,Andrew Murray,2026,Prayer,Andrew Murray Collection,https://archive.org/download/ministryofinterc00murruoft/ministryofinterc00murruoft_djvu.txt,https://archive.org/download/ministryofinterc00murruoft/ministryofinterc00murruoft_djvu.txt,verified,verified_allowed_public_domain,verified public domain. Source reviewed from https://archive.org/download/ministryofinterc00murruoft/ministryofinterc00murruoft_djvu.txt.,Andrew Murray public-domain prayer or devotional resource for prayer study and Christian living.,data/library/verified/the-ministry-of-intercession-a-plea-for-more-prayer-andrew-murray.txt,59652,6.6,the ministry of intercession a plea for more prayer|andrew murray,1
467,Tier 3 - strong curated library,Christian Book,1150,The True Ministers of Christ Accredited by the Holy Spirit: A Sermon,"Gell, Philip",2017,Preaching & Teaching,Preaching & Teaching,https://www.gutenberg.org/ebooks/54645,https://www.gutenberg.org/ebooks/54645.txt.utf-8,verified,verified_allowed_with_project_gutenberg_terms,verified public domain. Source reviewed from https://www.gutenberg.org/ebooks/54645.,"Preaching and teaching help for illustrations, exposition, and lesson preparation.",data/library/verified/the-true-ministers-of-christ-accredited-by-the-holy-spirit-a-sermon-gell-philip.txt,12175,1.4,the true ministers of christ accredited by the holy spirit a sermon|gell philip,1
468,Tier 3 - strong curated library,Christian Book,1145,A Tour of the Missions: Observations and Conclusions,Augustus Hopkins Strong,2008,Missions,Missions Biographies,https://www.gutenberg.org/ebooks/27452,https://www.gutenberg.org/ebooks/27452.txt.utf-8,verified,verified_allowed_with_project_gutenberg_terms,verified public domain. Source reviewed from https://www.gutenberg.org/ebooks/27452.,"Missions biography and history for examples, context, and burden for evangelism and prayer.",data/library/verified/a-tour-of-the-missions-observations-and-conclusions-augustus-hopkins-strong.txt,52459,5.8,a tour of the missions observations and conclusions|augustus hopkins strong,1
469,Tier 3 - strong curated library,Christian Book,1145,Holy in Christ : thoughts on the calling of God's children to be holy as He is holy,Andrew Murray,2026,Prayer,Andrew Murray Collection,https://archive.org/download/holyinchristthou00murruoft/holyinchristthou00murruoft_djvu.txt,https://archive.org/download/holyinchristthou00murruoft/holyinchristthou00murruoft_djvu.txt,verified,verified_allowed_public_domain,verified public domain. Source reviewed from https://archive.org/download/holyinchristthou00murruoft/holyinchristthou00murruoft_djvu.txt.,Andrew Murray public-domain prayer or devotional resource for prayer study and Christian living.,data/library/verified/holy-in-christ-thoughts-on-the-calling-of-god-s-children-to-be-holy-as-he-is-holy-andrew-murray.txt,88193,9.8,holy in christ thoughts on the calling of god s children to be holy as he is holy|andrew murray,1
470,Tier 3 - strong curated library,Christian Book,1145,Like Christ : thoughts on the blessed life of conformity to the Son of God,Andrew Murray,2026,Prayer,Andrew Murray Collection,https://archive.org/download/likechristthough00murr/likechristthough00murr_djvu.txt,https://archive.org/download/likechristthough00murr/likechristthough00murr_djvu.txt,verified,verified_allowed_public_domain,verified public domain. Source reviewed from https://archive.org/download/likechristthough00murr/likechristthough00murr_djvu.txt.,Andrew Murray public-domain prayer or devotional resource for prayer study and Christian living.,data/library/verified/like-christ-thoughts-on-the-blessed-life-of-conformity-to-the-son-of-god-andrew-murray.txt,70528,7.8,like christ thoughts on the blessed life of conformity to the son of god|andrew murray,1
471,Tier 3 - strong curated library,Christian Book,1145,Moody's Stories,D. L. Moody,1888,Preaching & Teaching,Preaching & Teaching,https://www.gutenberg.org/ebooks/33024,https://www.gutenberg.org/ebooks/33024.txt.utf-8,verified,verified_allowed_with_project_gutenberg_terms,Project Gutenberg catalog page reports public domain in the USA. Retain source/license notes for redistributed Project Gutenberg files.,"Sermon illustrations, devotional reading, and evangelism stories.",data/library/verified/moodys-stories.txt,40697,4.5,moody s stories|d l moody,1
472,Tier 3 - strong curated library,Christian Book,1145,The children for Christ [microform] : thoughts for Christian parents on the consecration of the home life,Andrew Murray,2026,Prayer,Andrew Murray Collection,https://archive.org/download/cihm_35160/cihm_35160_djvu.txt,https://archive.org/download/cihm_35160/cihm_35160_djvu.txt,verified,verified_allowed_public_domain,verified public domain. Source reviewed from https://archive.org/download/cihm_35160/cihm_35160_djvu.txt.,Andrew Murray public-domain prayer or devotional resource for prayer study and Christian living.,data/library/verified/the-children-for-christ-microform-thoughts-for-christian-parents-on-the-consecration-of-the-home-life-andrew-m.txt,116395,12.9,the children for christ microform thoughts for christian parents on the consecration of the home life|andrew murray,1
473,Tier 3 - strong curated library,Christian Book,1145,"The key to the missionary problem : thoughts suggested by the report of the ecumenical missionary conference held in New York, April 1900",Andrew Murray,2026,Prayer,Andrew Murray Collection,https://archive.org/download/keymissionarypro00murruoft/keymissionarypro00murruoft_djvu.txt,https://archive.org/download/keymissionarypro00murruoft/keymissionarypro00murruoft_djvu.txt,verified,verified_allowed_public_domain,verified public domain. Source reviewed from https://archive.org/download/keymissionarypro00murruoft/keymissionarypro00murruoft_djvu.txt.,Andrew Murray public-domain prayer or devotional resource for prayer study and Christian living.,data/library/verified/the-key-to-the-missionary-problem-thoughts-suggested-by-the-report-of-the-ecumenical-missionary-conference-hel.txt,57649,6.4,the key to the missionary problem thoughts suggested by the report of the ecumenical missionary conference held in new york april|andrew murray,1
474,Tier 3 - strong curated library,Christian Book,1145,The new life : words of God for young disciples of Christ,Andrew Murray,2026,Prayer,Andrew Murray Collection,https://archive.org/download/newlifewordsofgo00murr/newlifewordsofgo00murr_djvu.txt,https://archive.org/download/newlifewordsofgo00murr/newlifewordsofgo00murr_djvu.txt,verified,verified_allowed_public_domain,verified public domain. Source reviewed from https://archive.org/download/newlifewordsofgo00murr/newlifewordsofgo00murr_djvu.txt.,Andrew Murray public-domain prayer or devotional resource for prayer study and Christian living.,data/library/verified/the-new-life-words-of-god-for-young-disciples-of-christ-andrew-murray.txt,70509,7.8,the new life words of god for young disciples of christ|andrew murray,1
475,Tier 3 - strong curated library,Christian Book,1145,The Spirit of Christ : thoughts on the indwelling of the Holy Spirit in the believer and the church,Andrew Murray,2026,Prayer,Andrew Murray Collection,https://archive.org/download/spiritofchristth00murr/spiritofchristth00murr_djvu.txt,https://archive.org/download/spiritofchristth00murr/spiritofchristth00murr_djvu.txt,verified,verified_allowed_public_domain,verified public domain. Source reviewed from https://archive.org/download/spiritofchristth00murr/spiritofchristth00murr_djvu.txt.,Andrew Murray public-domain prayer or devotional resource for prayer study and Christian living.,data/library/verified/the-spirit-of-christ-thoughts-on-the-indwelling-of-the-holy-spirit-in-the-believer-and-the-church-andrew-murra.txt,121086,13.5,the spirit of christ thoughts on the indwelling of the holy spirit in the believer and the church|andrew murray,1
476,Tier 3 - strong curated library,Christian Book,1145,Weighed and Wanting: Addresses on the Ten Commandments,D. L. Moody,1890,Preaching & Teaching,Preaching,https://www.gutenberg.org/ebooks/33340,https://www.gutenberg.org/ebooks/33340.txt.utf-8,verified,verified_allowed_with_project_gutenberg_terms,Project Gutenberg catalog page reports public domain in the USA. Retain source/license notes for redistributed Project Gutenberg files.,"Teaching moral law, conviction, and Gospel application.",data/library/verified/weighed-and-wanting-addresses-on-the-ten-commandments.txt,35473,3.9,weighed and wanting addresses on the ten commandments|d l moody,1
477,Tier 3 - strong curated library,Christian Book,1145,Wholly for God : the true Christian life ; a series of extracts from the writings of William Law,Andrew Murray,2026,Prayer,Andrew Murray Collection,https://archive.org/download/whollyforgodtrue00laww/whollyforgodtrue00laww_djvu.txt,https://archive.org/download/whollyforgodtrue00laww/whollyforgodtrue00laww_djvu.txt,verified,verified_allowed_public_domain,verified public domain. Source reviewed from https://archive.org/download/whollyforgodtrue00laww/whollyforgodtrue00laww_djvu.txt.,Andrew Murray public-domain prayer or devotional resource for prayer study and Christian living.,data/library/verified/wholly-for-god-the-true-christian-life-a-series-of-extracts-from-the-writings-of-william-law-andrew-murray.txt,106143,11.8,wholly for god the true christian life a series of extracts from the writings of william law|andrew murray,1
478,Tier 3 - strong curated library,Christian Book,1140,"""He was buried."" A Sermon for Easter Even","Macgill, Thomas (Curate of Clapham)",2020,Preaching & Teaching,Preaching & Teaching,https://www.gutenberg.org/ebooks/63688,https://www.gutenberg.org/ebooks/63688.txt.utf-8,verified,verified_allowed_with_project_gutenberg_terms,verified public domain. Source reviewed from https://www.gutenberg.org/ebooks/63688.,"Preaching and teaching help for illustrations, exposition, and lesson preparation.",data/library/verified/he-was-buried-a-sermon-for-easter-even-macgill-thomas-curate-of-clapham.txt,3121,0.3,he was buried a sermon for easter even|macgill thomas curate of clapham,1
479,Tier 3 - strong curated library,Christian Book,1140,A Source Book for Ancient Church History,"Ayer, Joseph Cullen",2008,Baptist History,Baptist History,https://www.gutenberg.org/ebooks/24979,https://www.gutenberg.org/ebooks/24979.txt.utf-8,verified,verified_allowed_with_project_gutenberg_terms,verified public domain. Source reviewed from https://www.gutenberg.org/ebooks/24979.,Church history and Baptist-history-adjacent resource for historical background and discernment.,data/library/verified/a-source-book-for-ancient-church-history-ayer-joseph-cullen.txt,251911,28.0,a source book for ancient church history|ayer joseph cullen,1
480,Tier 3 - strong curated library,Christian Book,1140,"Church History, Volume 1 (of 3)",J. H. Kurtz,2016,Baptist History,Church History & Discernment,https://www.gutenberg.org/ebooks/51489,https://www.gutenberg.org/ebooks/51489.txt.utf-8,verified,verified_allowed_with_project_gutenberg_terms,verified public domain. Source reviewed from https://www.gutenberg.org/ebooks/51489.,Academic public-domain church-history resource for background study.,data/library/verified/church-history-volume-1-of-3-j-h-kurtz.txt,259259,28.8,church history|j h kurtz,1
481,Tier 3 - strong curated library,Bible Study Reference,1140,"Dispensational Truth: or, God's Plan and Purpose in the Ages",Clarence Larkin,1918,KJV / Textual Issues,Larkin,https://archive.org/download/dispensationaltr0000clar/dispensationaltr0000clar_djvu.txt,https://archive.org/download/dispensationaltr0000clar/dispensationaltr0000clar_djvu.txt,verified,verified_allowed_public_domain,verified public domain. Source reviewed from https://archive.org/download/dispensationaltr0000clar/dispensationaltr0000clar_djvu.txt.,Classic Baptist dispensational study resource. Keep Scripture primary and note that charts/images may not be represented in plain text.,data/library/verified/dispensational-truth-or-god-s-plan-and-purpose-in-the-ages-clarence-larkin.txt,210068,23.3,dispensational truth or god s plan and purpose in the ages|clarence larkin,1
482,Tier 3 - strong curated library,Bible Study Reference,1140,Facts and Theories as to a Future State,F. W. Grant,1879,KJV / Textual Issues,F. W. Grant Collection,https://archive.org/download/cihm_89794/cihm_89794_djvu.txt,https://archive.org/download/cihm_89794/cihm_89794_djvu.txt,verified,verified_allowed_public_domain,"Published in 1879, before the current U.S. public-domain cutoff for 2026. Direct Internet Archive OCR text imported from item cihm_89794; source edition and OCR quality require spot-check before quotation or public teaching use.","Historical doctrinal study resource on future state and judgment, for careful review and comparison. OCR text should be spot-checked before quotation or public teaching use.",data/library/verified/facts-and-theories-as-to-a-future-state-f-w-grant.txt,219186,24.4,facts and theories as to a future state|f w grant,1
483,Tier 3 - strong curated library,Christian Book,1140,"Fox's Book of Martyrs Or A History of the Lives, Sufferings, and Triumphant Deaths of the Primitive Protestant Martyrs","Foxe, John",2007,Baptist History,Baptist History,https://www.gutenberg.org/ebooks/22400,https://www.gutenberg.org/ebooks/22400.txt.utf-8,verified,verified_allowed_with_project_gutenberg_terms,verified public domain. Source reviewed from https://www.gutenberg.org/ebooks/22400.,Church history and Baptist-history-adjacent resource for historical background and discernment.,data/library/verified/fox-s-book-of-martyrs-or-a-history-of-the-lives-sufferings-and-triumphant-deaths-of-the-primitive-protestant-m.txt,263898,29.3,fox s book of martyrs or a history of the lives sufferings and triumphant deaths of the primitive protestant martyrs|foxe john,1
484,Tier 3 - strong curated library,Bible Study Reference,1140,"Kingless Folk, and Other Addresses on Bible Animals","Adams, John",2015,Bible Handbooks,Bible Handbooks,https://www.gutenberg.org/ebooks/48399,https://www.gutenberg.org/ebooks/48399.txt.utf-8,verified,verified_allowed_with_project_gutenberg_terms,verified public domain. Source reviewed from https://www.gutenberg.org/ebooks/48399.,"Book background, Bible geography, or Bible survey help for study preparation.",data/library/verified/kingless-folk-and-other-addresses-on-bible-animals-adams-john.txt,23368,2.6,kingless folk and other addresses on bible animals|adams john,1
485,Tier 3 - strong curated library,Christian Book,1140,Men of the Bible,"Moody, Dwight Lyman",2009,Biographies,Biographies,https://www.gutenberg.org/ebooks/30740,https://www.gutenberg.org/ebooks/30740.txt.utf-8,verified,verified_allowed_with_project_gutenberg_terms,Project Gutenberg catalog/metadata source indicates public-domain availability in the USA. Retain source/license notes for redistributed Project Gutenberg files.,"Missions or biography resource for prayer burden, historical context, and teaching examples.",data/library/verified/men-of-the-bible.txt,37960,4.2,men of the bible|moody dwight lyman,1
486,Tier 3 - strong curated library,Bible Study Reference,1140,Modern Religious Cults and Movements,Gaius Glenn Atkins,2006,Bible study helps,False Religion & Discernment,https://www.gutenberg.org/ebooks/19051,https://www.gutenberg.org/ebooks/19051.txt.utf-8,verified,verified_allowed_with_project_gutenberg_terms,verified public domain. Source reviewed from https://www.gutenberg.org/ebooks/19051.,Public-domain historical survey of religious cults and movements for discernment study; Scripture remains primary.,data/library/verified/modern-religious-cults-and-movements-gaius-glenn-atkins.txt,93199,10.4,modern religious cults and movements|gaius glenn atkins,1
487,Tier 3 - strong curated library,Bible Study Reference,1140,Rightly Dividing the Word,Clarence Larkin,1924,KJV / Textual Issues,KJV Defense / Textual Issues,https://archive.org/download/bwb_W9-CVU-096/bwb_W9-CVU-096_djvu.txt,https://archive.org/download/bwb_W9-CVU-096/bwb_W9-CVU-096_djvu.txt,verified,verified_allowed_public_domain,"Published in 1924, before the current U.S. public-domain cutoff for 2026. Direct Internet Archive OCR text imported from item bwb_W9-CVU-096; source edition and OCR quality require spot-check before quotation or public teaching use.","Historical Bible study and dispensational chart resource, kept secondary to Scripture. OCR text should be spot-checked before quotation or public teaching use.",data/library/verified/rightly-dividing-the-word-clarence-larkin.txt,104360,11.6,rightly dividing the word|clarence larkin,1
488,Tier 3 - strong curated library,Bible Study Reference,1140,The Bible Book by Book,Josiah Blake Tidwell,2005,Surveys,Bible Study Essentials,https://www.gutenberg.org/ebooks/16290,https://www.gutenberg.org/ebooks/16290.txt.utf-8,verified,verified_allowed_with_project_gutenberg_terms,verified. Source reviewed from https://www.gutenberg.org/ebooks/16290.,"Book-by-book Bible survey for teachers, Sunday School preparation, and study plans.",data/library/verified/the-bible-book-by-book-josiah-blake-tidwell.txt,47207,5.2,the bible book by book|josiah blake tidwell,1
489,Tier 3 - strong curated library,Bible Study Reference,1140,The Christian View of the Old Testament,Frederick Carl Eiselen,2010,Surveys,Bible Surveys,https://www.gutenberg.org/ebooks/31876,https://www.gutenberg.org/ebooks/31876.txt.utf-8,verified,verified_allowed_with_project_gutenberg_terms,verified public domain. Source reviewed from https://www.gutenberg.org/ebooks/31876.,Bible survey resource for whole-book and whole-Bible understanding.,data/library/verified/the-christian-view-of-the-old-testament-frederick-carl-eiselen.txt,59905,6.7,the christian view of the old testament|frederick carl eiselen,1
490,Tier 3 - strong curated library,Christian Book,1140,The Cyclopedia of the Colored Baptists of Alabama,Charles Octavius Boothe,2021,Baptist History,Baptist History,https://www.gutenberg.org/ebooks/66204,https://www.gutenberg.org/ebooks/66204.txt.utf-8,verified,verified_allowed_with_project_gutenberg_terms,Verified. Source reviewed from https://www.gutenberg.org/ebooks/66204.,Public-domain Baptist history reference.,data/library/verified/the-cyclopedia-of-the-colored-baptists-of-alabama-charles-octavius-boothe.txt,66819,7.4,the cyclopedia of the colored baptists of alabama|charles octavius boothe,1
491,Tier 3 - strong curated library,Christian Book,1140,The Eve of the Reformation Studies in the Religious Life and Thought of the English people in the Period Preceding the Rejection of the Roman jurisdiction by Henry VIII,"Gasquet, Francis Aidan",2015,Baptist History,Baptist History,https://www.gutenberg.org/ebooks/50328,https://www.gutenberg.org/ebooks/50328.txt.utf-8,verified,verified_allowed_with_project_gutenberg_terms,verified public domain. Source reviewed from https://www.gutenberg.org/ebooks/50328.,Church history and Baptist-history-adjacent resource for historical background and discernment.,data/library/verified/the-eve-of-the-reformation-studies-in-the-religious-life-and-thought-of-the-english-people-in-the-period-prece.txt,150712,16.7,the eve of the reformation studies in the religious life and thought of the english people in the period preceding the rejection of the roman jurisdiction by henry viii|gasquet francis aidan,1
492,Tier 3 - strong curated library,Christian Book,1140,The History of the Reformation of Religion in Scotland With Which Are Included Knox's Confession and The Book of Discipline,"Knox, John; Lennox, Cuthbert",2015,Baptist History,Baptist History,https://www.gutenberg.org/ebooks/48250,https://www.gutenberg.org/ebooks/48250.txt.utf-8,verified,verified_allowed_with_project_gutenberg_terms,verified public domain. Source reviewed from https://www.gutenberg.org/ebooks/48250.,Church history and Baptist-history-adjacent resource for historical background and discernment.,data/library/verified/the-history-of-the-reformation-of-religion-in-scotland-with-which-are-included-knox-s-confession-and-the-book-.txt,167339,18.6,the history of the reformation of religion in scotland with which are included knox s confession and the book of discipline|knox john lennox cuthbert,1
493,Tier 3 - strong curated library,Commentary,1140,The life of David as reflected in his Psalms,Alexander Maclaren,2026,Commentaries,Alexander Maclaren Collection,https://archive.org/download/lifeofdavidasref00macluoft/lifeofdavidasref00macluoft_djvu.txt,https://archive.org/download/lifeofdavidasref00macluoft/lifeofdavidasref00macluoft_djvu.txt,verified,verified_allowed_public_domain,verified public domain. Source reviewed from https://archive.org/download/lifeofdavidasref00macluoft/lifeofdavidasref00macluoft_djvu.txt.,Alexander Maclaren public-domain exposition for devotional commentary comparison and sermon preparation.,data/library/verified/the-life-of-david-as-reflected-in-his-psalms-alexander-maclaren.txt,57274,6.4,the life of david as reflected in his psalms|alexander maclaren,1
494,Tier 3 - strong curated library,Bible Study Reference,1140,The Literature and History of New Testament Times,"Machen, J. Gresham (John Gresham)",2013,Bible study helps,Bible Study Essentials,https://www.gutenberg.org/ebooks/43685,https://www.gutenberg.org/ebooks/43685.txt.utf-8,verified,verified_allowed_with_project_gutenberg_terms,verified public domain. Source reviewed from https://www.gutenberg.org/ebooks/43685.,"Bible study help for background, doctrine, textual issues, and teaching preparation.",data/library/verified/the-literature-and-history-of-new-testament-times-machen-j-gresham-john-gresham.txt,111562,12.4,the literature and history of new testament times|machen j gresham john gresham,1
495,Tier 3 - strong curated library,Bible Study Reference,1140,The Origin of Paul's Religion,J. Gresham Machen,2013,Bible study helps,Apologetics & Evidences,https://www.gutenberg.org/ebooks/43503,https://www.gutenberg.org/ebooks/43503.txt.utf-8,verified,verified_allowed_with_project_gutenberg_terms,verified public domain. Source reviewed from https://www.gutenberg.org/ebooks/43503.,Public-domain apologetics resource defending the historical and doctrinal character of Paul's Gospel.,data/library/verified/the-origin-of-paul-s-religion-j-gresham-machen.txt,124809,13.9,the origin of paul s religion|j gresham machen,1
496,Tier 3 - strong curated library,Bible Study Reference,1140,The Origin of the World According to Revelation and Science,Sir John William Dawson,2010,Bible study helps,Creation & Evolution Response,https://www.gutenberg.org/ebooks/33049,https://www.gutenberg.org/ebooks/33049.txt.utf-8,verified,verified_allowed_with_project_gutenberg_terms,verified public domain. Source reviewed from https://www.gutenberg.org/ebooks/33049.,Public-domain Bible-and-science resource for Genesis background and apologetics.,data/library/verified/the-origin-of-the-world-according-to-revelation-and-science-sir-john-william-dawson.txt,133882,14.9,the origin of the world according to revelation and science|sir john william dawson,1
497,Tier 3 - strong curated library,Bible Study Reference,1140,"The Revision Revised / Three Articles Reprinted from the ""Quarterly Review."" I. The New Greek Text. II. The New English Version. III. Westcott and Hort's New Textual Theory. To Which is Added a Reply to Bishop Ellicott's Pamphlet in Defence of the Revisers and Their Greek Text of the New Testament: Including a Vindication of the Traditional Reading of 1 Timothy III. 16.","Burgon, John William",2011,Bible study helps,Bible study helps,https://www.gutenberg.org/ebooks/36722,https://www.gutenberg.org/ebooks/36722.txt.utf-8,verified,verified_allowed_with_project_gutenberg_terms,Project Gutenberg catalog/metadata source indicates public-domain availability in the USA. Retain source/license notes for redistributed Project Gutenberg files.,"Bible study help for background, word study, doctrine, and teaching preparation.",data/library/verified/the-revision-revised-three-articles-reprinted-from-the-quarterly-review-i-the-new-greek-te.txt,185903,20.7,the revision revised three articles reprinted from the quarterly review i the new greek text ii the new english version iii westcott and hort s new textual theory to which is added a reply to bishop ellicott s pamphlet in defence of the revisers and their greek text of the new testament including a vindication of the traditional reading timothy iii|burgon john william,1
498,Tier 3 - strong curated library,Bible Study Reference,1140,The Theistic Conception of the World,B. F. Cocker,2014,Bible study helps,Apologetics & Evidences,https://www.gutenberg.org/ebooks/46544,https://www.gutenberg.org/ebooks/46544.txt.utf-8,verified,verified_allowed_with_project_gutenberg_terms,verified public domain. Source reviewed from https://www.gutenberg.org/ebooks/46544.,Public-domain apologetics and theism resource for serious study and classroom preparation.,data/library/verified/the-theistic-conception-of-the-world-b-f-cocker.txt,129621,14.4,the theistic conception of the world|b f cocker,1
499,Tier 3 - strong curated library,Bible Study Reference,1140,Theism; being the Baird Lecture of 1876,Robert Flint,2014,Bible study helps,Apologetics & Evidences,https://www.gutenberg.org/ebooks/45850,https://www.gutenberg.org/ebooks/45850.txt.utf-8,verified,verified_allowed_with_project_gutenberg_terms,verified public domain. Source reviewed from https://www.gutenberg.org/ebooks/45850.,Academic public-domain theistic apologetics resource for advanced readers and teachers.,data/library/verified/theism-being-the-baird-lecture-of-1876-robert-flint.txt,107032,11.9,theism being the baird lecture|robert flint,1
500,Tier 3 - strong curated library,Christian Book,1140,With the Harmony to Labrador Notes of a visit to the Moravian mission stations on the north-east coast of Labrador,Benjamin La Trobe,2005,Missions,Missions Biographies,https://www.gutenberg.org/ebooks/15190,https://www.gutenberg.org/ebooks/15190.txt.utf-8,verified,verified_allowed_with_project_gutenberg_terms,verified public domain. Source reviewed from https://www.gutenberg.org/ebooks/15190.,"Missions biography and history for examples, context, and burden for evangelism and prayer.",data/library/verified/with-the-harmony-to-labrador-notes-of-a-visit-to-the-moravian-mission-stations-on-the-north-east-coast-of-labr.txt,26185,2.9,with the harmony to labrador notes of a visit to the moravian mission stations on the north east coast of labrador|benjamin la trobe,1
501,Tier 3 - strong curated library,Bible Study Reference,1135,A first century message to twentieth century Christians; addresses based upon the Letters to the seven churches of Asia,G. Campbell Morgan,1902,Bible study helps,G. Campbell Morgan Collection,https://archive.org/download/firstcenturymess00morg/firstcenturymess00morg_djvu.txt,https://archive.org/download/firstcenturymess00morg/firstcenturymess00morg_djvu.txt,verified,verified_allowed_public_domain,verified public domain. Source reviewed from https://archive.org/download/firstcenturymess00morg/firstcenturymess00morg_djvu.txt.,G. Campbell Morgan public-domain-era Bible study or preaching resource for exposition and teaching preparation.,data/library/verified/a-first-century-message-to-twentieth-century-christians-addresses-based-upon-the-letters-to-the-seven-churches.txt,46041,5.1,a first century message to twentieth century christians addresses based upon the letters to the seven churches of asia|g campbell morgan,1
502,Tier 3 - strong curated library,Christian Book,1135,"Autobiography of Charles H. Spurgeon compiled from his diary, letters and records by his wife and his private secretary","Spurgeon, C. H. (Charles Haddon)",1897,Preaching & Teaching,Spurgeon Collection,https://archive.org/download/autobiographyofc04inspur/autobiographyofc04inspur_djvu.txt,https://archive.org/download/autobiographyofc04inspur/autobiographyofc04inspur_djvu.txt,verified,verified_allowed_public_domain,verified public domain. Source reviewed from https://archive.org/download/autobiographyofc04inspur/autobiographyofc04inspur_djvu.txt.,"Spurgeon preaching, devotional, and teaching resource for sermon preparation and Christian living. OCR text should be spot-checked before quotation.",data/library/verified/autobiography-of-charles-h-spurgeon-compiled-from-his-diary-letters-and-records-by-his-wife-and-his-private-se.txt,165443,18.4,autobiography of charles h spurgeon compiled from his diary letters and records by his wife and his private secretary|spurgeon c h charles haddon,1
503,Tier 3 - strong curated library,Christian Book,1135,Commenting and commentaries,"Spurgeon, C. H. (Charles Haddon), 1834-1892",1637,Preaching & Teaching,Spurgeon Collection,https://archive.org/download/commentingcommen00spur/commentingcommen00spur_djvu.txt,https://archive.org/download/commentingcommen00spur/commentingcommen00spur_djvu.txt,verified,verified_allowed_public_domain,verified public domain. Source reviewed from https://archive.org/download/commentingcommen00spur/commentingcommen00spur_djvu.txt.,"Spurgeon preaching, devotional, and teaching resource for sermon preparation and Christian living. OCR text should be spot-checked before quotation.",data/library/verified/commenting-and-commentaries-spurgeon-c-h-charles-haddon-1834-1892.txt,109360,12.2,commenting and commentaries|spurgeon c h charles haddon 1834 1892,1
504,Tier 3 - strong curated library,Christian Book,1135,Commenting and Commentaries,C. H. Spurgeon,1876,Preaching & Teaching,Spurgeon Collection,https://archive.org/download/cu31924031176252/cu31924031176252_djvu.txt,https://archive.org/download/cu31924031176252/cu31924031176252_djvu.txt,verified,verified_allowed_public_domain,"Published in 1876, before the current U.S. public-domain cutoff for 2026. Direct Internet Archive OCR text from item cu31924031176252 imported with source-edition review and OCR spot-check labels.","Preaching and study resource for evaluating commentaries, building lessons, and sermon preparation.",data/library/verified/commenting-and-commentaries-c-h-spurgeon.txt,108457,12.1,commenting and commentaries|c h spurgeon,1
505,Tier 3 - strong curated library,Christian Book,1135,"Evening by evening : or, Readings at eventide for the family or the closet","Spurgeon, C. H. (Charles Haddon), 1834-1892",2026,Preaching & Teaching,Spurgeon Collection,https://archive.org/download/eveningbyevenin00spur/eveningbyevenin00spur_djvu.txt,https://archive.org/download/eveningbyevenin00spur/eveningbyevenin00spur_djvu.txt,verified,verified_allowed_public_domain,verified public domain. Source reviewed from https://archive.org/download/eveningbyevenin00spur/eveningbyevenin00spur_djvu.txt.,"Spurgeon preaching, devotional, and teaching resource for sermon preparation and Christian living. OCR text should be spot-checked before quotation.",data/library/verified/evening-by-evening-or-readings-at-eventide-for-the-family-or-the-closet-spurgeon-c-h-charles-haddon-1834-1892.txt,148730,16.5,evening by evening or readings at eventide for the family or the closet|spurgeon c h charles haddon 1834 1892,1
506,Tier 3 - strong curated library,Christian Book,1135,"Illustrations and meditations; or, Flowers from a Puritan's garden","Spurgeon, C. H. (Charles Haddon), 1834-1892",1883,Preaching & Teaching,Spurgeon Collection,https://archive.org/download/illustrationsmed01spur/illustrationsmed01spur_djvu.txt,https://archive.org/download/illustrationsmed01spur/illustrationsmed01spur_djvu.txt,verified,verified_allowed_public_domain,verified public domain. Source reviewed from https://archive.org/download/illustrationsmed01spur/illustrationsmed01spur_djvu.txt.,"Spurgeon preaching, devotional, and teaching resource for sermon preparation and Christian living. OCR text should be spot-checked before quotation.",data/library/verified/illustrations-and-meditations-or-flowers-from-a-puritan-s-garden-spurgeon-c-h-charles-haddon-1834-1892.txt,106816,11.9,illustrations and meditations or flowers from a puritan s garden|spurgeon c h charles haddon 1834 1892,1
507,Tier 3 - strong curated library,Christian Book,1135,"Illustrations and meditations; or, Flowers from a Puritan's garden, distilled and dispensed","Spurgeon, C. H. (Charles Haddon), 1834-1892",2026,Preaching & Teaching,Spurgeon Collection,https://archive.org/download/illustrationsmed00spur/illustrationsmed00spur_djvu.txt,https://archive.org/download/illustrationsmed00spur/illustrationsmed00spur_djvu.txt,verified,verified_allowed_public_domain,verified public domain. Source reviewed from https://archive.org/download/illustrationsmed00spur/illustrationsmed00spur_djvu.txt.,"Spurgeon preaching, devotional, and teaching resource for sermon preparation and Christian living. OCR text should be spot-checked before quotation.",data/library/verified/illustrations-and-meditations-or-flowers-from-a-puritan-s-garden-distilled-and-dispensed-spurgeon-c-h-charles-.txt,110869,12.3,illustrations and meditations or flowers from a puritan s garden distilled and dispensed|spurgeon c h charles haddon 1834 1892,1
508,Tier 3 - strong curated library,Christian Book,1135,Lectures to My Students,C. H. Spurgeon,1875,Preaching & Teaching,Spurgeon Collection,https://archive.org/download/lecturestomystu00spuruoft/lecturestomystu00spuruoft_djvu.txt,https://archive.org/download/lecturestomystu00spuruoft/lecturestomystu00spuruoft_djvu.txt,verified,verified_allowed_public_domain,Internet Archive item lecturestomystu00spuruoft lists public-domain or NOT_IN_COPYRIGHT status. Direct IA OCR text imported for beta reading with use-with-discernment and OCR spot-check labels.,Substantial preaching and pastoral training resource for sermon preparation and ministry development.,data/library/verified/lectures-to-my-students-c-h-spurgeon.txt,100119,11.1,lectures to my students|c h spurgeon,1
509,Tier 3 - strong curated library,Christian Book,1135,"Lectures to my students : being addresses delivered to the students of the Pastors' College, Metropolitan Tabernacle","Spurgeon, C. H. (Charles Haddon), 1834-1892",2026,Preaching & Teaching,Spurgeon Collection,https://archive.org/download/lecturestomystud1889spur/lecturestomystud1889spur_djvu.txt,https://archive.org/download/lecturestomystud1889spur/lecturestomystud1889spur_djvu.txt,verified,verified_allowed_public_domain,verified public domain. Source reviewed from https://archive.org/download/lecturestomystud1889spur/lecturestomystud1889spur_djvu.txt.,"Spurgeon preaching, devotional, and teaching resource for sermon preparation and Christian living. OCR text should be spot-checked before quotation.",data/library/verified/lectures-to-my-students-being-addresses-delivered-to-the-students-of-the-pastors-college-metropolitan-tabernac.txt,88869,9.9,lectures to my students being addresses delivered to the students of the pastors college metropolitan tabernacle|spurgeon c h charles haddon 1834 1892,1
510,Tier 3 - strong curated library,Christian Book,1135,"Lectures to my students: a selection from addresses delivered to the students of the Pastor's college, Metropolitan tabernacle","Spurgeon, C. H. (Charles Haddon), 1834-1892",2026,Preaching & Teaching,Spurgeon Collection,https://archive.org/download/lecturestomystud00spurrich/lecturestomystud00spurrich_djvu.txt,https://archive.org/download/lecturestomystud00spurrich/lecturestomystud00spurrich_djvu.txt,verified,verified_allowed_public_domain,verified public domain. Source reviewed from https://archive.org/download/lecturestomystud00spurrich/lecturestomystud00spurrich_djvu.txt.,"Spurgeon preaching, devotional, and teaching resource for sermon preparation and Christian living. OCR text should be spot-checked before quotation.",data/library/verified/lectures-to-my-students-a-selection-from-addresses-delivered-to-the-students-of-the-pastor-s-college-metropoli.txt,99564,11.1,lectures to my students a selection from addresses delivered to the students of the pastor s college metropolitan tabernacle|spurgeon c h charles haddon 1834 1892,1
511,Tier 3 - strong curated library,Christian Book,1135,"Morning by morning : or, Daily readings for the family or the closet","Spurgeon, C. H. (Charles Haddon), 1834-1892",2026,Preaching & Teaching,Spurgeon Collection,https://archive.org/download/morningbymornin00spur/morningbymornin00spur_djvu.txt,https://archive.org/download/morningbymornin00spur/morningbymornin00spur_djvu.txt,verified,verified_allowed_public_domain,verified public domain. Source reviewed from https://archive.org/download/morningbymornin00spur/morningbymornin00spur_djvu.txt.,"Spurgeon preaching, devotional, and teaching resource for sermon preparation and Christian living. OCR text should be spot-checked before quotation.",data/library/verified/morning-by-morning-or-daily-readings-for-the-family-or-the-closet-spurgeon-c-h-charles-haddon-1834-1892.txt,152688,17.0,morning by morning or daily readings for the family or the closet|spurgeon c h charles haddon 1834 1892,1
512,Tier 3 - strong curated library,Christian Book,1135,Power through prayer,"Bounds, Edward M. (Edward McKendree), 1835-1913",2026,Prayer,Bounds Collection,https://archive.org/download/powerthroughpray00boun_1/powerthroughpray00boun_1_djvu.txt,https://archive.org/download/powerthroughpray00boun_1/powerthroughpray00boun_1_djvu.txt,verified,verified_allowed_public_domain,verified public domain. Source reviewed from https://archive.org/download/powerthroughpray00boun_1/powerthroughpray00boun_1_djvu.txt.,E. M. Bounds prayer resource for devotional reading and prayer teaching. OCR text should be spot-checked before quotation.,data/library/verified/power-through-prayer-bounds-edward-m-edward-mckendree-1835-1913.txt,22741,2.5,power through prayer|bounds edward m edward mckendree 1835 1913,1
513,Tier 3 - strong curated library,Christian Book,1135,Preacher and prayer,"Bounds, Edward M. (Edward McKendree), 1835-1913",2026,Prayer,Bounds Collection,https://archive.org/download/preacherprayer00boun/preacherprayer00boun_djvu.txt,https://archive.org/download/preacherprayer00boun/preacherprayer00boun_djvu.txt,verified,verified_allowed_public_domain,verified public domain. Source reviewed from https://archive.org/download/preacherprayer00boun/preacherprayer00boun_djvu.txt.,E. M. Bounds prayer resource for devotional reading and prayer teaching. OCR text should be spot-checked before quotation.,data/library/verified/preacher-and-prayer-bounds-edward-m-edward-mckendree-1835-1913.txt,22544,2.5,preacher and prayer|bounds edward m edward mckendree 1835 1913,1
514,Tier 3 - strong curated library,Christian Book,1135,Second Series of Lectures to My Students,C. H. Spurgeon,1906,Preaching & Teaching,Spurgeon Collection,https://archive.org/download/secondseriesofle00spuruoft/secondseriesofle00spuruoft_djvu.txt,https://archive.org/download/secondseriesofle00spuruoft/secondseriesofle00spuruoft_djvu.txt,verified,verified_allowed_public_domain,Internet Archive item secondseriesofle00spuruoft lists public-domain or NOT_IN_COPYRIGHT status. Direct IA OCR text imported for beta reading with use-with-discernment and OCR spot-check labels.,Substantial preaching and pastoral training resource for sermon preparation and ministry development.,data/library/verified/second-series-of-lectures-to-my-students-c-h-spurgeon.txt,97347,10.8,second series of lectures to my students|c h spurgeon,1
515,Tier 3 - strong curated library,Christian Book,1135,"Second series of lectures to my students : being the addresses delivered to the students of the Pastors' College, Metropolitan Tabernacle","Spurgeon, C. H. (Charles Haddon), 1834-1892",2026,Preaching & Teaching,Spurgeon Collection,https://archive.org/download/secondseriesofle00spur/secondseriesofle00spur_djvu.txt,https://archive.org/download/secondseriesofle00spur/secondseriesofle00spur_djvu.txt,verified,verified_allowed_public_domain,verified public domain. Source reviewed from https://archive.org/download/secondseriesofle00spur/secondseriesofle00spur_djvu.txt.,"Spurgeon preaching, devotional, and teaching resource for sermon preparation and Christian living. OCR text should be spot-checked before quotation.",data/library/verified/second-series-of-lectures-to-my-students-being-the-addresses-delivered-to-the-students-of-the-pastors-college-.txt,98586,11.0,second series of lectures to my students being the addresses delivered to the students of the pastors college metropolitan tabernacle|spurgeon c h charles haddon 1834 1892,1
516,Tier 3 - strong curated library,Christian Book,1135,"Second series of lectures to my students; being addresses delivered to the students of the Pastors' College, Metropolitan Tabernacle","Spurgeon, C. H. (Charles Haddon), 1834-1892",2026,Preaching & Teaching,Spurgeon Collection,https://archive.org/download/secondseriesofle00spuriala/secondseriesofle00spuriala_djvu.txt,https://archive.org/download/secondseriesofle00spuriala/secondseriesofle00spuriala_djvu.txt,verified,verified_allowed_public_domain,verified public domain. Source reviewed from https://archive.org/download/secondseriesofle00spuriala/secondseriesofle00spuriala_djvu.txt.,"Spurgeon preaching, devotional, and teaching resource for sermon preparation and Christian living. OCR text should be spot-checked before quotation.",data/library/verified/second-series-of-lectures-to-my-students-being-addresses-delivered-to-the-students-of-the-pastors-college-metr.txt,94935,10.5,second series of lectures to my students being addresses delivered to the students of the pastors college metropolitan tabernacle|spurgeon c h charles haddon 1834 1892,1
517,Tier 3 - strong curated library,Christian Book,1135,"Spurgeon : episodes and anecdotes of his busy life, with personal reminiscences","Handford, Thomas W; Spurgeon, C. H. (Charles Haddon), 1834-1892",1892,Preaching & Teaching,Spurgeon Collection,https://archive.org/download/spurgeonepisodes00hand/spurgeonepisodes00hand_djvu.txt,https://archive.org/download/spurgeonepisodes00hand/spurgeonepisodes00hand_djvu.txt,verified,verified_allowed_public_domain,verified public domain. Source reviewed from https://archive.org/download/spurgeonepisodes00hand/spurgeonepisodes00hand_djvu.txt.,"Spurgeon preaching, devotional, and teaching resource for sermon preparation and Christian living. OCR text should be spot-checked before quotation.",data/library/verified/spurgeon-episodes-and-anecdotes-of-his-busy-life-with-personal-reminiscences-handford-thomas-w-spurgeon-c-h-ch.txt,61059,6.8,spurgeon episodes and anecdotes of his busy life with personal reminiscences|handford thomas w spurgeon c h charles haddon 1834 1892,1
518,Tier 3 - strong curated library,Christian Book,1135,Spurgeon's gems being brilliant passages from the discourses of the Rev. C. H. Spurgeon,"Spurgeon, C. H. (Charles Haddon), 1834-1892",2026,Preaching & Teaching,Spurgeon Collection,https://archive.org/download/spurgeonsgemsbei00spur/spurgeonsgemsbei00spur_djvu.txt,https://archive.org/download/spurgeonsgemsbei00spur/spurgeonsgemsbei00spur_djvu.txt,verified,verified_allowed_public_domain,verified public domain. Source reviewed from https://archive.org/download/spurgeonsgemsbei00spur/spurgeonsgemsbei00spur_djvu.txt.,"Spurgeon preaching, devotional, and teaching resource for sermon preparation and Christian living. OCR text should be spot-checked before quotation.",data/library/verified/spurgeon-s-gems-being-brilliant-passages-from-the-discourses-of-the-rev-c-h-spurgeon-spurgeon-c-h-charles-hadd.txt,93787,10.4,spurgeon s gems being brilliant passages from the discourses of the rev c h spurgeon|spurgeon c h charles haddon 1834 1892,1
519,Tier 3 - strong curated library,Christian Book,1135,Spurgeon's gold..,"Spurgeon, C. H. (Charles Haddon), 1834-1892",1983,Preaching & Teaching,Spurgeon Collection,https://archive.org/download/spurgeonsgold000spur/spurgeonsgold000spur_djvu.txt,https://archive.org/download/spurgeonsgold000spur/spurgeonsgold000spur_djvu.txt,verified,verified_allowed_public_domain,verified public domain. Source reviewed from https://archive.org/download/spurgeonsgold000spur/spurgeonsgold000spur_djvu.txt.,"Spurgeon preaching, devotional, and teaching resource for sermon preparation and Christian living. OCR text should be spot-checked before quotation.",data/library/verified/spurgeon-s-gold-spurgeon-c-h-charles-haddon-1834-1892.txt,108004,12.0,spurgeon s gold|spurgeon c h charles haddon 1834 1892,1
520,Tier 3 - strong curated library,Christian Book,1135,Spurgeon's Illustrative anecdotes,"Spurgeon, C. H. (Charles Haddon), 1834-1892; Banks, Louis Albert, 1855-1933",1906,Preaching & Teaching,Spurgeon Collection,https://archive.org/download/spurgeonsanecdot00spuruoft/spurgeonsanecdot00spuruoft_djvu.txt,https://archive.org/download/spurgeonsanecdot00spuruoft/spurgeonsanecdot00spuruoft_djvu.txt,verified,verified_allowed_public_domain,verified public domain. Source reviewed from https://archive.org/download/spurgeonsanecdot00spuruoft/spurgeonsanecdot00spuruoft_djvu.txt.,"Spurgeon preaching, devotional, and teaching resource for sermon preparation and Christian living. OCR text should be spot-checked before quotation.",data/library/verified/spurgeon-s-illustrative-anecdotes-spurgeon-c-h-charles-haddon-1834-1892-banks-louis-albert-1855-1933.txt,115844,12.9,spurgeon s illustrative anecdotes|spurgeon c h charles haddon 1834 1892 banks louis albert 1855 1933,1
521,Tier 3 - strong curated library,Bible Study Reference,1135,The analyzed Bible,G. Campbell Morgan,1907,Bible study helps,G. Campbell Morgan Collection,https://archive.org/download/analyzedbible01morg/analyzedbible01morg_djvu.txt,https://archive.org/download/analyzedbible01morg/analyzedbible01morg_djvu.txt,verified,verified_allowed_public_domain,verified public domain. Source reviewed from https://archive.org/download/analyzedbible01morg/analyzedbible01morg_djvu.txt.,G. Campbell Morgan public-domain-era Bible study or preaching resource for exposition and teaching preparation.,data/library/verified/the-analyzed-bible-g-campbell-morgan.txt,41874,4.7,the analyzed bible|g campbell morgan,1
522,Tier 3 - strong curated library,Bible Study Reference,1135,"The Analyzed Bible, Volume 2: Job to Malachi",G. Campbell Morgan,1907,Bible study helps,G. Campbell Morgan Collection,https://archive.org/details/analyzedbible02morg,https://archive.org/download/analyzedbible02morg/analyzedbible02morg_djvu.txt,verified,verified_allowed_public_domain,Internet Archive scan of a 1907 Fleming H. Revell edition. Publication before 1929; public domain in the United States. Use this exact scan rather than later reprints.,"Use for book-level survey, teaching preparation, and Old Testament prophetic background.",data/library/verified/the-analyzed-bible-volume-2-job-to-malachi-g-campbell-morgan.txt,52113,5.8,the analyzed bible job to malachi|g campbell morgan,1
523,Tier 3 - strong curated library,Christian Book,1135,The autobiography of Charles H. Spurgeon,"Spurgeon, C. H. (Charles Haddon), 1834-1892; Spurgeon, Susannah Thompson, 1832-1903; Harrald, W J",1857,Preaching & Teaching,Spurgeon Collection,https://archive.org/download/autobiographyofc01spur/autobiographyofc01spur_djvu.txt,https://archive.org/download/autobiographyofc01spur/autobiographyofc01spur_djvu.txt,verified,verified_allowed_public_domain,verified public domain. Source reviewed from https://archive.org/download/autobiographyofc01spur/autobiographyofc01spur_djvu.txt.,"Spurgeon preaching, devotional, and teaching resource for sermon preparation and Christian living. OCR text should be spot-checked before quotation.",data/library/verified/the-autobiography-of-charles-h-spurgeon-spurgeon-c-h-charles-haddon-1834-1892-spurgeon-susannah-thompson-1832-.txt,178482,19.8,the autobiography of charles h spurgeon|spurgeon c h charles haddon 1834 1892 spurgeon susannah thompson 1832 1903 harrald w j,1
524,Tier 3 - strong curated library,Christian Book,1135,"The Overcoming Life, and Other Sermons",D. L. Moody,1896,Christian Living,Christian Living,https://www.gutenberg.org/ebooks/33015,https://www.gutenberg.org/ebooks/33015.txt.utf-8,verified,verified_allowed_with_project_gutenberg_terms,Project Gutenberg catalog page reports public domain in the USA. Retain source/license notes for redistributed Project Gutenberg files.,"Christian life, encouragement, and lesson application.",data/library/verified/the-overcoming-life.txt,38200,4.2,the overcoming life and other sermons|d l moody,1
525,Tier 3 - strong curated library,Christian Book,1135,The saint and his Saviour [microform] : the progress of the soul in the knowledge of Jesus,"Spurgeon, C. H. (Charles Haddon), 1834-1892",2026,Preaching & Teaching,Spurgeon Collection,https://archive.org/download/cihm_33548/cihm_33548_djvu.txt,https://archive.org/download/cihm_33548/cihm_33548_djvu.txt,verified,verified_allowed_public_domain,verified public domain. Source reviewed from https://archive.org/download/cihm_33548/cihm_33548_djvu.txt.,"Spurgeon preaching, devotional, and teaching resource for sermon preparation and Christian living. OCR text should be spot-checked before quotation.",data/library/verified/the-saint-and-his-saviour-microform-the-progress-of-the-soul-in-the-knowledge-of-jesus-spurgeon-c-h-charles-ha.txt,120523,13.4,the saint and his saviour microform the progress of the soul in the knowledge of jesus|spurgeon c h charles haddon 1834 1892,1
526,Tier 3 - strong curated library,Christian Book,1135,"The saint and his Saviour; or, The progress of the soul in the knowledge of Jesus","Spurgeon, Charles Haddon, 1834-1892",2026,Preaching & Teaching,Spurgeon Collection,https://archive.org/download/sainthissaviouro00spur/sainthissaviouro00spur_djvu.txt,https://archive.org/download/sainthissaviouro00spur/sainthissaviouro00spur_djvu.txt,verified,verified_allowed_public_domain,verified public domain. Source reviewed from https://archive.org/download/sainthissaviouro00spur/sainthissaviouro00spur_djvu.txt.,"Spurgeon preaching, devotional, and teaching resource for sermon preparation and Christian living. OCR text should be spot-checked before quotation.",data/library/verified/the-saint-and-his-saviour-or-the-progress-of-the-soul-in-the-knowledge-of-jesus-spurgeon-charles-haddon-1834-1.txt,108851,12.1,the saint and his saviour or the progress of the soul in the knowledge of jesus|spurgeon charles haddon 1834 1892,1
527,Tier 3 - strong curated library,Christian Book,1135,The Sword and the trowel,"Spurgeon, C. H. (Charles Haddon), 1834-1892",1588,Preaching & Teaching,Spurgeon Collection,https://archive.org/download/swordtrowel25spur/swordtrowel25spur_djvu.txt,https://archive.org/download/swordtrowel25spur/swordtrowel25spur_djvu.txt,verified,verified_allowed_public_domain,verified public domain. Source reviewed from https://archive.org/download/swordtrowel25spur/swordtrowel25spur_djvu.txt.,"Spurgeon preaching, devotional, and teaching resource for sermon preparation and Christian living. OCR text should be spot-checked before quotation.",data/library/verified/the-sword-and-the-trowel-spurgeon-c-h-charles-haddon-1834-1892.txt,439898,48.9,the sword and the trowel|spurgeon c h charles haddon 1834 1892,1
528,Tier 3 - strong curated library,Christian Book,1135,The treasury of David,"Spurgeon, C. H. (Charles Haddon), 1834-1892",2026,Preaching & Teaching,Spurgeon Collection,https://archive.org/download/thetreasuryofdav00spuruoft/thetreasuryofdav00spuruoft_djvu.txt,https://archive.org/download/thetreasuryofdav00spuruoft/thetreasuryofdav00spuruoft_djvu.txt,verified,verified_allowed_public_domain,verified public domain. Source reviewed from https://archive.org/download/thetreasuryofdav00spuruoft/thetreasuryofdav00spuruoft_djvu.txt.,"Spurgeon preaching, devotional, and teaching resource for sermon preparation and Christian living. OCR text should be spot-checked before quotation.",data/library/verified/the-treasury-of-david-spurgeon-c-h-charles-haddon-1834-1892.txt,405804,45.1,the treasury of david|spurgeon c h charles haddon 1834 1892,1
529,Tier 3 - strong curated library,Christian Book,1135,"Third series of lectures to my students : the art of illustration : being addresses delivered to the students of the Pastors' College, Metropolitan Tabernacle","Spurgeon, C. H. (Charles Haddon), 1834-1892",1658,Preaching & Teaching,Spurgeon Collection,https://archive.org/download/thirdseriesoflec00spuruoft/thirdseriesoflec00spuruoft_djvu.txt,https://archive.org/download/thirdseriesoflec00spuruoft/thirdseriesoflec00spuruoft_djvu.txt,verified,verified_allowed_public_domain,verified public domain. Source reviewed from https://archive.org/download/thirdseriesoflec00spuruoft/thirdseriesoflec00spuruoft_djvu.txt.,"Spurgeon preaching, devotional, and teaching resource for sermon preparation and Christian living. OCR text should be spot-checked before quotation.",data/library/verified/third-series-of-lectures-to-my-students-the-art-of-illustration-being-addresses-delivered-to-the-students-of-t.txt,106615,11.8,third series of lectures to my students the art of illustration being addresses delivered to the students of the pastors college metropolitan tabernacle|spurgeon c h charles haddon 1834 1892,1
530,Tier 3 - strong curated library,Christian Book,1135,Till he come : communion meditations and addresses,"Spurgeon, C. H. (Charles Haddon), 1834-1892",2026,Preaching & Teaching,Spurgeon Collection,https://archive.org/download/tillhecome00spuruoft/tillhecome00spuruoft_djvu.txt,https://archive.org/download/tillhecome00spuruoft/tillhecome00spuruoft_djvu.txt,verified,verified_allowed_public_domain,verified public domain. Source reviewed from https://archive.org/download/tillhecome00spuruoft/tillhecome00spuruoft_djvu.txt.,"Spurgeon preaching, devotional, and teaching resource for sermon preparation and Christian living. OCR text should be spot-checked before quotation.",data/library/verified/till-he-come-communion-meditations-and-addresses-spurgeon-c-h-charles-haddon-1834-1892.txt,98413,10.9,till he come communion meditations and addresses|spurgeon c h charles haddon 1834 1892,1
531,Tier 3 - strong curated library,Christian Book,1130,Abide in Christ,Andrew Murray,1895,Prayer,Andrew Murray Collection,https://archive.org/download/abideinchrist01murr/abideinchrist01murr_djvu.txt,https://archive.org/download/abideinchrist01murr/abideinchrist01murr_djvu.txt,verified,verified_allowed_public_domain,verified public domain. Source reviewed from https://archive.org/download/abideinchrist01murr/abideinchrist01murr_djvu.txt.,Andrew Murray public-domain prayer or devotional resource for prayer study and Christian living.,data/library/verified/abide-in-christ-andrew-murray.txt,57607,6.4,abide in christ|andrew murray,1
532,Tier 3 - strong curated library,Christian Book,1130,"Bible-Burning: the substance of a sermon preached in St. Martin's Church, Birmingham, on Sunday evening, Dec. 10, 1848","Miller, John C. (John Cale)",2021,Preaching & Teaching,Preaching & Teaching,https://www.gutenberg.org/ebooks/64732,https://www.gutenberg.org/ebooks/64732.txt.utf-8,verified,verified_allowed_with_project_gutenberg_terms,verified public domain. Source reviewed from https://www.gutenberg.org/ebooks/64732.,"Preaching and teaching help for illustrations, exposition, and lesson preparation.",data/library/verified/bible-burning-the-substance-of-a-sermon-preached-in-st-martin-s-church-birmingham-on-sunday-evening-dec-10-184.txt,10004,1.1,bible burning the substance of a sermon preached in st martin s church birmingham on sunday evening dec|miller john c john cale,1
533,Tier 3 - strong curated library,Christian Book,1130,"Christian Literature: a sermon delivered May 8th, 1870, in Kensington Chapel, at the seventy-first anniversary of the Religious Tract Society","Stoughton, John",2021,Preaching & Teaching,Preaching & Teaching,https://www.gutenberg.org/ebooks/64472,https://www.gutenberg.org/ebooks/64472.txt.utf-8,verified,verified_allowed_with_project_gutenberg_terms,verified public domain. Source reviewed from https://www.gutenberg.org/ebooks/64472.,"Preaching and teaching help for illustrations, exposition, and lesson preparation.",data/library/verified/christian-literature-a-sermon-delivered-may-8th-1870-in-kensington-chapel-at-the-seventy-first-anniversary-of-.txt,8044,0.9,christian literature a sermon delivered may 8th in kensington chapel at the seventy first anniversary of the religious tract society|stoughton john,1
534,Tier 3 - strong curated library,Christian Book,1130,Inspiration and Interpretation / Seven Sermons Preached Before the University of Oxford,"Burgon, John William",2010,Preaching & Teaching,Preaching & Teaching,https://www.gutenberg.org/ebooks/31090,https://www.gutenberg.org/ebooks/31090.txt.utf-8,verified,verified_allowed_with_project_gutenberg_terms,Project Gutenberg catalog/metadata source indicates public-domain availability in the USA. Retain source/license notes for redistributed Project Gutenberg files.,"Preaching and teaching help for illustrations, exposition, and lesson preparation.",data/library/verified/inspiration-and-interpretation-seven-sermons-preached-before-the-university-of-oxford.txt,164294,18.3,inspiration and interpretation seven sermons preached before the university of oxford|burgon john william,1
535,Tier 3 - strong curated library,Christian Book,1130,Love to the uttermost : expositions of John XIII-XXI,"Meyer, F. B. (Frederick Brotherton), 1847-1929",1898,Christian Living,F. B. Meyer Collection,https://archive.org/download/lovetouttermoste0000meye/lovetouttermoste0000meye_djvu.txt,https://archive.org/download/lovetouttermoste0000meye/lovetouttermoste0000meye_djvu.txt,verified,verified_allowed_public_domain,verified public domain. Source reviewed from https://archive.org/download/lovetouttermoste0000meye/lovetouttermoste0000meye_djvu.txt.,F. B. Meyer devotional and Bible study resource for Christian living and teaching application. OCR text should be spot-checked before quotation.,data/library/verified/love-to-the-uttermost-expositions-of-john-xiii-xxi-meyer-f-b-frederick-brotherton-1847-1929.txt,93767,10.4,love to the uttermost expositions of john xiii xxi|meyer f b frederick brotherton 1847 1929,1
536,Tier 3 - strong curated library,Christian Book,1130,Love to the uttermost; exposition of John XIII.-XXI,"Meyer, F. B. (Frederick Brotherton), 1847-1929",2026,Christian Living,F. B. Meyer Collection,https://archive.org/download/lovetouttermoste00meye/lovetouttermoste00meye_djvu.txt,https://archive.org/download/lovetouttermoste00meye/lovetouttermoste00meye_djvu.txt,verified,verified_allowed_public_domain,verified public domain. Source reviewed from https://archive.org/download/lovetouttermoste00meye/lovetouttermoste00meye_djvu.txt.,F. B. Meyer devotional and Bible study resource for Christian living and teaching application. OCR text should be spot-checked before quotation.,data/library/verified/love-to-the-uttermost-exposition-of-john-xiii-xxi-meyer-f-b-frederick-brotherton-1847-1929.txt,95678,10.6,love to the uttermost exposition of john xiii xxi|meyer f b frederick brotherton 1847 1929,1
537,Tier 3 - strong curated library,Christian Book,1130,"Plain Parochial Sermons, preached in the Parish Church of Bolton-le-Moors","Slade, James",2020,Preaching & Teaching,Preaching & Teaching,https://www.gutenberg.org/ebooks/62223,https://www.gutenberg.org/ebooks/62223.txt.utf-8,verified,verified_allowed_with_project_gutenberg_terms,verified public domain. Source reviewed from https://www.gutenberg.org/ebooks/62223.,"Preaching and teaching help for illustrations, exposition, and lesson preparation.",data/library/verified/plain-parochial-sermons-preached-in-the-parish-church-of-bolton-le-moors-slade-james.txt,71509,7.9,plain parochial sermons preached in the parish church of bolton le moors|slade james,1
538,Tier 3 - strong curated library,Christian Book,1130,"Plain Sermons, preached at Archbishop Tenison's Chapel, Regent Street. Second Series","Cowan, James Galloway",2021,Preaching & Teaching,Preaching & Teaching,https://www.gutenberg.org/ebooks/67036,https://www.gutenberg.org/ebooks/67036.txt.utf-8,verified,verified_allowed_with_project_gutenberg_terms,verified public domain. Source reviewed from https://www.gutenberg.org/ebooks/67036.,"Preaching and teaching help for illustrations, exposition, and lesson preparation.",data/library/verified/plain-sermons-preached-at-archbishop-tenison-s-chapel-regent-street-second-series-cowan-james-galloway.txt,70351,7.8,plain sermons preached at archbishop tenison s chapel regent street second series|cowan james galloway,1
539,Tier 3 - strong curated library,Christian Book,1130,"Post-Mediæval Preachers Some Account of the Most Celebrated Preachers of the 15th, 16th, & 17th Centuries; with outlines of their sermons, and specimens of their style","Baring-Gould, S. (Sabine)",2017,Preaching & Teaching,Preaching & Teaching,https://www.gutenberg.org/ebooks/55990,https://www.gutenberg.org/ebooks/55990.txt.utf-8,verified,verified_allowed_with_project_gutenberg_terms,verified public domain. Source reviewed from https://www.gutenberg.org/ebooks/55990.,"Preaching and teaching help for illustrations, exposition, and lesson preparation.",data/library/verified/post-medi-val-preachers-some-account-of-the-most-celebrated-preachers-of-the-15th-16th-and-17th-centuries-with.txt,68397,7.6,post medi val preachers some account of the most celebrated preachers of the 15th 16th 17th centuries with outlines of their sermons and specimens of their style|baring gould s sabine,1
540,Tier 3 - strong curated library,Christian Book,1130,Prayer for the oppressed,James A. Thome and Albert Barnes,2023,Prayer,Prayer Classics,https://www.gutenberg.org/ebooks/70704,https://www.gutenberg.org/ebooks/70704.txt.utf-8,verified,verified_allowed_with_project_gutenberg_terms,verified public domain. Source reviewed from https://www.gutenberg.org/ebooks/70704.,"Prayer reading for personal devotion, church prayer, and teaching application.",data/library/verified/prayer-for-the-oppressed-james-a-thome-and-albert-barnes.txt,9183,1.0,prayer for the oppressed|james a thome and albert barnes,1
541,Tier 3 - strong curated library,Christian Book,1130,Preaching and Paganism,"Fitch, Albert Parker",2005,Preaching & Teaching,Preaching & Teaching,https://www.gutenberg.org/ebooks/16076,https://www.gutenberg.org/ebooks/16076.txt.utf-8,verified,verified_allowed_with_project_gutenberg_terms,verified public domain. Source reviewed from https://www.gutenberg.org/ebooks/16076.,"Preaching and teaching help for illustrations, exposition, and lesson preparation.",data/library/verified/preaching-and-paganism-fitch-albert-parker.txt,62917,7.0,preaching and paganism|fitch albert parker,1
542,Tier 3 - strong curated library,Christian Book,1130,"Professor W. G. Elmslie, D.D.: Memoir and Sermons","Elmslie, William Gray and MacNicoll, A. N.",2019,Preaching & Teaching,Preaching & Teaching,https://www.gutenberg.org/ebooks/60348,https://www.gutenberg.org/ebooks/60348.txt.utf-8,verified,verified_allowed_with_project_gutenberg_terms,verified public domain. Source reviewed from https://www.gutenberg.org/ebooks/60348.,"Preaching and teaching help for illustrations, exposition, and lesson preparation.",data/library/verified/professor-w-g-elmslie-d-d-memoir-and-sermons-elmslie-william-gray-and-macnicoll-a-n.txt,101370,11.3,professor w g elmslie d d memoir and sermons|elmslie william gray and macnicoll a n,1
543,Tier 3 - strong curated library,Christian Book,1130,Sermons for the Times,Charles Kingsley,2004,Preaching & Teaching,Preaching & Teaching,https://www.gutenberg.org/ebooks/11381,https://www.gutenberg.org/ebooks/11381.txt.utf-8,verified,verified_allowed_with_project_gutenberg_terms,Verified. Source reviewed from https://www.gutenberg.org/ebooks/11381.,Public-domain sermon resource.,data/library/verified/sermons-for-the-times-charles-kingsley.txt,85843,9.5,sermons for the times|charles kingsley,1
544,Tier 3 - strong curated library,Christian Book,1130,Sermons on Various Important Subjects Written Partly on Sundry of the More Difficult Passages in the Sacred Volume,Andrew Lee,2005,Preaching & Teaching,Preaching & Teaching,https://www.gutenberg.org/ebooks/15031,https://www.gutenberg.org/ebooks/15031.txt.utf-8,verified,verified_allowed_with_project_gutenberg_terms,verified public domain. Source reviewed from https://www.gutenberg.org/ebooks/15031.,"Preaching and teaching help for illustrations, exposition, and lesson preparation.",data/library/verified/sermons-on-various-important-subjects-written-partly-on-sundry-of-the-more-difficult-passages-in-the-sacred-vo.txt,97795,10.9,sermons on various important subjects written partly on sundry of the more difficult passages in the sacred volume|andrew lee,1
545,Tier 3 - strong curated library,Christian Book,1130,"Substance of a Sermon on the Bible Society: preached at Beccles, October 29th, and at St. Mary's Church Bungay, on Friday, Dec. 1st, 1815","Cunningham, Francis",2016,Preaching & Teaching,Preaching & Teaching,https://www.gutenberg.org/ebooks/52426,https://www.gutenberg.org/ebooks/52426.txt.utf-8,verified,verified_allowed_with_project_gutenberg_terms,verified public domain. Source reviewed from https://www.gutenberg.org/ebooks/52426.,"Preaching and teaching help for illustrations, exposition, and lesson preparation.",data/library/verified/substance-of-a-sermon-on-the-bible-society-preached-at-beccles-october-29th-and-at-st-mary-s-church-bungay-on-.txt,5622,0.6,substance of a sermon on the bible society preached at beccles october 29th and at st mary s church bungay on friday dec 1st|cunningham francis,1
546,Tier 3 - strong curated library,Christian Book,1130,The life and light of men : expositions of John I.-XII,"Meyer, F. B. (Frederick Brotherton), 1847-1929",2026,Christian Living,F. B. Meyer Collection,https://archive.org/download/lifelightofmenex0000meye/lifelightofmenex0000meye_djvu.txt,https://archive.org/download/lifelightofmenex0000meye/lifelightofmenex0000meye_djvu.txt,verified,verified_allowed_public_domain,verified public domain. Source reviewed from https://archive.org/download/lifelightofmenex0000meye/lifelightofmenex0000meye_djvu.txt.,F. B. Meyer devotional and Bible study resource for Christian living and teaching application. OCR text should be spot-checked before quotation.,data/library/verified/the-life-and-light-of-men-expositions-of-john-i-xii-meyer-f-b-frederick-brotherton-1847-1929-2.txt,91902,10.2,the life and light of men expositions of john i xii|meyer f b frederick brotherton 1847 1929,1
547,Tier 3 - strong curated library,Bible Study Reference,1130,The missionary manifesto,G. Campbell Morgan,1909,Bible study helps,G. Campbell Morgan Collection,https://archive.org/download/missionarymanife00morg/missionarymanife00morg_djvu.txt,https://archive.org/download/missionarymanife00morg/missionarymanife00morg_djvu.txt,verified,verified_allowed_public_domain,verified public domain. Source reviewed from https://archive.org/download/missionarymanife00morg/missionarymanife00morg_djvu.txt.,G. Campbell Morgan public-domain-era Bible study or preaching resource for exposition and teaching preparation.,data/library/verified/the-missionary-manifesto-g-campbell-morgan.txt,29813,3.3,the missionary manifesto|g campbell morgan,1
548,Tier 3 - strong curated library,Christian Book,1130,Three Prayers and Sermons,Jonathan Swift,2003,Prayer,Prayer,https://www.gutenberg.org/ebooks/4738,https://www.gutenberg.org/ebooks/4738.txt.utf-8,verified,verified_allowed_with_project_gutenberg_terms,Verified. Source reviewed from https://www.gutenberg.org/ebooks/4738.,Public-domain prayers and sermons; use for historical comparison.,data/library/verified/three-prayers-and-sermons-jonathan-swift.txt,11372,1.3,three prayers and sermons|jonathan swift,1
549,Tier 3 - strong curated library,Christian Book,1130,Training the Teacher,"Schauffler, A. F. (Adolphus Frederick); Brumbaugh, Martin Grove; Lamoreaux, Antoinette Abernethy; Lawrance, Marion",2010,Preaching & Teaching,Preaching & Teaching,https://www.gutenberg.org/ebooks/31791,https://www.gutenberg.org/ebooks/31791.txt.utf-8,verified,verified_allowed_with_project_gutenberg_terms,verified public domain. Source reviewed from https://www.gutenberg.org/ebooks/31791.,"Preaching and teaching help for illustrations, exposition, and lesson preparation.",data/library/verified/training-the-teacher-schauffler-a-f-adolphus-frederick-brumbaugh-martin-grove-lamoreaux-antoinette-abernethy-l.txt,79599,8.8,training the teacher|schauffler a f adolphus frederick brumbaugh martin grove lamoreaux antoinette abernethy lawrance marion,1
550,Tier 3 - strong curated library,Bible Study Reference,1125,A Handful of Stars: Texts That Have Moved Great Minds,"Boreham, Frank",2008,Bible study helps,Bible Study Essentials,https://www.gutenberg.org/ebooks/27514,https://www.gutenberg.org/ebooks/27514.txt.utf-8,verified,verified_allowed_with_project_gutenberg_terms,verified public domain. Source reviewed from https://www.gutenberg.org/ebooks/27514.,"Bible study help for background, doctrine, textual issues, and teaching preparation.",data/library/verified/a-handful-of-stars-texts-that-have-moved-great-minds-boreham-frank.txt,58910,6.5,a handful of stars texts that have moved great minds|boreham frank,1
551,Tier 3 - strong curated library,Bible Study Reference,1125,Evolution: An Investigation and a Critique,Theodore Graebner,2006,Bible study helps,Creation & Evolution Response,https://www.gutenberg.org/ebooks/19321,https://www.gutenberg.org/ebooks/19321.txt.utf-8,verified,verified_allowed_with_project_gutenberg_terms,verified public domain. Source reviewed from https://www.gutenberg.org/ebooks/19321.,Public-domain critique of evolution for apologetics and creation-study preparation.,data/library/verified/evolution-an-investigation-and-a-critique-theodore-graebner.txt,41242,4.6,evolution an investigation and a critique|theodore graebner,1
552,Tier 3 - strong curated library,Christian Book,1125,"Intercession: A Sermon Preached by the Rev. B. N. Michelson, B.A.","Michelson, B. N.",2008,Preaching & Teaching,Preaching & Teaching,https://www.gutenberg.org/ebooks/26328,https://www.gutenberg.org/ebooks/26328.txt.utf-8,verified,verified_allowed_with_project_gutenberg_terms,verified public domain. Source reviewed from https://www.gutenberg.org/ebooks/26328.,"Preaching and teaching help for illustrations, exposition, and lesson preparation.",data/library/verified/intercession-a-sermon-preached-by-the-rev-b-n-michelson-b-a-michelson-b-n.txt,2316,0.3,intercession a sermon preached by the rev b n michelson b a|michelson b n,1
553,Tier 3 - strong curated library,Christian Book,1125,"Life of Charles T. Walker, D.D. (""The Black Spurgeon"") Pastor Mt. Olivet Baptist Church, New York City",Silas Xavier Floyd and Robert Stuart MacArthur,2021,Baptist History,Baptist History,https://www.gutenberg.org/ebooks/65081,https://www.gutenberg.org/ebooks/65081.txt.utf-8,verified,verified_allowed_with_project_gutenberg_terms,verified public domain. Source reviewed from https://www.gutenberg.org/ebooks/65081.,Baptist history or Baptist theology resource for historical study and teaching illustrations.,data/library/verified/life-of-charles-t-walker-d-d-the-black-spurgeon-pastor-mt-olivet-baptist-church-new-york-city-silas-xavier-flo.txt,46034,5.1,life of charles t walker d d the black spurgeon pastor mt olivet baptist church new york city|silas xavier floyd and robert stuart macarthur,1
554,Tier 3 - strong curated library,Christian Book,1125,"Life, work and sermons of Dwight L. Moody : the great evangelist",Dwight L. Moody,1900,Evangelism,Moody Collection,https://archive.org/download/lifeworksermonso0000unse/lifeworksermonso0000unse_djvu.txt,https://archive.org/download/lifeworksermonso0000unse/lifeworksermonso0000unse_djvu.txt,verified,verified_allowed_public_domain,verified public domain. Source reviewed from https://archive.org/download/lifeworksermonso0000unse/lifeworksermonso0000unse_djvu.txt.,D. L. Moody evangelistic and devotional resource for Christian living and ministry use. OCR text should be spot-checked before quotation.,data/library/verified/life-work-and-sermons-of-dwight-l-moody-the-great-evangelist-dwight-l-moody.txt,121772,13.5,life work and sermons of dwight l moody the great evangelist|dwight l moody,1
555,Tier 3 - strong curated library,Christian Book,1125,Moody's new sermons [microform],"Moody, D. L. (Dwight Lyman), 1837-1899",1894,Evangelism,Moody Collection,https://archive.org/download/cihm_27775/cihm_27775_djvu.txt,https://archive.org/download/cihm_27775/cihm_27775_djvu.txt,verified,verified_allowed_public_domain,verified public domain. Source reviewed from https://archive.org/download/cihm_27775/cihm_27775_djvu.txt.,D. L. Moody evangelistic and devotional resource for Christian living and ministry use. OCR text should be spot-checked before quotation.,data/library/verified/moody-s-new-sermons-microform-moody-d-l-dwight-lyman-1837-1899.txt,96479,10.7,moody s new sermons microform|moody d l dwight lyman 1837 1899,1
556,Tier 3 - strong curated library,Bible Study Reference,1125,"Rubble and Roseleaves, and Things of That Kind",Frank Boreham,2019,Bible study helps,Bible Study Essentials,https://www.gutenberg.org/ebooks/59180,https://www.gutenberg.org/ebooks/59180.txt.utf-8,verified,verified_allowed_with_project_gutenberg_terms,verified public domain. Source reviewed from https://www.gutenberg.org/ebooks/59180.,"Bible study help for background, doctrine, and teaching preparation.",data/library/verified/rubble-and-roseleaves-and-things-of-that-kind-frank-boreham.txt,55584,6.2,rubble and roseleaves and things of that kind|frank boreham,1
557,Tier 3 - strong curated library,Christian Book,1125,"The Baptist Magazine, Vol. 27, 1835",Various and George Wightman,2011,Baptist History,Baptist History,https://www.gutenberg.org/ebooks/37583,https://www.gutenberg.org/ebooks/37583.txt.utf-8,verified,verified_allowed_with_project_gutenberg_terms,verified public domain. Source reviewed from https://www.gutenberg.org/ebooks/37583.,Baptist history or Baptist theology resource for historical study and teaching illustrations.,data/library/verified/the-baptist-magazine-vol-27-1835-various-and-george-wightman.txt,30059,3.3,the baptist magazine|various and george wightman,1
558,Tier 3 - strong curated library,Christian Book,1125,"The Baptist Magazine, Vol. 27, June 1835",Various and George Wightman,2012,Baptist History,Baptist History,https://www.gutenberg.org/ebooks/40542,https://www.gutenberg.org/ebooks/40542.txt.utf-8,verified,verified_allowed_with_project_gutenberg_terms,verified public domain. Source reviewed from https://www.gutenberg.org/ebooks/40542.,Baptist history or Baptist theology resource for historical study and teaching illustrations.,data/library/verified/the-baptist-magazine-vol-27-june-1835-various-and-george-wightman.txt,31090,3.5,the baptist magazine june|various and george wightman,1
559,Tier 3 - strong curated library,Bible Study Reference,1125,The Other Side of Evolution: Its Effects and Fallacy,Alexander Patterson,2013,Bible study helps,Creation & Evolution Response,https://www.gutenberg.org/ebooks/44479,https://www.gutenberg.org/ebooks/44479.txt.utf-8,verified,verified_allowed_with_project_gutenberg_terms,verified public domain. Source reviewed from https://www.gutenberg.org/ebooks/44479.,Public-domain anti-evolution resource for apologetics and teaching support.,data/library/verified/the-other-side-of-evolution-its-effects-and-fallacy-alexander-patterson.txt,35044,3.9,the other side of evolution its effects and fallacy|alexander patterson,1
560,Tier 3 - strong curated library,Bible Study Reference,1125,The Spirit World,Clarence Larkin,1921,KJV / Textual Issues,Larkin,https://archive.org/download/spiritworld0000revc/spiritworld0000revc_djvu.txt,https://archive.org/download/spiritworld0000revc/spiritworld0000revc_djvu.txt,verified,verified_allowed_public_domain,verified public domain. Source reviewed from https://archive.org/download/spiritworld0000revc/spiritworld0000revc_djvu.txt.,Public-domain Larkin study resource for prophecy and doctrine review with Scripture-first caution.,data/library/verified/the-spirit-world-clarence-larkin.txt,43871,4.9,the spirit world|clarence larkin,1
561,Tier 3 - strong curated library,Christian Book,1125,The Standard Manual for Baptist Churches,Edward T. Hiscox,2020,Baptist History,Baptist History,https://www.gutenberg.org/ebooks/61084,https://www.gutenberg.org/ebooks/61084.txt.utf-8,verified,verified_allowed_with_project_gutenberg_terms,verified public domain. Source reviewed from https://www.gutenberg.org/ebooks/61084.,Baptist history or Baptist theology resource for historical study and teaching illustrations.,data/library/verified/the-standard-manual-for-baptist-churches-edward-t-hiscox.txt,33723,3.7,the standard manual for baptist churches|edward t hiscox,1
562,Tier 3 - strong curated library,Bible Study Reference,1125,The Story of Creation as Told By Theology and By Science,"Ackland, T. S. (Thomas Suter)",2003,Bible study helps,Bible Study Essentials,https://www.gutenberg.org/ebooks/4598,https://www.gutenberg.org/ebooks/4598.txt.utf-8,verified,verified_allowed_with_project_gutenberg_terms,verified public domain. Source reviewed from https://www.gutenberg.org/ebooks/4598.,"Bible study help for background, doctrine, textual issues, and teaching preparation.",data/library/verified/the-story-of-creation-as-told-by-theology-and-by-science-ackland-t-s-thomas-suter.txt,48399,5.4,the story of creation as told by theology and by science|ackland t s thomas suter,1
563,Tier 3 - strong curated library,Christian Book,1125,Thoughts for the Quiet Hour,"Moody, Dwight Lyman",2011,Prayer,Prayer,https://www.gutenberg.org/ebooks/37292,https://www.gutenberg.org/ebooks/37292.txt.utf-8,verified,verified_allowed_with_project_gutenberg_terms,Project Gutenberg catalog/metadata source indicates public-domain availability in the USA. Retain source/license notes for redistributed Project Gutenberg files.,"Prayer resource for devotional reading, teaching application, and spiritual growth.",data/library/verified/thoughts-for-the-quiet-hour.txt,42547,4.7,thoughts for the quiet hour|moody dwight lyman,1
564,Tier 3 - strong curated library,Bible Study Reference,1125,What is Darwinism?,Charles Hodge,2006,Bible study helps,Creation & Evolution Response,https://www.gutenberg.org/ebooks/19192,https://www.gutenberg.org/ebooks/19192.txt.utf-8,verified,verified_allowed_with_project_gutenberg_terms,verified public domain. Source reviewed from https://www.gutenberg.org/ebooks/19192.,"Public-domain Christian critique of Darwinism for creation/evolution study, apologetics, and background reading.",data/library/verified/what-is-darwinism-charles-hodge.txt,40411,4.5,what is darwinism|charles hodge,1
565,Tier 3 - strong curated library,Bible Study Reference,1120,A Class-Book of New Testament History,G. F. Maclear,2021,Bible Handbooks,Bible Handbooks,https://www.gutenberg.org/ebooks/65247,https://www.gutenberg.org/ebooks/65247.txt.utf-8,verified,verified_allowed_with_project_gutenberg_terms,verified public domain. Source reviewed from https://www.gutenberg.org/ebooks/65247.,"Book background, Bible geography, or chapter survey help for study preparation.",data/library/verified/a-class-book-of-new-testament-history-g-f-maclear.txt,183866,20.4,a class book of new testament history|g f maclear,1
566,Tier 3 - strong curated library,Bible Study Reference,1120,A Class-Book of Old Testament History,G. F. Maclear,2020,Bible Handbooks,Bible Handbooks,https://www.gutenberg.org/ebooks/63528,https://www.gutenberg.org/ebooks/63528.txt.utf-8,verified,verified_allowed_with_project_gutenberg_terms,verified public domain. Source reviewed from https://www.gutenberg.org/ebooks/63528.,"Book background, Bible geography, or chapter survey help for study preparation.",data/library/verified/a-class-book-of-old-testament-history-g-f-maclear.txt,172047,19.1,a class book of old testament history|g f maclear,1
567,Tier 3 - strong curated library,Christian Book,1120,"According to promise : or, The Lord's method of dealing with his chosen people","Spurgeon, C. H. (Charles Haddon), 1834-1892",2026,Preaching & Teaching,Spurgeon Collection,https://archive.org/download/accordingtopro00spur/accordingtopro00spur_djvu.txt,https://archive.org/download/accordingtopro00spur/accordingtopro00spur_djvu.txt,verified,verified_allowed_public_domain,verified public domain. Source reviewed from https://archive.org/download/accordingtopro00spur/accordingtopro00spur_djvu.txt.,"Spurgeon preaching, devotional, and teaching resource for sermon preparation and Christian living. OCR text should be spot-checked before quotation.",data/library/verified/according-to-promise-or-the-lord-s-method-of-dealing-with-his-chosen-people-spurgeon-c-h-charles-haddon-1834-1.txt,35779,4.0,according to promise or the lord s method of dealing with his chosen people|spurgeon c h charles haddon 1834 1892,1
568,Tier 3 - strong curated library,Christian Book,1120,Daily help [microform],"Spurgeon, C. H. (Charles Haddon), 1834-1892",2026,Preaching & Teaching,Spurgeon Collection,https://archive.org/download/MN41387ucmf_4/MN41387ucmf_4_djvu.txt,https://archive.org/download/MN41387ucmf_4/MN41387ucmf_4_djvu.txt,verified,verified_allowed_public_domain,verified public domain. Source reviewed from https://archive.org/download/MN41387ucmf_4/MN41387ucmf_4_djvu.txt.,"Spurgeon preaching, devotional, and teaching resource for sermon preparation and Christian living. OCR text should be spot-checked before quotation.",data/library/verified/daily-help-microform-spurgeon-c-h-charles-haddon-1834-1892.txt,45411,5.0,daily help microform|spurgeon c h charles haddon 1834 1892,1
569,Tier 3 - strong curated library,Christian Book,1120,John Ploughman's pictures,"Spurgeon, C. H. (Charles Haddon), 1834-1892",1896,Preaching & Teaching,Spurgeon Collection,https://archive.org/download/johnploughmanspi00spur/johnploughmanspi00spur_djvu.txt,https://archive.org/download/johnploughmanspi00spur/johnploughmanspi00spur_djvu.txt,verified,verified_allowed_public_domain,verified public domain. Source reviewed from https://archive.org/download/johnploughmanspi00spur/johnploughmanspi00spur_djvu.txt.,"Spurgeon preaching, devotional, and teaching resource for sermon preparation and Christian living. OCR text should be spot-checked before quotation.",data/library/verified/john-ploughman-s-pictures-spurgeon-c-h-charles-haddon-1834-1892.txt,41103,4.6,john ploughman s pictures|spurgeon c h charles haddon 1834 1892,1
570,Tier 3 - strong curated library,Christian Book,1120,"John Ploughman's pictures; or, More of his plain talk for plain people","Spurgeon, C. H. (Charles Haddon), 1834-1892",1896,Preaching & Teaching,Spurgeon Collection,https://archive.org/download/johnploughmansp00spurgoog/johnploughmansp00spurgoog_djvu.txt,https://archive.org/download/johnploughmansp00spurgoog/johnploughmansp00spurgoog_djvu.txt,verified,verified_allowed_public_domain,verified public domain. Source reviewed from https://archive.org/download/johnploughmansp00spurgoog/johnploughmansp00spurgoog_djvu.txt.,"Spurgeon preaching, devotional, and teaching resource for sermon preparation and Christian living. OCR text should be spot-checked before quotation.",data/library/verified/john-ploughman-s-pictures-or-more-of-his-plain-talk-for-plain-people-spurgeon-c-h-charles-haddon-1834-1892.txt,43300,4.8,john ploughman s pictures or more of his plain talk for plain people|spurgeon c h charles haddon 1834 1892,1
571,Tier 3 - strong curated library,Christian Book,1120,The art of illustration,"Spurgeon, C. H. (Charles Haddon), 1834-1892",1894,Preaching & Teaching,Spurgeon Collection,https://archive.org/download/artofillustratio00spur/artofillustratio00spur_djvu.txt,https://archive.org/download/artofillustratio00spur/artofillustratio00spur_djvu.txt,verified,verified_allowed_public_domain,verified public domain. Source reviewed from https://archive.org/download/artofillustratio00spur/artofillustratio00spur_djvu.txt.,"Spurgeon preaching, devotional, and teaching resource for sermon preparation and Christian living. OCR text should be spot-checked before quotation.",data/library/verified/the-art-of-illustration-spurgeon-c-h-charles-haddon-1834-1892.txt,50533,5.6,the art of illustration|spurgeon c h charles haddon 1834 1892,1
572,Tier 3 - strong curated library,Commentary,1120,"The Elder Son Explained, and the Romish Church Exposed","Church, J. (John)",2018,Commentaries,Commentary,https://www.gutenberg.org/ebooks/58539,https://www.gutenberg.org/ebooks/58539.txt.utf-8,verified,verified_allowed_with_project_gutenberg_terms,verified public domain. Source reviewed from https://www.gutenberg.org/ebooks/58539.,Public-domain commentary or exposition for secondary study after reading Scripture.,data/library/verified/the-elder-son-explained-and-the-romish-church-exposed-church-j-john.txt,3716,0.4,the elder son explained and the romish church exposed|church j john,1
573,Tier 3 - strong curated library,Christian Book,1120,"Wondrous Love, and Other Gospel Addresses",D. L. Moody,1885,Evangelism,Evangelism,https://www.gutenberg.org/ebooks/33520,https://www.gutenberg.org/ebooks/33520.txt.utf-8,verified,verified_allowed_with_project_gutenberg_terms,Project Gutenberg catalog page reports public domain in the USA. Retain source/license notes for redistributed Project Gutenberg files.,"Evangelism, invitation preparation, and devotional Gospel reading.",data/library/verified/wondrous-love-and-other-gospel-addresses.txt,55692,6.2,wondrous love and other gospel addresses|d l moody,1
574,Tier 3 - strong curated library,Christian Book,1115,"A Body of Divinity, Vol. 1 (of 4) Wherein the doctrines of the Christian religion are explained and defended, being the substance of several lectures on the Assembly's Larger Catechism",Thomas Ridgley and James P. Wilson,2019,Christian Living,Bible Doctrine,https://www.gutenberg.org/ebooks/59133,https://www.gutenberg.org/ebooks/59133.txt.utf-8,verified,verified_allowed_with_project_gutenberg_terms,verified public domain. Source reviewed from https://www.gutenberg.org/ebooks/59133.,Bible doctrine and Christian living resource for careful study and teaching preparation.,data/library/verified/a-body-of-divinity-vol-1-of-4-wherein-the-doctrines-of-the-christian-religion-are-explained-and-defended-being.txt,298938,33.2,a body of divinity wherein the doctrines of the christian religion are explained and defended being the substance of several lectures on the assembly s larger catechism|thomas ridgley and james p wilson,1
575,Tier 3 - strong curated library,Christian Book,1115,Addresses by Henry Drummond,"Drummond, Henry",2001,Preaching & Teaching,Preaching & Teaching,https://www.gutenberg.org/ebooks/2498,https://www.gutenberg.org/ebooks/2498.txt.utf-8,verified,verified_allowed_with_project_gutenberg_terms,verified public domain. Source reviewed from https://www.gutenberg.org/ebooks/2498.,"Preaching and teaching help for illustrations, exposition, and lesson preparation.",data/library/verified/addresses-by-henry-drummond-drummond-henry.txt,33120,3.7,addresses by henry drummond|drummond henry,1
576,Tier 3 - strong curated library,Christian Book,1115,Discipline and Other Sermons,Charles Kingsley,2004,Preaching & Teaching,Preaching & Teaching,https://www.gutenberg.org/ebooks/7042,https://www.gutenberg.org/ebooks/7042.txt.utf-8,verified,verified_allowed_with_project_gutenberg_terms,Verified. Source reviewed from https://www.gutenberg.org/ebooks/7042.,Public-domain sermon resource.,data/library/verified/discipline-and-other-sermons-charles-kingsley.txt,57140,6.3,discipline and other sermons|charles kingsley,1
577,Tier 3 - strong curated library,Christian Book,1115,How to Bring Men to Christ,R. A. Torrey,1893,Evangelism,Evangelism,https://www.gutenberg.org/ebooks/51931,https://www.gutenberg.org/ebooks/51931.txt.utf-8,verified,verified_allowed_with_project_gutenberg_terms,Project Gutenberg catalog page reports public domain in the USA. Retain source/license notes for redistributed Project Gutenberg files.,"Evangelism resource for gospel clarity, illustrations, and practical application.",data/library/verified/how-to-bring-men-to-christ.txt,31093,3.5,how to bring men to christ|r a torrey,1
578,Tier 3 - strong curated library,Christian Book,1115,Institutes of the Christian Religion (Vol. 2 of 2),"Calvin, Jean; Allen, John",2021,Baptist History,Baptist History,https://www.gutenberg.org/ebooks/64392,https://www.gutenberg.org/ebooks/64392.txt.utf-8,verified,verified_allowed_with_project_gutenberg_terms,verified public domain. Source reviewed from https://www.gutenberg.org/ebooks/64392.,Church history and Baptist-history-adjacent resource for historical background and discernment.,data/library/verified/institutes-of-the-christian-religion-vol-2-of-2-calvin-jean-allen-john.txt,337832,37.5,institutes of the christian religion|calvin jean allen john,1
579,Tier 3 - strong curated library,Christian Book,1115,Morning by Morning,C. H. Spurgeon,1866,Prayer,Spurgeon Collection,https://archive.org/download/morningbymornin00spurgoog/morningbymornin00spurgoog_djvu.txt,https://archive.org/download/morningbymornin00spurgoog/morningbymornin00spurgoog_djvu.txt,verified,verified_allowed_public_domain,Internet Archive item morningbymornin00spurgoog lists public-domain or NOT_IN_COPYRIGHT status. Direct IA OCR text imported for beta reading with use-with-discernment and OCR spot-check labels.,"Daily devotional readings for prayer, spiritual encouragement, and listening.",data/library/verified/morning-by-morning-c-h-spurgeon.txt,126204,14.0,morning by morning|c h spurgeon,1
580,Tier 3 - strong curated library,Christian Book,1115,"Plain Sermons, Preached at Archbishop Tenison's Chapel, Regent Street","Cowan, James Galloway",2021,Preaching & Teaching,Preaching & Teaching,https://www.gutenberg.org/ebooks/64743,https://www.gutenberg.org/ebooks/64743.txt.utf-8,verified,verified_allowed_with_project_gutenberg_terms,verified public domain. Source reviewed from https://www.gutenberg.org/ebooks/64743.,"Preaching and teaching help for illustrations, exposition, and lesson preparation.",data/library/verified/plain-sermons-preached-at-archbishop-tenison-s-chapel-regent-street-cowan-james-galloway.txt,37457,4.2,plain sermons preached at archbishop tenison s chapel regent street|cowan james galloway,1
581,Tier 3 - strong curated library,Christian Book,1115,The creed of creeds : a series of short expositions of the Apostles' Creed,"Meyer, F. B. (Frederick Brotherton), 1847-1929",2026,Christian Living,F. B. Meyer Collection,https://archive.org/download/creedofcreedsser00meyeuoft/creedofcreedsser00meyeuoft_djvu.txt,https://archive.org/download/creedofcreedsser00meyeuoft/creedofcreedsser00meyeuoft_djvu.txt,verified,verified_allowed_public_domain,verified public domain. Source reviewed from https://archive.org/download/creedofcreedsser00meyeuoft/creedofcreedsser00meyeuoft_djvu.txt.,F. B. Meyer devotional and Bible study resource for Christian living and teaching application. OCR text should be spot-checked before quotation.,data/library/verified/the-creed-of-creeds-a-series-of-short-expositions-of-the-apostles-creed-meyer-f-b-frederick-brotherton-1847-19.txt,45552,5.1,the creed of creeds a series of short expositions of the apostles creed|meyer f b frederick brotherton 1847 1929,1
582,Tier 3 - strong curated library,Christian Book,1115,The creed of creeds [microform] : a series of short expositions of the Apostles' Creed,"Meyer, F. B. (Frederick Brotherton), 1847-1929",2026,Christian Living,F. B. Meyer Collection,https://archive.org/download/MN41545ucmf_3/MN41545ucmf_3_djvu.txt,https://archive.org/download/MN41545ucmf_3/MN41545ucmf_3_djvu.txt,verified,verified_allowed_public_domain,verified public domain. Source reviewed from https://archive.org/download/MN41545ucmf_3/MN41545ucmf_3_djvu.txt.,F. B. Meyer devotional and Bible study resource for Christian living and teaching application. OCR text should be spot-checked before quotation.,data/library/verified/the-creed-of-creeds-microform-a-series-of-short-expositions-of-the-apostles-creed-meyer-f-b-frederick-brothert.txt,45476,5.1,the creed of creeds microform a series of short expositions of the apostles creed|meyer f b frederick brotherton 1847 1929,1
583,Tier 3 - strong curated library,Christian Book,1115,"The World's Great Sermons, Volume 01: Basil to Calvin","Kleiser, Grenville",2004,Preaching & Teaching,Preaching & Teaching,https://www.gutenberg.org/ebooks/11981,https://www.gutenberg.org/ebooks/11981.txt.utf-8,verified,verified_allowed_with_project_gutenberg_terms,verified public domain. Source reviewed from https://www.gutenberg.org/ebooks/11981.,Historical sermon collection for teaching examples and homiletic study.,data/library/verified/the-world-s-great-sermons-volume-01-basil-to-calvin-kleiser-grenville.txt,54369,6.0,the world s great sermons basil to calvin|kleiser grenville,1
584,Tier 3 - strong curated library,Christian Book,1115,"The World's Great Sermons, Volume 02: Hooker to South","Kleiser, Grenville",2004,Preaching & Teaching,Preaching & Teaching,https://www.gutenberg.org/ebooks/11627,https://www.gutenberg.org/ebooks/11627.txt.utf-8,verified,verified_allowed_with_project_gutenberg_terms,verified public domain. Source reviewed from https://www.gutenberg.org/ebooks/11627.,Historical sermon collection for teaching examples and homiletic study.,data/library/verified/the-world-s-great-sermons-volume-02-hooker-to-south-kleiser-grenville.txt,55625,6.2,the world s great sermons hooker to south|kleiser grenville,1
585,Tier 3 - strong curated library,Christian Book,1115,"The World's Great Sermons, Volume 03: Massillon to Mason","Kleiser, Grenville",2004,Preaching & Teaching,Preaching & Teaching,https://www.gutenberg.org/ebooks/11713,https://www.gutenberg.org/ebooks/11713.txt.utf-8,verified,verified_allowed_with_project_gutenberg_terms,verified public domain. Source reviewed from https://www.gutenberg.org/ebooks/11713.,Historical sermon collection for teaching examples and homiletic study.,data/library/verified/the-world-s-great-sermons-volume-03-massillon-to-mason-kleiser-grenville.txt,51575,5.7,the world s great sermons massillon to mason|kleiser grenville,1
586,Tier 3 - strong curated library,Christian Book,1115,"The World's Great Sermons, Volume 04: L. Beecher to Bushnell","Kleiser, Grenville",2013,Preaching & Teaching,Preaching & Teaching,https://www.gutenberg.org/ebooks/44411,https://www.gutenberg.org/ebooks/44411.txt.utf-8,verified,verified_allowed_with_project_gutenberg_terms,verified public domain. Source reviewed from https://www.gutenberg.org/ebooks/44411.,Historical sermon collection for teaching examples and homiletic study.,data/library/verified/the-world-s-great-sermons-volume-04-l-beecher-to-bushnell-kleiser-grenville.txt,57688,6.4,the world s great sermons l beecher to bushnell|kleiser grenville,1
587,Tier 3 - strong curated library,Christian Book,1115,"The World's Great Sermons, Volume 05: Guthrie to Mozley","Kleiser, Grenville",2013,Preaching & Teaching,Preaching & Teaching,https://www.gutenberg.org/ebooks/44420,https://www.gutenberg.org/ebooks/44420.txt.utf-8,verified,verified_allowed_with_project_gutenberg_terms,verified public domain. Source reviewed from https://www.gutenberg.org/ebooks/44420.,Historical sermon collection for teaching examples and homiletic study.,data/library/verified/the-world-s-great-sermons-volume-05-guthrie-to-mozley-kleiser-grenville.txt,54847,6.1,the world s great sermons guthrie to mozley|kleiser grenville,1
588,Tier 3 - strong curated library,Christian Book,1115,"The World's Great Sermons, Volume 06: H. W. Beecher to Punshon","Kleiser, Grenville",2013,Preaching & Teaching,Preaching & Teaching,https://www.gutenberg.org/ebooks/44439,https://www.gutenberg.org/ebooks/44439.txt.utf-8,verified,verified_allowed_with_project_gutenberg_terms,verified public domain. Source reviewed from https://www.gutenberg.org/ebooks/44439.,Historical sermon collection for teaching examples and homiletic study.,data/library/verified/the-world-s-great-sermons-volume-06-h-w-beecher-to-punshon-kleiser-grenville.txt,54147,6.0,the world s great sermons h w beecher to punshon|kleiser grenville,1
589,Tier 3 - strong curated library,Christian Book,1115,"The World's Great Sermons, Volume 07: Hale to Farrar","Kleiser, Grenville",2013,Preaching & Teaching,Preaching & Teaching,https://www.gutenberg.org/ebooks/44441,https://www.gutenberg.org/ebooks/44441.txt.utf-8,verified,verified_allowed_with_project_gutenberg_terms,verified public domain. Source reviewed from https://www.gutenberg.org/ebooks/44441.,Historical sermon collection for teaching examples and homiletic study.,data/library/verified/the-world-s-great-sermons-volume-07-hale-to-farrar-kleiser-grenville.txt,54753,6.1,the world s great sermons hale to farrar|kleiser grenville,1
590,Tier 3 - strong curated library,Christian Book,1115,"The World's Great Sermons, Volume 08",Various,2004,Preaching & Teaching,Preaching & Teaching,https://www.gutenberg.org/ebooks/11693,https://www.gutenberg.org/ebooks/11693.txt.utf-8,verified,verified_allowed_with_project_gutenberg_terms,Verified. Source reviewed from https://www.gutenberg.org/ebooks/11693.,Public-domain sermon anthology for historical comparison.,data/library/verified/the-world-s-great-sermons-volume-08-various.txt,54154,6.0,the world s great sermons|various,1
591,Tier 3 - strong curated library,Christian Book,1115,"The World's Great Sermons, Volume 09: Cuyler to Van Dyke","Kleiser, Grenville",2013,Preaching & Teaching,Preaching & Teaching,https://www.gutenberg.org/ebooks/44450,https://www.gutenberg.org/ebooks/44450.txt.utf-8,verified,verified_allowed_with_project_gutenberg_terms,verified public domain. Source reviewed from https://www.gutenberg.org/ebooks/44450.,Historical sermon collection for teaching examples and homiletic study.,data/library/verified/the-world-s-great-sermons-volume-09-cuyler-to-van-dyke-kleiser-grenville.txt,54199,6.0,the world s great sermons cuyler to van dyke|kleiser grenville,1
592,Tier 3 - strong curated library,Christian Book,1115,"The World's Great Sermons, Volume 10: Drummond to Jowett, and General Index","Kleiser, Grenville",2004,Preaching & Teaching,Preaching & Teaching,https://www.gutenberg.org/ebooks/11760,https://www.gutenberg.org/ebooks/11760.txt.utf-8,verified,verified_allowed_with_project_gutenberg_terms,verified public domain. Source reviewed from https://www.gutenberg.org/ebooks/11760.,"Preaching and teaching help for illustrations, exposition, and lesson preparation.",data/library/verified/the-world-s-great-sermons-volume-10-drummond-to-jowett-and-general-index-kleiser-grenville.txt,53456,5.9,the world s great sermons drummond to jowett and general index|kleiser grenville,1
593,Tier 3 - strong curated library,Christian Book,1110,"Our Daily Homily, Volume 2",F. B. Meyer,1898,Preaching & Teaching,F. B. Meyer Collection,https://archive.org/download/ourdailyhomily02meye/ourdailyhomily02meye_djvu.txt,https://archive.org/download/ourdailyhomily02meye/ourdailyhomily02meye_djvu.txt,verified,verified_allowed_public_domain,Internet Archive item ourdailyhomily02meye lists possible copyright status NOT_IN_COPYRIGHT. Direct IA OCR text imported for beta reading with use-with-discernment and OCR spot-check labels.,"Short devotional and homiletic readings for daily study, teaching prompts, and listening.",data/library/verified/our-daily-homily-volume-2-f-b-meyer.txt,81203,9.0,our daily homily|f b meyer,1
594,Tier 3 - strong curated library,Christian Book,1110,Revival Addresses,R. A. Torrey,1903,Preaching & Teaching,R. A. Torrey Collection,https://archive.org/download/revivaladdresses00torr/revivaladdresses00torr_djvu.txt,https://archive.org/download/revivaladdresses00torr/revivaladdresses00torr_djvu.txt,verified,verified_allowed_public_domain,Internet Archive item revivaladdresses00torr lists possible copyright status NOT_IN_COPYRIGHT. Direct IA OCR text imported for beta reading with use-with-discernment and OCR spot-check labels.,Evangelistic and revival preaching resource for sermon preparation and application study.,data/library/verified/revival-addresses-r-a-torrey.txt,89137,9.9,revival addresses|r a torrey,1
595,Tier 3 - strong curated library,Christian Book,1110,Thou Fool and Eleven Other Sermons,dwight l. moody,1911,Evangelism,Moody Collection,https://archive.org/download/thoufoolelevenot0000unse_o3x9/thoufoolelevenot0000unse_o3x9_djvu.txt,https://archive.org/download/thoufoolelevenot0000unse_o3x9/thoufoolelevenot0000unse_o3x9_djvu.txt,verified,verified_allowed_public_domain,verified public domain. Source reviewed from https://archive.org/download/thoufoolelevenot0000unse_o3x9/thoufoolelevenot0000unse_o3x9_djvu.txt.,D. L. Moody evangelistic and devotional resource for Christian living and ministry use. OCR text should be spot-checked before quotation.,data/library/verified/thou-fool-and-eleven-other-sermons-dwight-l-moody.txt,53027,5.9,thou fool and eleven other sermons|dwight l moody,1
596,Tier 3 - strong curated library,Christian Book,1110,"Twice-born Men in America or, The Psychology of Conversion as Seen by a Christian Psychologist in Rescue Mission Work",Harriet Earhart Monroe,2016,Missions,Missions Biographies,https://www.gutenberg.org/ebooks/53014,https://www.gutenberg.org/ebooks/53014.txt.utf-8,verified,verified_allowed_with_project_gutenberg_terms,verified public domain. Source reviewed from https://www.gutenberg.org/ebooks/53014.,"Missions biography and history for examples, context, and burden for evangelism and prayer.",data/library/verified/twice-born-men-in-america-or-the-psychology-of-conversion-as-seen-by-a-christian-psychologist-in-rescue-missio.txt,33153,3.7,twice born men in america or the psychology of conversion as seen by a christian psychologist in rescue mission work|harriet earhart monroe,1
597,Tier 3 - strong curated library,Christian Book,1105,"A Sermon preached at Christ Church, Kensington, on May 1, 1859: being the day appointed for a general thanksgiving to Almighty God, for the success gr","Wright, William",2021,Preaching & Teaching,Preaching & Teaching,https://www.gutenberg.org/ebooks/64717,https://www.gutenberg.org/ebooks/64717.txt.utf-8,verified,verified_allowed_with_project_gutenberg_terms,verified public domain. Source reviewed from https://www.gutenberg.org/ebooks/64717.,"Preaching and teaching help for illustrations, exposition, and lesson preparation.",data/library/verified/a-sermon-preached-at-christ-church-kensington-on-may-1-1859-being-the-day-appointed-for-a-general-thanksgiving.txt,3710,0.4,a sermon preached at christ church kensington on may being the day appointed for a general thanksgiving to almighty god for the success gr|wright william,1
598,Tier 3 - strong curated library,Bible Study Reference,1105,An Essay on Papal Infallibility,John Sinclair,2016,Bible study helps,False Religion & Discernment,https://www.gutenberg.org/ebooks/52759,https://www.gutenberg.org/ebooks/52759.txt.utf-8,verified,verified_allowed_with_project_gutenberg_terms,verified public domain. Source reviewed from https://www.gutenberg.org/ebooks/52759.,Public-domain historical apologetics resource concerning papal infallibility.,data/library/verified/an-essay-on-papal-infallibility-john-sinclair.txt,15075,1.7,an essay on papal infallibility|john sinclair,1
599,Tier 3 - strong curated library,Christian Book,1105,"One hundred years with the Baptists of Amherst, N.S., 1810 to 1910",D. A. Steele and Grace McLeod Rogers,2025,Baptist History,Baptist History,https://www.gutenberg.org/ebooks/75713,https://www.gutenberg.org/ebooks/75713.txt.utf-8,verified,verified_allowed_with_project_gutenberg_terms,verified public domain. Source reviewed from https://www.gutenberg.org/ebooks/75713.,Baptist history or Baptist theology resource for historical study and teaching illustrations.,data/library/verified/one-hundred-years-with-the-baptists-of-amherst-n-s-1810-to-1910-d-a-steele-and-grace-mcleod-rogers.txt,17206,1.9,one hundred years with the baptists of amherst n s to|d a steele and grace mcleod rogers,1
600,Tier 3 - strong curated library,Bible Study Reference,1105,Select Masterpieces of Biblical Literature,Richard G. Moulton,2008,Bible Handbooks,Bible Handbooks,https://www.gutenberg.org/ebooks/27510,https://www.gutenberg.org/ebooks/27510.txt.utf-8,verified,verified_allowed_with_project_gutenberg_terms,verified public domain. Source reviewed from https://www.gutenberg.org/ebooks/27510.,"Book background, Bible geography, or chapter survey help for study preparation.",data/library/verified/select-masterpieces-of-biblical-literature-richard-g-moulton.txt,59351,6.6,select masterpieces of biblical literature|richard g moulton,1
601,Tier 3 - strong curated library,Christian Book,1105,"The Baptist Magazine, Vol. 27, 1835",Various,2012,Baptist History,Baptist History & Religious Liberty,https://www.gutenberg.org/ebooks/40252,https://www.gutenberg.org/ebooks/40252.txt.utf-8,verified,verified_allowed_with_project_gutenberg_terms,verified public domain. Source reviewed from https://www.gutenberg.org/ebooks/40252.,"Public-domain Baptist periodical with missions, doctrine, and historical material.",data/library/verified/the-baptist-magazine-vol-27-1835-various.txt,29030,3.2,the baptist magazine|various,1
602,Tier 3 - strong curated library,Christian Book,1105,"The Baptist Magazine, Vol. 27, January, 1835",Various and George Wightman,2009,Baptist History,Baptist History,https://www.gutenberg.org/ebooks/30769,https://www.gutenberg.org/ebooks/30769.txt.utf-8,verified,verified_allowed_with_project_gutenberg_terms,verified public domain. Source reviewed from https://www.gutenberg.org/ebooks/30769.,Baptist history or Baptist theology resource for historical study and teaching illustrations.,data/library/verified/the-baptist-magazine-vol-27-january-1835-various-and-george-wightman.txt,28676,3.2,the baptist magazine january|various and george wightman,1
603,Tier 3 - strong curated library,Christian Book,1105,"The Book of Light in the Hand of Love: A plea for the British and Foreign Bible Society: A sermon preached in St. Paul's Cathedral, on Tuesday, April","Vaughan, C. J. (Charles John)",2021,Preaching & Teaching,Preaching & Teaching,https://www.gutenberg.org/ebooks/64471,https://www.gutenberg.org/ebooks/64471.txt.utf-8,verified,verified_allowed_with_project_gutenberg_terms,verified public domain. Source reviewed from https://www.gutenberg.org/ebooks/64471.,"Preaching and teaching help for illustrations, exposition, and lesson preparation.",data/library/verified/the-book-of-light-in-the-hand-of-love-a-plea-for-the-british-and-foreign-bible-society-a-sermon-preached-in-st.txt,4152,0.5,the book of light in the hand of love a plea for the british and foreign bible society a sermon preached in st paul s cathedral on tuesday april|vaughan c j charles john,1
604,Tier 3 - strong curated library,Christian Book,1105,The Man and His Mission,Dwight L. Moody,1900,Evangelism,Moody Collection,https://archive.org/download/dwightlmoodymanh0000unse/dwightlmoodymanh0000unse_djvu.txt,https://archive.org/download/dwightlmoodymanh0000unse/dwightlmoodymanh0000unse_djvu.txt,verified,verified_allowed_public_domain,verified public domain. Source reviewed from https://archive.org/download/dwightlmoodymanh0000unse/dwightlmoodymanh0000unse_djvu.txt.,D. L. Moody evangelistic and devotional resource for Christian living and ministry use. OCR text should be spot-checked before quotation.,data/library/verified/the-man-and-his-mission-dwight-l-moody.txt,111448,12.4,the man and his mission|dwight l moody,1
605,Tier 3 - strong curated library,Christian Book,1100,"Facts and men, pages from English Church history, between 1553 and 1683",John Charles Ryle,1550,Christian Living,Ryle Collection,https://archive.org/download/factsandmenpage00rylegoog/factsandmenpage00rylegoog_djvu.txt,https://archive.org/download/factsandmenpage00rylegoog/factsandmenpage00rylegoog_djvu.txt,verified,verified_allowed_public_domain,verified public domain. Source reviewed from https://archive.org/download/factsandmenpage00rylegoog/factsandmenpage00rylegoog_djvu.txt.,"J. C. Ryle practical Christian resource for discipleship, teaching, and devotional reading. OCR text should be spot-checked before quotation.",data/library/verified/facts-and-men-pages-from-english-church-history-between-1553-and-1683-john-charles-ryle.txt,150777,16.8,facts and men pages from english church history between and|john charles ryle,1
606,Tier 3 - strong curated library,Christian Book,1100,Holy in Christ,Andrew Murray,1887,Christian life,Christian life,https://www.gutenberg.org/ebooks/26990,https://www.gutenberg.org/ebooks/26990.txt.utf-8,verified,verified_allowed_with_project_gutenberg_terms,Project Gutenberg catalog page reports public domain in the USA. Retain source/license notes for redistributed Project Gutenberg files.,Christian classic or devotional resource for careful reading and practical application.,data/library/verified/holy-in-christ.txt,87221,9.7,holy in christ|andrew murray,1
607,Tier 3 - strong curated library,Christian Book,1100,"Secret Power; or, The Secret of Success in Christian Life and Work",D. L. Moody,1881,Christian Living,Christian Living,https://www.gutenberg.org/ebooks/33341,https://www.gutenberg.org/ebooks/33341.txt.utf-8,verified,verified_allowed_with_project_gutenberg_terms,Project Gutenberg catalog page reports public domain in the USA. Retain source/license notes for redistributed Project Gutenberg files.,"Christian service, devotional reading, and ministry encouragement.",data/library/verified/secret-power.txt,34837,3.9,secret power or the secret of success in christian life and work|d l moody,1
608,Tier 3 - strong curated library,Christian Book,1100,"Sovereign Grace: Its Source, Its Nature and Its Effects",D. L. Moody,1891,Christian Living,Christian Living,https://www.gutenberg.org/ebooks/30657,https://www.gutenberg.org/ebooks/30657.txt.utf-8,verified,verified_allowed_with_project_gutenberg_terms,Project Gutenberg catalog page reports public domain in the USA. Retain source/license notes for redistributed Project Gutenberg files.,"Grace-focused study, Gospel application, and new believer encouragement.",data/library/verified/sovereign-grace-its-source-its-nature-and-its-effects.txt,36835,4.1,sovereign grace its source its nature and its effects|d l moody,1
609,Tier 3 - strong curated library,Christian Book,1100,The Directory of the Devout Life: Meditations on the Sermon on the Mount,Frederick Brotherton Meyer,2026,Christian Living,F. B. Meyer Collection,https://archive.org/download/directorydevout00meyegoog/directorydevout00meyegoog_djvu.txt,https://archive.org/download/directorydevout00meyegoog/directorydevout00meyegoog_djvu.txt,verified,verified_allowed_public_domain,verified public domain. Source reviewed from https://archive.org/download/directorydevout00meyegoog/directorydevout00meyegoog_djvu.txt.,F. B. Meyer devotional and Bible study resource for Christian living and teaching application. OCR text should be spot-checked before quotation.,data/library/verified/the-directory-of-the-devout-life-meditations-on-the-sermon-on-the-mount-frederick-brotherton-meyer.txt,61534,6.8,the directory of the devout life meditations on the sermon on the mount|frederick brotherton meyer,1
610,Tier 3 - strong curated library,Christian Book,1100,"The Great Commission. Miscellaneous Writings of C. H. Mackintosh, vol. IV","Mackintosh, Charles Henry",2012,Christian Living,Bible Doctrine,https://www.gutenberg.org/ebooks/40575,https://www.gutenberg.org/ebooks/40575.txt.utf-8,verified,verified_allowed_with_project_gutenberg_terms,verified public domain. Source reviewed from https://www.gutenberg.org/ebooks/40575.,Christian living and theology resource for careful study and practical application.,data/library/verified/the-great-commission-miscellaneous-writings-of-c-h-mackintosh-vol-iv-mackintosh-charles-henry.txt,116446,12.9,the great commission miscellaneous writings of c h mackintosh|mackintosh charles henry,1
611,Tier 3 - strong curated library,Christian Book,1095,"A Coal From The Altar, To Kindle The Holy Fire of Zeale: In a Sermon Preached at a Generall Visitation at Ipswich","Ward, Samuel",2005,Preaching & Teaching,Preaching & Teaching,https://www.gutenberg.org/ebooks/16423,https://www.gutenberg.org/ebooks/16423.txt.utf-8,verified,verified_allowed_with_project_gutenberg_terms,verified public domain. Source reviewed from https://www.gutenberg.org/ebooks/16423.,"Preaching and teaching help for illustrations, exposition, and lesson preparation.",data/library/verified/a-coal-from-the-altar-to-kindle-the-holy-fire-of-zeale-in-a-sermon-preached-at-a-generall-visitation-at-ipswic.txt,14372,1.6,a coal from the altar to kindle the holy fire of zeale in a sermon preached at a generall visitation at ipswich|ward samuel,1
612,Tier 3 - strong curated library,Christian Book,1095,A History of the Baptists,John T. Christian,1922,Baptist History,Baptist History Collection,https://archive.org/download/historyofbaptist00chri/historyofbaptist00chri_djvu.txt,https://archive.org/download/historyofbaptist00chri/historyofbaptist00chri_djvu.txt,verified,verified_allowed_public_domain,verified public domain. Source reviewed from https://archive.org/download/historyofbaptist00chri/historyofbaptist00chri_djvu.txt.,Baptist history and principles from a Baptist perspective. Useful for Baptist distinctives and church-history study.,data/library/verified/a-history-of-the-baptists-john-t-christian.txt,165764,18.4,a history of the baptists|john t christian,1
613,Tier 3 - strong curated library,Christian Book,1095,"A History of the English Baptists, Volume 1",Joseph Ivimey,1764,Baptist History,Baptist History Collection,https://archive.org/download/historyofenglish01ivim/historyofenglish01ivim_djvu.txt,https://archive.org/download/historyofenglish01ivim/historyofenglish01ivim_djvu.txt,verified,verified_allowed_public_domain,verified public domain. Source reviewed from https://archive.org/download/historyofenglish01ivim/historyofenglish01ivim_djvu.txt.,"Early Baptist history resource for doctrine, baptism, dissent, and English Baptist roots. Useful for historical study with source discernment.",data/library/verified/a-history-of-the-english-baptists-volume-1-joseph-ivimey.txt,183240,20.4,a history of the english baptists|joseph ivimey,1
614,Tier 3 - strong curated library,Christian Book,1095,All of Grace,C. H. Spurgeon,1886,Evangelism,Spurgeon Collection,https://archive.org/details/allofgraceearnes00spur,https://archive.org/download/allofgraceearnes00spur/allofgraceearnes00spur_djvu.txt,verified,verified_allowed_public_domain,Internet Archive scan of an 1886 edition. C. H. Spurgeon died in 1892; this edition is public domain in the United States.,"Start here for a short, warm, gospel-centered presentation of salvation by grace.",data/library/verified/all-of-grace-c-h-spurgeon.txt,35759,4.0,all of grace|c h spurgeon,1
615,Tier 3 - strong curated library,Christian Book,1095,Baptist History,J. M. Cramp,1524,Baptist History,Baptist History Collection,https://archive.org/download/baptisthistoryfr00cram/baptisthistoryfr00cram_djvu.txt,https://archive.org/download/baptisthistoryfr00cram/baptisthistoryfr00cram_djvu.txt,verified,verified_allowed_public_domain,verified public domain. Source reviewed from https://archive.org/download/baptisthistoryfr00cram/baptisthistoryfr00cram_djvu.txt.,Baptist history from the early church through the eighteenth century. Helpful for Baptist identity and church-history study.,data/library/verified/baptist-history-j-m-cramp.txt,167189,18.6,baptist history|j m cramp,1
616,Tier 3 - strong curated library,Christian Book,1095,Grace Abounding to the Chief of Sinners,John Bunyan,1666,Christian life,Christian life,https://www.gutenberg.org/ebooks/654,https://www.gutenberg.org/ebooks/654.txt.utf-8,verified,verified_allowed_with_project_gutenberg_terms,Project Gutenberg catalog page reports public domain in the USA. Retain source/license notes for redistributed Project Gutenberg files.,Christian classic or devotional resource for careful reading and practical application.,data/library/verified/grace-abounding-to-the-chief-of-sinners.txt,61413,6.8,grace abounding to the chief of sinners|john bunyan,1
617,Tier 3 - strong curated library,Christian Book,1095,"Hurlbut's Life of Christ For Young and Old: A Complete Life of Christ Written in Simple Language, Based on the Gospel Narrative","Hurlbut, Jesse Lyman and Hole, William",2012,Preaching & Teaching,Preaching & Teaching,https://www.gutenberg.org/ebooks/40460,https://www.gutenberg.org/ebooks/40460.txt.utf-8,verified,verified_allowed_with_project_gutenberg_terms,verified public domain. Source reviewed from https://www.gutenberg.org/ebooks/40460.,"Preaching and teaching help for illustrations, exposition, and lesson preparation.",data/library/verified/hurlbut-s-life-of-christ-for-young-and-old-a-complete-life-of-christ-written-in-simple-language-based-on-the-g.txt,112327,12.5,hurlbut s life of christ for young and old a complete life of christ written in simple language based on the gospel narrative|hurlbut jesse lyman and hole william,1
618,Tier 3 - strong curated library,Christian Book,1095,"Prisons and Prayer; Or, a Labor of Love",Elizabeth Ryder 1844- Wheaton,2012,Prayer,Prayer Classics,https://www.gutenberg.org/ebooks/41720,https://www.gutenberg.org/ebooks/41720.txt.utf-8,verified,verified_allowed_with_project_gutenberg_terms,verified public domain. Source reviewed from https://www.gutenberg.org/ebooks/41720.,"Prayer reading for personal devotion, church prayer, and teaching application.",data/library/verified/prisons-and-prayer-or-a-labor-of-love-elizabeth-ryder-1844-wheaton.txt,189061,21.0,prisons and prayer or a labor of love|elizabeth ryder 1844 wheaton,1
619,Tier 3 - strong curated library,Christian Book,1095,Scripture texts illustrated by general literature,"Jacox, Francis",2023,Preaching & Teaching,Preaching & Teaching,https://www.gutenberg.org/ebooks/70412,https://www.gutenberg.org/ebooks/70412.txt.utf-8,verified,verified_allowed_with_project_gutenberg_terms,verified public domain. Source reviewed from https://www.gutenberg.org/ebooks/70412.,"Preaching and teaching help for illustrations, exposition, and lesson preparation.",data/library/verified/scripture-texts-illustrated-by-general-literature-jacox-francis.txt,144250,16.0,scripture texts illustrated by general literature|jacox francis,1
620,Tier 3 - strong curated library,Christian Book,1095,Selected sermons of George Whitefield / with an introduction and notes by the Rev. A.R. Buckland,George Whitefield,1724,Evangelism,Revival & Evangelism,https://archive.org/download/selectedsermonso00whit/selectedsermonso00whit_djvu.txt,https://archive.org/download/selectedsermonso00whit/selectedsermonso00whit_djvu.txt,verified,verified_allowed_public_domain,verified public domain. Source reviewed from https://archive.org/download/selectedsermonso00whit/selectedsermonso00whit_djvu.txt.,George Whitefield public-domain sermon or revival resource for preaching history and Gospel emphasis.,data/library/verified/selected-sermons-of-george-whitefield-with-an-introduction-and-notes-by-the-rev-a-r-buckland-george-whitefield.txt,38937,4.3,selected sermons of george whitefield with an introduction and notes by the rev a r buckland|george whitefield,1
621,Tier 3 - strong curated library,Bible Study Reference,1095,The Acts of the apostles,G. Campbell Morgan,2026,Bible study helps,G. Campbell Morgan Collection,https://archive.org/download/MN41494ucmf_0/MN41494ucmf_0_djvu.txt,https://archive.org/download/MN41494ucmf_0/MN41494ucmf_0_djvu.txt,verified,verified_allowed_public_domain,verified public domain. Source reviewed from https://archive.org/download/MN41494ucmf_0/MN41494ucmf_0_djvu.txt.,G. Campbell Morgan public-domain-era Bible study or preaching resource for exposition and teaching preparation.,data/library/verified/the-acts-of-the-apostles-g-campbell-morgan.txt,201231,22.4,the acts of the apostles|g campbell morgan,1
622,Tier 3 - strong curated library,Bible Study Reference,1095,The Christ of to-day : what? whence? whither?,G. Campbell Morgan,1905,Bible study helps,G. Campbell Morgan Collection,https://archive.org/download/christoftodaywha0000morg/christoftodaywha0000morg_djvu.txt,https://archive.org/download/christoftodaywha0000morg/christoftodaywha0000morg_djvu.txt,verified,verified_allowed_public_domain,verified public domain. Source reviewed from https://archive.org/download/christoftodaywha0000morg/christoftodaywha0000morg_djvu.txt.,G. Campbell Morgan public-domain-era Bible study or preaching resource for exposition and teaching preparation.,data/library/verified/the-christ-of-to-day-what-whence-whither-g-campbell-morgan.txt,9018,1.0,the christ of to day what whence whither|g campbell morgan,1
623,Tier 3 - strong curated library,Christian Book,1095,The Early English Baptists,Benjamin Evans,1516,Baptist History,Baptist History Collection,https://archive.org/download/earlyenglishbap00evangoog/earlyenglishbap00evangoog_djvu.txt,https://archive.org/download/earlyenglishbap00evangoog/earlyenglishbap00evangoog_djvu.txt,verified,verified_allowed_public_domain,verified public domain. Source reviewed from https://archive.org/download/earlyenglishbap00evangoog/earlyenglishbap00evangoog_djvu.txt.,"Early English Baptist history resource for Baptist roots, dissent, and historical context.",data/library/verified/the-early-english-baptists-benjamin-evans.txt,117790,13.1,the early english baptists|benjamin evans,1
624,Tier 3 - strong curated library,Christian Book,1095,The Evils of Infant Baptism,R. B. C. Howell,1529,Baptist History,Baptist Doctrine Collection,https://archive.org/download/evilsinfantbapt00socigoog/evilsinfantbapt00socigoog_djvu.txt,https://archive.org/download/evilsinfantbapt00socigoog/evilsinfantbapt00socigoog_djvu.txt,verified,verified_allowed_public_domain,verified public domain. Source reviewed from https://archive.org/download/evilsinfantbapt00socigoog/evilsinfantbapt00socigoog_djvu.txt.,"Historical Baptist argument on baptism. Useful for doctrinal history, but should be read with Scripture primary and charitable discernment.",data/library/verified/the-evils-of-infant-baptism-r-b-c-howell.txt,86012,9.6,the evils of infant baptism|r b c howell,1
625,Tier 3 - strong curated library,Christian Book,1095,The Life of Adoniram Judson,Edward Judson,1883,Missions,Missions,https://www.gutenberg.org/ebooks/70894,https://www.gutenberg.org/ebooks/70894.txt.utf-8,verified,verified_allowed_with_project_gutenberg_terms,Project Gutenberg catalog page reports public domain in the USA. Retain source/license notes for redistributed Project Gutenberg files.,"Missions lessons, Baptist history, and biography reading.",data/library/verified/the-life-of-adoniram-judson.txt,225809,25.1,the life of adoniram judson|edward judson,1
626,Tier 3 - strong curated library,Christian Book,1095,The Life of Rev. David Brainerd,David Brainerd,2021,Missions,Missions,https://www.gutenberg.org/ebooks/65066,https://www.gutenberg.org/ebooks/65066.txt.utf-8,verified,verified_allowed_with_project_gutenberg_terms,Verified. Source reviewed from https://www.gutenberg.org/ebooks/65066.,Public-domain missionary diary and biography.,data/library/verified/the-life-of-rev-david-brainerd-david-brainerd.txt,110269,12.3,the life of rev david brainerd|david brainerd,1
627,Tier 3 - strong curated library,Christian Book,1095,"The Sin and Danger of Self-Love Described by a Sermon Preached At Plymouth, in New-England, 1621","Cushman, Robert",2013,Preaching & Teaching,Preaching & Teaching,https://www.gutenberg.org/ebooks/44071,https://www.gutenberg.org/ebooks/44071.txt.utf-8,verified,verified_allowed_with_project_gutenberg_terms,verified public domain. Source reviewed from https://www.gutenberg.org/ebooks/44071.,"Preaching and teaching help for illustrations, exposition, and lesson preparation.",data/library/verified/the-sin-and-danger-of-self-love-described-by-a-sermon-preached-at-plymouth-in-new-england-1621-cushman-robert.txt,12714,1.4,the sin and danger of self love described by a sermon preached at plymouth in new england|cushman robert,1
628,Tier 3 - strong curated library,Christian Book,1095,The Story of the Baptists in All Ages and Countries,Richard B. Cook,1615,Baptist History,Baptist History Collection,https://archive.org/download/storyofbaptistsi00cookiala/storyofbaptistsi00cookiala_djvu.txt,https://archive.org/download/storyofbaptistsi00cookiala/storyofbaptistsi00cookiala_djvu.txt,verified,verified_allowed_public_domain,verified public domain. Source reviewed from https://archive.org/download/storyofbaptistsi00cookiala/storyofbaptistsi00cookiala_djvu.txt.,"Accessible Baptist history overview for newer readers, Sunday school teachers, and historical orientation.",data/library/verified/the-story-of-the-baptists-in-all-ages-and-countries-richard-b-cook.txt,101114,11.2,the story of the baptists in all ages and countries|richard b cook,1
629,Tier 3 - strong curated library,Christian Book,1095,The Wonders of Prayer,Various,1885,Prayer,Prayer,https://www.gutenberg.org/ebooks/11553,https://www.gutenberg.org/ebooks/11553.txt.utf-8,verified,verified_allowed_with_project_gutenberg_terms,Project Gutenberg catalog page reports public domain in the USA. Retain source/license notes for redistributed Project Gutenberg files.,Prayer meeting illustrations and devotional encouragement.,data/library/verified/the-wonders-of-prayer.txt,126488,14.1,the wonders of prayer|various,1
630,Tier 3 - strong curated library,Christian Book,1090,"A Sermon Preached at the Quaker's Meeting House, in Gracechurch-Street, London, Eighth Month 12th, 1694.","Penn, William",2007,Missions,Missions Biographies,https://www.gutenberg.org/ebooks/20534,https://www.gutenberg.org/ebooks/20534.txt.utf-8,verified,verified_allowed_with_project_gutenberg_terms,verified public domain. Source reviewed from https://www.gutenberg.org/ebooks/20534.,"Missions biography and history for examples, burden, and prayer.",data/library/verified/a-sermon-preached-at-the-quaker-s-meeting-house-in-gracechurch-street-london-eighth-month-12th-1694-penn-willi.txt,5060,0.6,a sermon preached at the quaker s meeting house in gracechurch street london eighth month 12th|penn william,1
631,Tier 3 - strong curated library,Christian Book,1090,John the Baptist,"Meyer, F. B. (Frederick Brotherton), 1847-1929",2026,Christian Living,F. B. Meyer Collection,https://archive.org/download/johnbaptist00meye/johnbaptist00meye_djvu.txt,https://archive.org/download/johnbaptist00meye/johnbaptist00meye_djvu.txt,verified,verified_allowed_public_domain,verified public domain. Source reviewed from https://archive.org/download/johnbaptist00meye/johnbaptist00meye_djvu.txt.,F. B. Meyer devotional and Bible study resource for Christian living and teaching application. OCR text should be spot-checked before quotation.,data/library/verified/john-the-baptist-meyer-f-b-frederick-brotherton-1847-1929.txt,64569,7.2,john the baptist|meyer f b frederick brotherton 1847 1929,1
632,Tier 3 - strong curated library,Bible Study Reference,1090,Old Bibles: An Account of the Early Versions of the English Bible,J. R. Dore,1527,KJV / Textual Issues,English Bible History,https://archive.org/download/oldbiblesaccount00doreuoft/oldbiblesaccount00doreuoft_djvu.txt,https://archive.org/download/oldbiblesaccount00doreuoft/oldbiblesaccount00doreuoft_djvu.txt,verified,verified_allowed_public_domain,verified public domain. Source reviewed from https://archive.org/download/oldbiblesaccount00doreuoft/oldbiblesaccount00doreuoft_djvu.txt.,Historical account of early English Bible versions. Useful for Bible translation history and KJV-background study.,data/library/verified/old-bibles-an-account-of-the-early-versions-of-the-english-bible-j-r-dore.txt,111692,12.4,old bibles an account of the early versions of the english bible|j r dore,1
633,Tier 3 - strong curated library,Bible Study Reference,1090,Our English Bible: Its Translations and Translators,John Stoughton,1648,KJV / Textual Issues,English Bible History,https://archive.org/download/cu31924098821527/cu31924098821527_djvu.txt,https://archive.org/download/cu31924098821527/cu31924098821527_djvu.txt,verified,verified_allowed_public_domain,verified public domain. Source reviewed from https://archive.org/download/cu31924098821527/cu31924098821527_djvu.txt.,"English Bible history resource for understanding translations, translators, and the providential history of Scripture in English.",data/library/verified/our-english-bible-its-translations-and-translators-john-stoughton.txt,90182,10.0,our english bible its translations and translators|john stoughton,1
634,Tier 3 - strong curated library,Bible Study Reference,1090,Records of the English Bible,Alfred W. Pollard,1530,KJV / Textual Issues,English Bible History,https://archive.org/download/recordsofenglish0000alfr/recordsofenglish0000alfr_djvu.txt,https://archive.org/download/recordsofenglish0000alfr/recordsofenglish0000alfr_djvu.txt,verified,verified_allowed_public_domain,verified public domain. Source reviewed from https://archive.org/download/recordsofenglish0000alfr/recordsofenglish0000alfr_djvu.txt.,Documentary resource on the translation and publication of the English Bible. Use as a historical reference source.,data/library/verified/records-of-the-english-bible-alfred-w-pollard.txt,123835,13.8,records of the english bible|alfred w pollard,1
635,Tier 3 - strong curated library,Bible Study Reference,1090,The Annals of the English Bible,Christopher Anderson,1731,KJV / Textual Issues,English Bible History,https://archive.org/download/annalsofenglis01ande/annalsofenglis01ande_djvu.txt,https://archive.org/download/annalsofenglis01ande/annalsofenglis01ande_djvu.txt,verified,verified_allowed_public_domain,verified public domain. Source reviewed from https://archive.org/download/annalsofenglis01ande/annalsofenglis01ande_djvu.txt.,"Detailed historical annals of the English Bible. Useful for deeper research, source trails, and teaching background.",data/library/verified/the-annals-of-the-english-bible-christopher-anderson.txt,348005,38.7,the annals of the english bible|christopher anderson,1
636,Tier 3 - strong curated library,Christian Book,1090,The Cheque Book of the Bank of Faith,C. H. Spurgeon,1893,Christian Living,Spurgeon Collection,https://archive.org/download/thechequebookoft00purguoft/thechequebookoft00purguoft_djvu.txt,https://archive.org/download/thechequebookoft00purguoft/thechequebookoft00purguoft_djvu.txt,verified,verified_allowed_public_domain,Internet Archive item thechequebookoft00purguoft lists public-domain or NOT_IN_COPYRIGHT status. Direct IA OCR text imported for beta reading with use-with-discernment and OCR spot-check labels.,"Daily promise readings for devotional use, prayer, listening, and sermon application support.",data/library/verified/the-cheque-book-of-the-bank-of-faith-c-h-spurgeon.txt,95778,10.6,the cheque book of the bank of faith|c h spurgeon,1
637,Tier 3 - strong curated library,Bible Study Reference,1090,The English Bible,John Eadie,1731,KJV / Textual Issues,English Bible History,https://archive.org/download/theenglishbible00eadiuoft/theenglishbible00eadiuoft_djvu.txt,https://archive.org/download/theenglishbible00eadiuoft/theenglishbible00eadiuoft_djvu.txt,verified,verified_allowed_public_domain,verified public domain. Source reviewed from https://archive.org/download/theenglishbible00eadiuoft/theenglishbible00eadiuoft_djvu.txt.,"External and critical history of English Bible translations. Useful for background and comparison, with Scripture kept primary.",data/library/verified/the-english-bible-john-eadie.txt,170532,18.9,the english bible|john eadie,1
638,Tier 3 - strong curated library,Bible Study Reference,1090,The History of the English Bible,W. F. Moulton,1698,KJV / Textual Issues,English Bible History,https://archive.org/download/historyofenglish00moul/historyofenglish00moul_djvu.txt,https://archive.org/download/historyofenglish00moul/historyofenglish00moul_djvu.txt,verified,verified_allowed_public_domain,verified public domain. Source reviewed from https://archive.org/download/historyofenglish00moul/historyofenglish00moul_djvu.txt.,Historical study of the English Bible. Useful for Bible-history research and KJV background.,data/library/verified/the-history-of-the-english-bible-w-f-moulton.txt,76875,8.5,the history of the english bible|w f moulton,1
639,Tier 3 - strong curated library,Christian Book,1090,"The Last Journals of David Livingstone, in Central Africa, from 1865 to His Death, Volume II (of 2), 1869-1873 / Continued By A Narrative Of His Last Moments And Sufferings, Obtained From His Faithful Servants Chuma And Susi","Livingstone, David; Waller, Horace",2005,Christian Living,Christian Living,https://www.gutenberg.org/ebooks/17024,https://www.gutenberg.org/ebooks/17024.txt.utf-8,verified,verified_allowed_with_project_gutenberg_terms,Project Gutenberg catalog/metadata source indicates public-domain availability in the USA. Retain source/license notes for redistributed Project Gutenberg files.,Christian classic or devotional resource for careful reading and practical application.,data/library/verified/the-last-journals-of-david-livingstone-in-central-africa-from-1865-to-his-death-volume-ii.txt,117401,13.0,the last journals of david livingstone in central africa from to his death continued by a narrative of his last moments and sufferings obtained from his faithful servants chuma and susi|livingstone david waller horace,1
640,Tier 3 - strong curated library,Christian Book,1090,"The life and work of Dwight L. Moody, presented to the Christian world as a tribute to the memory of the greatest apostle of the age",Dwight L. Moody,1900,Evangelism,Moody Collection,https://archive.org/download/lifework0000unse/lifework0000unse_djvu.txt,https://archive.org/download/lifework0000unse/lifework0000unse_djvu.txt,verified,verified_allowed_public_domain,verified public domain. Source reviewed from https://archive.org/download/lifework0000unse/lifework0000unse_djvu.txt.,D. L. Moody evangelistic and devotional resource for Christian living and ministry use. OCR text should be spot-checked before quotation.,data/library/verified/the-life-and-work-of-dwight-l-moody-presented-to-the-christian-world-as-a-tribute-to-the-memory-of-the-greates.txt,156089,17.3,the life and work of dwight l moody presented to the christian world as a tribute to the memory of the greatest apostle of the age|dwight l moody,1
641,Tier 3 - strong curated library,Christian Book,1085,"Christ: The Way, the Truth, and the Life",John Brown,2004,Christian Living,Bible Doctrine,https://www.gutenberg.org/ebooks/12311,https://www.gutenberg.org/ebooks/12311.txt.utf-8,verified,verified_allowed_with_project_gutenberg_terms,verified public domain. Source reviewed from https://www.gutenberg.org/ebooks/12311.,Bible doctrine and Christian living resource for careful study and teaching preparation.,data/library/verified/christ-the-way-the-truth-and-the-life-john-brown.txt,125100,13.9,christ the way the truth and the life|john brown,1
642,Tier 3 - strong curated library,Christian Book,1085,How to Succeed in the Christian Life,R. A. Torrey,1906,Christian life,Christian life,https://www.gutenberg.org/ebooks/55743,https://www.gutenberg.org/ebooks/55743.txt.utf-8,verified,verified_allowed_with_project_gutenberg_terms,Project Gutenberg catalog page reports public domain in the USA. Retain source/license notes for redistributed Project Gutenberg files.,Christian classic or devotional resource for careful reading and practical application.,data/library/verified/how-to-succeed-in-the-christian-life.txt,31311,3.5,how to succeed in the christian life|r a torrey,1
643,Tier 3 - strong curated library,Christian Book,1085,Lessons from the Life and Death of D. L. Moody,R. A. Torrey,1900,Biographies,Torrey Collection,https://archive.org/download/lessonsfromlifed00torr/lessonsfromlifed00torr_djvu.txt,https://archive.org/download/lessonsfromlifed00torr/lessonsfromlifed00torr_djvu.txt,verified,verified_allowed_public_domain,verified public domain. Source reviewed from https://archive.org/download/lessonsfromlifed00torr/lessonsfromlifed00torr_djvu.txt.,Torrey's biographical lessons from Moody for ministry examples and sermon illustrations. OCR text should be spot-checked before quotation or public teaching use.,data/library/verified/lessons-from-the-life-and-death-of-d-l-moody-r-a-torrey.txt,5247,0.6,lessons from the life and death of d l moody|r a torrey,1
644,Tier 3 - strong curated library,Bible Study Reference,1085,Little Gidding and its inmates in the Time of King Charles I. with an account of the Harmonies,John Edward Acland,2008,Bible Handbooks,Bible Handbooks,https://www.gutenberg.org/ebooks/24984,https://www.gutenberg.org/ebooks/24984.txt.utf-8,verified,verified_allowed_with_project_gutenberg_terms,verified public domain. Source reviewed from https://www.gutenberg.org/ebooks/24984.,"Book background, Bible geography, or chapter survey help for study preparation.",data/library/verified/little-gidding-and-its-inmates-in-the-time-of-king-charles-i-with-an-account-of-the-harmonies-john-edward-acla.txt,12566,1.4,little gidding and its inmates in the time of king charles i with an account of the harmonies|john edward acland,1
645,Tier 3 - strong curated library,Christian Book,1085,Real Salvation and Whole-Hearted Service,R. A. Torrey,1905,Evangelism,R. A. Torrey Collection,https://archive.org/download/realsalvationwho0000rato_k8a4/realsalvationwho0000rato_k8a4_djvu.txt,https://archive.org/download/realsalvationwho0000rato_k8a4/realsalvationwho0000rato_k8a4_djvu.txt,verified,verified_allowed_public_domain,"Published in 1905, before the current U.S. public-domain cutoff for 2026. Direct Internet Archive OCR text from item realsalvationwho0000rato_k8a4 imported with source-edition review and OCR spot-check labels.",Evangelistic and discipleship resource for Gospel teaching and sermon application.,data/library/verified/real-salvation-and-whole-hearted-service-r-a-torrey.txt,83782,9.3,real salvation and whole hearted service|r a torrey,1
646,Tier 3 - strong curated library,Bible Study Reference,1085,Studies in Old Testament History,Jesse Lyman Hurlbut,2011,Bible Handbooks,Bible Handbooks,https://www.gutenberg.org/ebooks/36444,https://www.gutenberg.org/ebooks/36444.txt.utf-8,verified,verified_allowed_with_project_gutenberg_terms,verified public domain. Source reviewed from https://www.gutenberg.org/ebooks/36444.,"Book background, Bible geography, or chapter survey help for study preparation.",data/library/verified/studies-in-old-testament-history-jesse-lyman-hurlbut.txt,26992,3.0,studies in old testament history|jesse lyman hurlbut,1
647,Tier 3 - strong curated library,Christian Book,1085,"The All-Sufficiency of Christ. Miscellaneous Writings of C. H. Mackintosh, vol. I","Mackintosh, Charles Henry",2012,Christian Living,Bible Doctrine,https://www.gutenberg.org/ebooks/41502,https://www.gutenberg.org/ebooks/41502.txt.utf-8,verified,verified_allowed_with_project_gutenberg_terms,verified public domain. Source reviewed from https://www.gutenberg.org/ebooks/41502.,Christian living and theology resource for careful study and practical application.,data/library/verified/the-all-sufficiency-of-christ-miscellaneous-writings-of-c-h-mackintosh-vol-i-mackintosh-charles-henry.txt,101435,11.3,the all sufficiency of christ miscellaneous writings of c h mackintosh|mackintosh charles henry,1
648,Tier 3 - strong curated library,Bible Study Reference,1085,"The Cities of Refuge: or, The Name of Jesus A Sunday book for the young","Macduff, John R. (John Ross)",2008,Bible Handbooks,Bible Handbooks,https://www.gutenberg.org/ebooks/25459,https://www.gutenberg.org/ebooks/25459.txt.utf-8,verified,verified_allowed_with_project_gutenberg_terms,verified public domain. Source reviewed from https://www.gutenberg.org/ebooks/25459.,"Book background, Bible geography, or Bible survey help for study preparation.",data/library/verified/the-cities-of-refuge-or-the-name-of-jesus-a-sunday-book-for-the-young-macduff-john-r-john-ross.txt,13908,1.5,the cities of refuge or the name of jesus a sunday book for the young|macduff john r john ross,1
649,Tier 3 - strong curated library,Christian Book,1085,"The Lord of Glory: Meditations on the person, the work and glory of our Lord Jesus Christ","Gaebelein, Arno Clemens",2009,Christian Living,Bible Doctrine,https://www.gutenberg.org/ebooks/29557,https://www.gutenberg.org/ebooks/29557.txt.utf-8,verified,verified_allowed_with_project_gutenberg_terms,verified public domain. Source reviewed from https://www.gutenberg.org/ebooks/29557.,Christian living and theology resource for careful study and practical application.,data/library/verified/the-lord-of-glory-meditations-on-the-person-the-work-and-glory-of-our-lord-jesus-christ-gaebelein-arno-clemens.txt,43767,4.9,the lord of glory meditations on the person the work and glory of our lord jesus christ|gaebelein arno clemens,1
650,Tier 3 - strong curated library,Christian Book,1080,A Retrospect,James Hudson Taylor,1894,Missions,Missions,https://www.gutenberg.org/ebooks/26744,https://www.gutenberg.org/ebooks/26744.txt.utf-8,verified,verified_allowed_with_project_gutenberg_terms,Project Gutenberg catalog page reports public domain in the USA. Retain source/license notes for redistributed Project Gutenberg files.,"Missions or biography resource for prayer burden, historical context, and teaching examples.",data/library/verified/a-retrospect.txt,43684,4.9,a retrospect|james hudson taylor,1
651,Tier 4 - useful supporting resource,Christian Book,1080,"Answers to Prayer, from George Müller's Narratives",George Müller,1887,Prayer,Prayer,https://www.gutenberg.org/ebooks/25891,https://www.gutenberg.org/ebooks/25891.txt.utf-8,verified,verified_allowed_with_project_gutenberg_terms,Project Gutenberg catalog page reports public domain in the USA. Retain source/license notes for redistributed Project Gutenberg files.,"Prayer encouragement, testimonies, and family/church devotion.",data/library/verified/answers-to-prayer-from-george-m-ller-s-narratives.txt,35127,3.9,answers to prayer from george mu ller s narratives|george mu ller,1
652,Tier 4 - useful supporting resource,Christian Book,1080,"Brilliants, selected from the works of C.H. Spurgeon","Spurgeon, C. H. (Charles Haddon), 1834-1892",1892,Preaching & Teaching,Spurgeon Collection,https://archive.org/download/brilliantsselect00spur/brilliantsselect00spur_djvu.txt,https://archive.org/download/brilliantsselect00spur/brilliantsselect00spur_djvu.txt,verified,verified_allowed_public_domain,verified public domain. Source reviewed from https://archive.org/download/brilliantsselect00spur/brilliantsselect00spur_djvu.txt.,"Spurgeon preaching, devotional, and teaching resource for sermon preparation and Christian living. OCR text should be spot-checked before quotation.",data/library/verified/brilliants-selected-from-the-works-of-c-h-spurgeon-spurgeon-c-h-charles-haddon-1834-1892.txt,6202,0.7,brilliants selected from the works of c h spurgeon|spurgeon c h charles haddon 1834 1892,1
653,Tier 4 - useful supporting resource,Bible Study Reference,1080,"God's methods with man in time : past, present, and future",G. Campbell Morgan,1898,Bible study helps,G. Campbell Morgan Collection,https://archive.org/download/godsmethodswithm00morg/godsmethodswithm00morg_djvu.txt,https://archive.org/download/godsmethodswithm00morg/godsmethodswithm00morg_djvu.txt,verified,verified_allowed_public_domain,verified public domain. Source reviewed from https://archive.org/download/godsmethodswithm00morg/godsmethodswithm00morg_djvu.txt.,G. Campbell Morgan public-domain-era Bible study or preaching resource for exposition and teaching preparation.,data/library/verified/god-s-methods-with-man-in-time-past-present-and-future-g-campbell-morgan.txt,41728,4.6,god s methods with man in time past present and future|g campbell morgan,1
654,Tier 4 - useful supporting resource,Christian Book,1080,HEAVEN A PLACE -A CITY-A HOME,EDWARD M. BOUNDS,1921,Prayer,Bounds Collection,https://archive.org/download/heavenplaceacity0000edwa/heavenplaceacity0000edwa_djvu.txt,https://archive.org/download/heavenplaceacity0000edwa/heavenplaceacity0000edwa_djvu.txt,verified,verified_allowed_public_domain,verified public domain. Source reviewed from https://archive.org/download/heavenplaceacity0000edwa/heavenplaceacity0000edwa_djvu.txt.,E. M. Bounds prayer resource for devotional reading and prayer teaching. OCR text should be spot-checked before quotation.,data/library/verified/heaven-a-place-a-city-a-home-edward-m-bounds.txt,37279,4.1,heaven a place a city a home|edward m bounds,1
655,Tier 4 - useful supporting resource,Christian Book,1080,"Lord, Teach Us To Pray",Andrew Murray,1896,Prayer,Prayer,https://www.gutenberg.org/ebooks/26709,https://www.gutenberg.org/ebooks/26709.txt.utf-8,verified,verified_allowed_with_project_gutenberg_terms,Project Gutenberg catalog page reports public domain in the USA. Retain source/license notes for redistributed Project Gutenberg files.,"Prayer resource for devotional reading, teaching application, and spiritual growth.",data/library/verified/lord-teach-us-to-pray.txt,11029,1.2,lord teach us to pray|andrew murray,1
656,Tier 4 - useful supporting resource,Christian Book,1080,Quiet Talks on Prayer,S. D. Gordon,2004,Prayer,Prayer,https://www.gutenberg.org/ebooks/13196,https://www.gutenberg.org/ebooks/13196.txt.utf-8,verified,verified_allowed_with_project_gutenberg_terms,Verified. Source reviewed from https://www.gutenberg.org/ebooks/13196.,Public-domain devotional prayer resource.,data/library/verified/quiet-talks-on-prayer-s-d-gordon.txt,52781,5.9,quiet talks on prayer|s d gordon,1
657,Tier 4 - useful supporting resource,Christian Book,1080,"Satan : his personality, power and overthrow","Bounds, Edward M. (Edward McKendree), 1835-1913",1922,Prayer,Bounds Collection,https://archive.org/download/satanhispersonal0000boun/satanhispersonal0000boun_djvu.txt,https://archive.org/download/satanhispersonal0000boun/satanhispersonal0000boun_djvu.txt,verified,verified_allowed_public_domain,verified public domain. Source reviewed from https://archive.org/download/satanhispersonal0000boun/satanhispersonal0000boun_djvu.txt.,E. M. Bounds prayer resource for devotional reading and prayer teaching. OCR text should be spot-checked before quotation.,data/library/verified/satan-his-personality-power-and-overthrow-bounds-edward-m-edward-mckendree-1835-1913.txt,38250,4.3,satan his personality power and overthrow|bounds edward m edward mckendree 1835 1913,1
658,Tier 4 - useful supporting resource,Christian Book,1080,"Satan : His personality, power and overthrow",Edward M. Bounds,1922,Prayer,Bounds Collection,https://archive.org/download/satanhispersonal0000edwa_g5i1/satanhispersonal0000edwa_g5i1_djvu.txt,https://archive.org/download/satanhispersonal0000edwa_g5i1/satanhispersonal0000edwa_g5i1_djvu.txt,verified,verified_allowed_public_domain,verified public domain. Source reviewed from https://archive.org/download/satanhispersonal0000edwa_g5i1/satanhispersonal0000edwa_g5i1_djvu.txt.,E. M. Bounds prayer resource for devotional reading and prayer teaching. OCR text should be spot-checked before quotation.,data/library/verified/satan-his-personality-power-and-overthrow-edward-m-bounds-2.txt,38255,4.3,satan his personality power and overthrow|edward m bounds,1
659,Tier 4 - useful supporting resource,Christian Book,1080,The Historical Evidence for the Virgin Birth,"Taylor, Vincent",2017,Missions,Missions,https://www.gutenberg.org/ebooks/54858,https://www.gutenberg.org/ebooks/54858.txt.utf-8,verified,verified_allowed_with_project_gutenberg_terms,verified public domain. Source reviewed from https://www.gutenberg.org/ebooks/54858.,"Missions, evangelism, or missionary biography for prayer burden and teaching examples.",data/library/verified/the-historical-evidence-for-the-virgin-birth-taylor-vincent.txt,57147,6.3,the historical evidence for the virgin birth|taylor vincent,1
660,Tier 4 - useful supporting resource,Christian Book,1080,The ineffable glory,Edward M. Bounds,1907,Prayer,Bounds Collection,https://archive.org/download/ineffableglory0000edwa/ineffableglory0000edwa_djvu.txt,https://archive.org/download/ineffableglory0000edwa/ineffableglory0000edwa_djvu.txt,verified,verified_allowed_public_domain,verified public domain. Source reviewed from https://archive.org/download/ineffableglory0000edwa/ineffableglory0000edwa_djvu.txt.,E. M. Bounds prayer resource for devotional reading and prayer teaching. OCR text should be spot-checked before quotation.,data/library/verified/the-ineffable-glory-edward-m-bounds.txt,31359,3.5,the ineffable glory|edward m bounds,1
661,Tier 4 - useful supporting resource,Christian Book,1080,The ineffable glory; thoughts on the resurrection,"Bounds, Edward M. (Edward McKendree), 1835-1913",1907,Prayer,Bounds Collection,https://archive.org/download/ineffablegloryth00boun/ineffablegloryth00boun_djvu.txt,https://archive.org/download/ineffablegloryth00boun/ineffablegloryth00boun_djvu.txt,verified,verified_allowed_public_domain,verified public domain. Source reviewed from https://archive.org/download/ineffablegloryth00boun/ineffablegloryth00boun_djvu.txt.,E. M. Bounds prayer resource for devotional reading and prayer teaching. OCR text should be spot-checked before quotation.,data/library/verified/the-ineffable-glory-thoughts-on-the-resurrection-bounds-edward-m-edward-mckendree-1835-1913.txt,31500,3.5,the ineffable glory thoughts on the resurrection|bounds edward m edward mckendree 1835 1913,1
662,Tier 4 - useful supporting resource,Christian Book,1080,The model prayer,J. D. Jones,2023,Prayer,Prayer Classics,https://www.gutenberg.org/ebooks/70953,https://www.gutenberg.org/ebooks/70953.txt.utf-8,verified,verified_allowed_with_project_gutenberg_terms,verified public domain. Source reviewed from https://www.gutenberg.org/ebooks/70953.,"Prayer reading for personal devotion, church prayer, and teaching application.",data/library/verified/the-model-prayer-j-d-jones.txt,46731,5.2,the model prayer|j d jones,1
663,Tier 4 - useful supporting resource,Christian Book,1080,The resurrection,"Bounds, Edward M. (Edward McKendree), 1835-1913",1907,Prayer,Bounds Collection,https://archive.org/download/resurrection00boun/resurrection00boun_djvu.txt,https://archive.org/download/resurrection00boun/resurrection00boun_djvu.txt,verified,verified_allowed_public_domain,verified public domain. Source reviewed from https://archive.org/download/resurrection00boun/resurrection00boun_djvu.txt.,E. M. Bounds prayer resource for devotional reading and prayer teaching. OCR text should be spot-checked before quotation.,data/library/verified/the-resurrection-bounds-edward-m-edward-mckendree-1835-1913.txt,30604,3.4,the resurrection|bounds edward m edward mckendree 1835 1913,1
664,Tier 4 - useful supporting resource,Christian Book,1080,The Right and Wrong Uses of the Bible,"Newton, Richard Heber",2004,Preaching & Teaching,Preaching & Teaching,https://www.gutenberg.org/ebooks/12282,https://www.gutenberg.org/ebooks/12282.txt.utf-8,verified,verified_allowed_with_project_gutenberg_terms,verified public domain. Source reviewed from https://www.gutenberg.org/ebooks/12282.,"Preaching and teaching help for illustrations, exposition, and lesson preparation.",data/library/verified/the-right-and-wrong-uses-of-the-bible-newton-richard-heber.txt,59105,6.6,the right and wrong uses of the bible|newton richard heber,1
665,Tier 4 - useful supporting resource,Bible Study Reference,1080,The Spirit of God,G. Campbell Morgan,2026,Bible study helps,G. Campbell Morgan Collection,https://archive.org/download/spiritofgod00morg/spiritofgod00morg_djvu.txt,https://archive.org/download/spiritofgod00morg/spiritofgod00morg_djvu.txt,verified,verified_allowed_public_domain,verified public domain. Source reviewed from https://archive.org/download/spiritofgod00morg/spiritofgod00morg_djvu.txt.,G. Campbell Morgan public-domain-era Bible study or preaching resource for exposition and teaching preparation.,data/library/verified/the-spirit-of-god-g-campbell-morgan.txt,58026,6.4,the spirit of god|g campbell morgan,1
666,Tier 4 - useful supporting resource,Bible Study Reference,1080,The Spirit of God [microform],G. Campbell Morgan,1900,Bible study helps,G. Campbell Morgan Collection,https://archive.org/download/MN41352ucmf_1/MN41352ucmf_1_djvu.txt,https://archive.org/download/MN41352ucmf_1/MN41352ucmf_1_djvu.txt,verified,verified_allowed_public_domain,verified public domain. Source reviewed from https://archive.org/download/MN41352ucmf_1/MN41352ucmf_1_djvu.txt.,G. Campbell Morgan public-domain-era Bible study or preaching resource for exposition and teaching preparation.,data/library/verified/the-spirit-of-god-microform-g-campbell-morgan.txt,57661,6.4,the spirit of god microform|g campbell morgan,1
667,Tier 4 - useful supporting resource,Christian Book,1080,The White Queen of Okoyong,W. P. Livingstone,2010,Missions,Missions,https://www.gutenberg.org/ebooks/33214,https://www.gutenberg.org/ebooks/33214.txt.utf-8,verified,verified_allowed_with_project_gutenberg_terms,Verified. Source reviewed from https://www.gutenberg.org/ebooks/33214.,Public-domain Mary Slessor missionary biography.,data/library/verified/the-white-queen-of-okoyong-w-p-livingstone.txt,49719,5.5,the white queen of okoyong|w p livingstone,1
668,Tier 4 - useful supporting resource,Christian Book,1075,"""The Numbering of the People"": A Sermon in conjunction with the census of 1861 preached in St. Thomas' Church, Islington, on Sunday Evening, April 7","Allen, George (Vicar of St. Thomas's, Islington)",2021,Preaching & Teaching,Preaching & Teaching,https://www.gutenberg.org/ebooks/64876,https://www.gutenberg.org/ebooks/64876.txt.utf-8,verified,verified_allowed_with_project_gutenberg_terms,verified public domain. Source reviewed from https://www.gutenberg.org/ebooks/64876.,"Preaching and teaching help for illustrations, exposition, and lesson preparation.",data/library/verified/the-numbering-of-the-people-a-sermon-in-conjunction-with-the-census-of-1861-preached-in-st-thomas-church-islin.txt,5299,0.6,the numbering of the people a sermon in conjunction with the census preached in st thomas church islington on sunday evening april|allen george vicar of st thomas s islington,1
669,Tier 4 - useful supporting resource,Christian Book,1075,"A Farewell Sermon: delivered on Sunday, October 23, A.D. 1842, at the Parish Church of St. Mary Abbotts, Kensington","Pott, Joseph Holden",2021,Preaching & Teaching,Preaching & Teaching,https://www.gutenberg.org/ebooks/64716,https://www.gutenberg.org/ebooks/64716.txt.utf-8,verified,verified_allowed_with_project_gutenberg_terms,verified public domain. Source reviewed from https://www.gutenberg.org/ebooks/64716.,"Preaching and teaching help for illustrations, exposition, and lesson preparation.",data/library/verified/a-farewell-sermon-delivered-on-sunday-october-23-a-d-1842-at-the-parish-church-of-st-mary-abbotts-kensington-p.txt,6438,0.7,a farewell sermon delivered on sunday october a d at the parish church of st mary abbotts kensington|pott joseph holden,1
670,Tier 4 - useful supporting resource,Christian Book,1075,"A letter to the Rev. Adoniram Judson : Sen., relative to the ""Formal and Solemn Reprimand."" : to which is added, A letter to the Third Church in Plymouth, Mass., on the subject of Baptism",Adoniram Judson,2026,Missions,Missions,https://archive.org/download/ldpd_13573873_000/ldpd_13573873_000_djvu.txt,https://archive.org/download/ldpd_13573873_000/ldpd_13573873_000_djvu.txt,verified,verified_allowed_public_domain,verified public domain. Source reviewed from https://archive.org/download/ldpd_13573873_000/ldpd_13573873_000_djvu.txt.,Adoniram Judson public-domain missions resource for missionary history and prayer emphasis.,data/library/verified/a-letter-to-the-rev-adoniram-judson-sen-relative-to-the-formal-and-solemn-reprimand-to-which-is-added-a-letter.txt,10253,1.1,a letter to the rev adoniram judson sen relative to the formal and solemn reprimand to which is added a letter to the third church in plymouth mass on the subject of baptism|adoniram judson,1
671,Tier 4 - useful supporting resource,Christian Book,1075,"A record of St. Cybi's Church, Holyhead : and the sermon preached after its restoration, 1879","Stanley, Arthur Penrhyn",2016,Preaching & Teaching,Preaching & Teaching,https://www.gutenberg.org/ebooks/52261,https://www.gutenberg.org/ebooks/52261.txt.utf-8,verified,verified_allowed_with_project_gutenberg_terms,verified public domain. Source reviewed from https://www.gutenberg.org/ebooks/52261.,"Preaching and teaching help for illustrations, exposition, and lesson preparation.",data/library/verified/a-record-of-st-cybi-s-church-holyhead-and-the-sermon-preached-after-its-restoration-1879-stanley-arthur-penrhy.txt,9382,1.0,a record of st cybi s church holyhead and the sermon preached after its restoration|stanley arthur penrhyn,1
672,Tier 4 - useful supporting resource,Christian Book,1075,A sermon preach'd before the Right Honourable the Lord-Mayor : the aldermen and citizens of London: at the Cathedral-Church of St. Paul on Monday the,"Snape, Andrew",2015,Preaching & Teaching,Preaching & Teaching,https://www.gutenberg.org/ebooks/48370,https://www.gutenberg.org/ebooks/48370.txt.utf-8,verified,verified_allowed_with_project_gutenberg_terms,verified public domain. Source reviewed from https://www.gutenberg.org/ebooks/48370.,"Preaching and teaching help for illustrations, exposition, and lesson preparation.",data/library/verified/a-sermon-preach-d-before-the-right-honourable-the-lord-mayor-the-aldermen-and-citizens-of-london-at-the-cathed.txt,6872,0.8,a sermon preach d before the right honourable the lord mayor the aldermen and citizens of london at the cathedral church of st paul on monday the|snape andrew,1
673,Tier 4 - useful supporting resource,Christian Book,1075,"A Sermon Preached on the Anniversary of the Boston Female Asylum for Destitute Orphans, September 25, 1835","Wainwright, Jonathan Mayhew",2008,Preaching & Teaching,Preaching & Teaching,https://www.gutenberg.org/ebooks/24404,https://www.gutenberg.org/ebooks/24404.txt.utf-8,verified,verified_allowed_with_project_gutenberg_terms,verified public domain. Source reviewed from https://www.gutenberg.org/ebooks/24404.,"Preaching and teaching help for illustrations, exposition, and lesson preparation.",data/library/verified/a-sermon-preached-on-the-anniversary-of-the-boston-female-asylum-for-destitute-orphans-september-25-1835-wainw.txt,5734,0.6,a sermon preached on the anniversary of the boston female asylum for destitute orphans september|wainwright jonathan mayhew,1
674,Tier 4 - useful supporting resource,Christian Book,1075,"C. H. Spurgeon Autobiography, Volume 1",C. H. Spurgeon,1897,Biographies,Spurgeon Collection,https://archive.org/download/spurgeonsautobio01spuruoft/spurgeonsautobio01spuruoft_djvu.txt,https://archive.org/download/spurgeonsautobio01spuruoft/spurgeonsautobio01spuruoft_djvu.txt,verified,verified_allowed_public_domain,Internet Archive item spurgeonsautobio01spuruoft lists public-domain or NOT_IN_COPYRIGHT status. Direct IA OCR text imported for beta reading with use-with-discernment and OCR spot-check labels.,"Spurgeon biography and ministry history for Baptist history, preaching context, and pastoral encouragement.",data/library/verified/c-h-spurgeon-autobiography-volume-1-c-h-spurgeon.txt,175855,19.5,c h spurgeon autobiography|c h spurgeon,1
675,Tier 4 - useful supporting resource,Christian Book,1075,Church Ministry in Kensington: A Recent Case of Hieratical Teaching Scripturally Considered,"Gell, John Philip",2015,Preaching & Teaching,Preaching & Teaching,https://www.gutenberg.org/ebooks/49116,https://www.gutenberg.org/ebooks/49116.txt.utf-8,verified,verified_allowed_with_project_gutenberg_terms,verified public domain. Source reviewed from https://www.gutenberg.org/ebooks/49116.,"Preaching and teaching help for illustrations, exposition, and lesson preparation.",data/library/verified/church-ministry-in-kensington-a-recent-case-of-hieratical-teaching-scripturally-considered-gell-john-philip.txt,5056,0.6,church ministry in kensington a recent case of hieratical teaching scripturally considered|gell john philip,1
676,Tier 4 - useful supporting resource,Christian Book,1075,Church work among the Negroes in the South: The Hale Memorial Sermon No. 2,"Strange, Robert",2008,Preaching & Teaching,Preaching & Teaching,https://www.gutenberg.org/ebooks/27649,https://www.gutenberg.org/ebooks/27649.txt.utf-8,verified,verified_allowed_with_project_gutenberg_terms,verified public domain. Source reviewed from https://www.gutenberg.org/ebooks/27649.,"Preaching and teaching help for illustrations, exposition, and lesson preparation.",data/library/verified/church-work-among-the-negroes-in-the-south-the-hale-memorial-sermon-no-2-strange-robert.txt,6127,0.7,church work among the negroes in the south the hale memorial sermon no|strange robert,1
677,Tier 4 - useful supporting resource,Christian Book,1075,"Consecrated Womanhood: A Sermon Preached in the First Congregational Church, Portland, Oregon","Marvin, Frederic Rowland and Cobbe, Frances Power",2015,Preaching & Teaching,Preaching & Teaching,https://www.gutenberg.org/ebooks/49427,https://www.gutenberg.org/ebooks/49427.txt.utf-8,verified,verified_allowed_with_project_gutenberg_terms,verified public domain. Source reviewed from https://www.gutenberg.org/ebooks/49427.,"Preaching and teaching help for illustrations, exposition, and lesson preparation.",data/library/verified/consecrated-womanhood-a-sermon-preached-in-the-first-congregational-church-portland-oregon-marvin-frederic-row.txt,5530,0.6,consecrated womanhood a sermon preached in the first congregational church portland oregon|marvin frederic rowland and cobbe frances power,1
678,Tier 4 - useful supporting resource,Christian Book,1075,Evangelists of Art: Picture-Sermons for Children,James Patrick,2009,Preaching & Teaching,Preaching & Teaching,https://www.gutenberg.org/ebooks/30220,https://www.gutenberg.org/ebooks/30220.txt.utf-8,verified,verified_allowed_with_project_gutenberg_terms,verified public domain. Source reviewed from https://www.gutenberg.org/ebooks/30220.,"Preaching and teaching help for illustrations, exposition, and lesson preparation.",data/library/verified/evangelists-of-art-picture-sermons-for-children-james-patrick.txt,11509,1.3,evangelists of art picture sermons for children|james patrick,1
679,Tier 4 - useful supporting resource,Christian Book,1075,"Heaven: where it is, its inhabitants, and how to get there [microform] : the certainty of God's promise of a life beyond the grave, and the rewards that are in store for faithful service","Moody, D. L. (Dwight Lyman), 1837-1899",2026,Evangelism,Moody Collection,https://archive.org/download/cihm_27544/cihm_27544_djvu.txt,https://archive.org/download/cihm_27544/cihm_27544_djvu.txt,verified,verified_allowed_public_domain,verified public domain. Source reviewed from https://archive.org/download/cihm_27544/cihm_27544_djvu.txt.,D. L. Moody evangelistic and devotional resource for Christian living and ministry use. OCR text should be spot-checked before quotation.,data/library/verified/heaven-where-it-is-its-inhabitants-and-how-to-get-there-microform-the-certainty-of-god-s-promise-of-a-life-bey.txt,33024,3.7,heaven where it is its inhabitants and how to get there microform the certainty of god s promise of a life beyond the grave and the rewards that are in store for faithful service|moody d l dwight lyman 1837 1899,1
680,Tier 4 - useful supporting resource,Christian Book,1075,Moody's Bible stories and gems of Christian thought [microform],"Moody, D. L. (Dwight Lyman), 1837-1899; Daniels, W. H. (William Haven), b. 1836",2026,Evangelism,Moody Collection,https://archive.org/download/cihm_89698/cihm_89698_djvu.txt,https://archive.org/download/cihm_89698/cihm_89698_djvu.txt,verified,verified_allowed_public_domain,verified public domain. Source reviewed from https://archive.org/download/cihm_89698/cihm_89698_djvu.txt.,D. L. Moody evangelistic and devotional resource for Christian living and ministry use. OCR text should be spot-checked before quotation.,data/library/verified/moody-s-bible-stories-and-gems-of-christian-thought-microform-moody-d-l-dwight-lyman-1837-1899-daniels-w-h-wil.txt,30222,3.4,moody s bible stories and gems of christian thought microform|moody d l dwight lyman 1837 1899 daniels w h william haven b 1836,1
681,Tier 4 - useful supporting resource,Christian Book,1075,"National Apostasy Considered in a Sermon Preached in St. Mary's Church, Oxford Before His Majesty's Judges of Assize on Sunday July 14th 1833","Keble, John",2015,Preaching & Teaching,Preaching & Teaching,https://www.gutenberg.org/ebooks/49112,https://www.gutenberg.org/ebooks/49112.txt.utf-8,verified,verified_allowed_with_project_gutenberg_terms,verified public domain. Source reviewed from https://www.gutenberg.org/ebooks/49112.,"Preaching and teaching help for illustrations, exposition, and lesson preparation.",data/library/verified/national-apostasy-considered-in-a-sermon-preached-in-st-mary-s-church-oxford-before-his-majesty-s-judges-of-as.txt,5327,0.6,national apostasy considered in a sermon preached in st mary s church oxford before his majesty s judges of assize on sunday july 14th|keble john,1
682,Tier 4 - useful supporting resource,Christian Book,1075,Old paths : being plain statements on some of the weightier matters of Christianity from the standpoint of an evangelical churchman,"Ryle, J. C. (John Charles), 1816-1900",2026,Christian Living,Ryle Collection,https://archive.org/download/oldpathsbeingpla00ryle/oldpathsbeingpla00ryle_djvu.txt,https://archive.org/download/oldpathsbeingpla00ryle/oldpathsbeingpla00ryle_djvu.txt,verified,verified_allowed_public_domain,verified public domain. Source reviewed from https://archive.org/download/oldpathsbeingpla00ryle/oldpathsbeingpla00ryle_djvu.txt.,"J. C. Ryle practical Christian resource for discipleship, teaching, and devotional reading. OCR text should be spot-checked before quotation.",data/library/verified/old-paths-being-plain-statements-on-some-of-the-weightier-matters-of-christianity-from-the-standpoint-of-an-ev.txt,193617,21.5,old paths being plain statements on some of the weightier matters of christianity from the standpoint of an evangelical churchman|ryle j c john charles 1816 1900,1
683,Tier 4 - useful supporting resource,Christian Book,1075,"Practical religion : being plain papers on the daily duties, experience, dangers, and privileges of professing Christians","Ryle, J. C. (John Charles), 1816-1900",2026,Christian Living,Ryle Collection,https://archive.org/download/practicalreligio00ryle/practicalreligio00ryle_djvu.txt,https://archive.org/download/practicalreligio00ryle/practicalreligio00ryle_djvu.txt,verified,verified_allowed_public_domain,verified public domain. Source reviewed from https://archive.org/download/practicalreligio00ryle/practicalreligio00ryle_djvu.txt.,"J. C. Ryle practical Christian resource for discipleship, teaching, and devotional reading. OCR text should be spot-checked before quotation.",data/library/verified/practical-religion-being-plain-papers-on-the-daily-duties-experience-dangers-and-privileges-of-professing-chri.txt,178486,19.8,practical religion being plain papers on the daily duties experience dangers and privileges of professing christians|ryle j c john charles 1816 1900,1
684,Tier 4 - useful supporting resource,Christian Book,1075,"Religion and Theology: A Sermon for the Times: Preached in the Parish Church of Crathie, fifth September and in the College Church, St Andrews","Tulloch, John",2008,Preaching & Teaching,Preaching & Teaching,https://www.gutenberg.org/ebooks/26035,https://www.gutenberg.org/ebooks/26035.txt.utf-8,verified,verified_allowed_with_project_gutenberg_terms,verified public domain. Source reviewed from https://www.gutenberg.org/ebooks/26035.,"Preaching and teaching help for illustrations, exposition, and lesson preparation.",data/library/verified/religion-and-theology-a-sermon-for-the-times-preached-in-the-parish-church-of-crathie-fifth-september-and-in-t.txt,5651,0.6,religion and theology a sermon for the times preached in the parish church of crathie fifth september and in the college church st andrews|tulloch john,1
685,Tier 4 - useful supporting resource,Christian Book,1075,"The Bloody Theatre, or Martyrs Mirror of the Defenseless Christians who baptized only upon confession of faith, and who suffered and died for the testimony of Jesus, their savior, from the time of Christ to the year A.D. 1660",Thieleman J. van Braght and Joseph F. Sohm,2021,Christian Living,Church History,https://www.gutenberg.org/ebooks/65855,https://www.gutenberg.org/ebooks/65855.txt.utf-8,verified,verified_allowed_with_project_gutenberg_terms,verified public domain. Source reviewed from https://www.gutenberg.org/ebooks/65855.,Church history resource for historical context; compare doctrinal claims with Scripture.,data/library/verified/the-bloody-theatre-or-martyrs-mirror-of-the-defenseless-christians-who-baptized-only-upon-confession-of-faith-.txt,1139910,126.7,the bloody theatre or martyrs mirror of the defenseless christians who baptized only upon confession of faith and who suffered and died for the testimony of jesus their savior from the time of christ to the year a d|thieleman j van braght and joseph f sohm,1
686,Tier 4 - useful supporting resource,Christian Book,1075,The Christian leaders of England in the eighteenth century,"Ryle, J. C. (John Charles), 1816-1900",1856,Christian Living,Ryle Collection,https://archive.org/download/christianleaders00ryleuoft/christianleaders00ryleuoft_djvu.txt,https://archive.org/download/christianleaders00ryleuoft/christianleaders00ryleuoft_djvu.txt,verified,verified_allowed_public_domain,verified public domain. Source reviewed from https://archive.org/download/christianleaders00ryleuoft/christianleaders00ryleuoft_djvu.txt.,"J. C. Ryle practical Christian resource for discipleship, teaching, and devotional reading. OCR text should be spot-checked before quotation.",data/library/verified/the-christian-leaders-of-england-in-the-eighteenth-century-ryle-j-c-john-charles-1816-1900.txt,158336,17.6,the christian leaders of england in the eighteenth century|ryle j c john charles 1816 1900,1
687,Tier 4 - useful supporting resource,Christian Book,1075,The Christian leaders of the last century,"Ryle, J. C. (John Charles), 1816-1900",1856,Christian Living,Ryle Collection,https://archive.org/download/christianleader00rylegoog/christianleader00rylegoog_djvu.txt,https://archive.org/download/christianleader00rylegoog/christianleader00rylegoog_djvu.txt,verified,verified_allowed_public_domain,verified public domain. Source reviewed from https://archive.org/download/christianleader00rylegoog/christianleader00rylegoog_djvu.txt.,"J. C. Ryle practical Christian resource for discipleship, teaching, and devotional reading. OCR text should be spot-checked before quotation.",data/library/verified/the-christian-leaders-of-the-last-century-ryle-j-c-john-charles-1816-1900.txt,158938,17.7,the christian leaders of the last century|ryle j c john charles 1816 1900,1
688,Tier 4 - useful supporting resource,Christian Book,1075,"The Christian leaders of the last century ; or, England a hundred years ago","Ryle, J. C. (John Charles), 1816-1900",1856,Christian Living,Ryle Collection,https://archive.org/download/thechristianlead00ryleuoft/thechristianlead00ryleuoft_djvu.txt,https://archive.org/download/thechristianlead00ryleuoft/thechristianlead00ryleuoft_djvu.txt,verified,verified_allowed_public_domain,verified public domain. Source reviewed from https://archive.org/download/thechristianlead00ryleuoft/thechristianlead00ryleuoft_djvu.txt.,"J. C. Ryle practical Christian resource for discipleship, teaching, and devotional reading. OCR text should be spot-checked before quotation.",data/library/verified/the-christian-leaders-of-the-last-century-or-england-a-hundred-years-ago-ryle-j-c-john-charles-1816-1900-2.txt,157096,17.5,the christian leaders of the last century or england a hundred years ago|ryle j c john charles 1816 1900,1
689,Tier 4 - useful supporting resource,Bible Study Reference,1075,The English Bible: A Sketch of Its History,George Milligan,1530,KJV / Textual Issues,English Bible History,https://archive.org/download/englishbiblesket00mill/englishbiblesket00mill_djvu.txt,https://archive.org/download/englishbiblesket00mill/englishbiblesket00mill_djvu.txt,verified,verified_allowed_public_domain,verified public domain. Source reviewed from https://archive.org/download/englishbiblesket00mill/englishbiblesket00mill_djvu.txt.,Short history of the English Bible for teachers and readers wanting a faster overview.,data/library/verified/the-english-bible-a-sketch-of-its-history-george-milligan.txt,47052,5.2,the english bible a sketch of its history|george milligan,1
690,Tier 4 - useful supporting resource,Christian Book,1075,"The full blessing of Pentecost, the one thing needful",Andrew Murray,2026,Prayer,Andrew Murray Collection,https://archive.org/download/fullblessingpent00murruoft/fullblessingpent00murruoft_djvu.txt,https://archive.org/download/fullblessingpent00murruoft/fullblessingpent00murruoft_djvu.txt,verified,verified_allowed_public_domain,verified public domain. Source reviewed from https://archive.org/download/fullblessingpent00murruoft/fullblessingpent00murruoft_djvu.txt.,Andrew Murray public-domain prayer or devotional resource for prayer study and Christian living.,data/library/verified/the-full-blessing-of-pentecost-the-one-thing-needful-andrew-murray.txt,38063,4.2,the full blessing of pentecost the one thing needful|andrew murray,1
691,Tier 4 - useful supporting resource,Christian Book,1075,The Lay-Man's Sermon upon the Late Storm: Held forth at an Honest Coffee-House-Conventicle,"Defoe, Daniel",2011,Preaching & Teaching,Preaching & Teaching,https://www.gutenberg.org/ebooks/36694,https://www.gutenberg.org/ebooks/36694.txt.utf-8,verified,verified_allowed_with_project_gutenberg_terms,verified public domain. Source reviewed from https://www.gutenberg.org/ebooks/36694.,"Preaching and teaching help for illustrations, exposition, and lesson preparation.",data/library/verified/the-lay-man-s-sermon-upon-the-late-storm-held-forth-at-an-honest-coffee-house-conventicle-defoe-daniel.txt,6337,0.7,the lay man s sermon upon the late storm held forth at an honest coffee house conventicle|defoe daniel,1
692,Tier 4 - useful supporting resource,Christian Book,1075,"The National Preacher, Vol. 2 No. 7 Dec. 1827 Or Original Monthly Sermons from Living Ministers, Sermons XXVI. and XXVII.","Dickinson, Austin; Baldwin, Elihu W. (Elihu Whittlesey); Leland, Aaron W. (Aaron Whitney)",2004,Preaching & Teaching,Preaching & Teaching,https://www.gutenberg.org/ebooks/13824,https://www.gutenberg.org/ebooks/13824.txt.utf-8,verified,verified_allowed_with_project_gutenberg_terms,verified public domain. Source reviewed from https://www.gutenberg.org/ebooks/13824.,"Preaching and teaching help for illustrations, exposition, and lesson preparation.",data/library/verified/the-national-preacher-vol-2-no-7-dec-1827-or-original-monthly-sermons-from-living-ministers-sermons-xxvi-and-x.txt,9730,1.1,the national preacher no dec or original monthly sermons from living ministers sermons xxvi and xxvii|dickinson austin baldwin elihu w elihu whittlesey leland aaron w aaron whitney,1
693,Tier 4 - useful supporting resource,Christian Book,1075,"The National Preacher, Vol. 2. No. 6., Nov. 1827 Or Original Monthly Sermons from Living Ministers","Dickinson, Austin; Patton, William",2006,Preaching & Teaching,Preaching & Teaching,https://www.gutenberg.org/ebooks/18329,https://www.gutenberg.org/ebooks/18329.txt.utf-8,verified,verified_allowed_with_project_gutenberg_terms,verified public domain. Source reviewed from https://www.gutenberg.org/ebooks/18329.,"Preaching and teaching help for illustrations, exposition, and lesson preparation.",data/library/verified/the-national-preacher-vol-2-no-6-nov-1827-or-original-monthly-sermons-from-living-ministers-dickinson-austin-p.txt,8847,1.0,the national preacher no nov or original monthly sermons from living ministers|dickinson austin patton william,1
694,Tier 4 - useful supporting resource,Christian Book,1075,"The Ritual Movement: Three plain sermons preached at St. John the Evangelist's, Hammersmith","Cowan, James Galloway",2021,Preaching & Teaching,Preaching & Teaching,https://www.gutenberg.org/ebooks/64741,https://www.gutenberg.org/ebooks/64741.txt.utf-8,verified,verified_allowed_with_project_gutenberg_terms,verified public domain. Source reviewed from https://www.gutenberg.org/ebooks/64741.,"Preaching and teaching help for illustrations, exposition, and lesson preparation.",data/library/verified/the-ritual-movement-three-plain-sermons-preached-at-st-john-the-evangelist-s-hammersmith-cowan-james-galloway.txt,9627,1.1,the ritual movement three plain sermons preached at st john the evangelist s hammersmith|cowan james galloway,1
695,Tier 4 - useful supporting resource,Christian Book,1075,"The Thirteen Names of the First Patriarchs, Considered as Figurative of the Progressive Influence of the Spirit. Being the Substance of Two Sermons, Preached on Wednesday March 24, and April 3, 1811, at the Obelisk Chapel","Church, J. (John)",2018,Preaching & Teaching,Preaching & Teaching,https://www.gutenberg.org/ebooks/58554,https://www.gutenberg.org/ebooks/58554.txt.utf-8,verified,verified_allowed_with_project_gutenberg_terms,verified public domain. Source reviewed from https://www.gutenberg.org/ebooks/58554.,"Preaching and teaching help for illustrations, exposition, and lesson preparation.",data/library/verified/the-thirteen-names-of-the-first-patriarchs-considered-as-figurative-of-the-progressive-influence-of-the-spirit.txt,10259,1.1,the thirteen names of the first patriarchs considered as figurative of the progressive influence of the spirit being the substance of two sermons preached on wednesday march and april at the obelisk chapel|church j john,1
696,Tier 4 - useful supporting resource,Christian Book,1075,"The two bears, and other sermons for children",John Charles Ryle,2026,Christian Living,Ryle Collection,https://archive.org/download/twobearsandothe00rylegoog/twobearsandothe00rylegoog_djvu.txt,https://archive.org/download/twobearsandothe00rylegoog/twobearsandothe00rylegoog_djvu.txt,verified,verified_allowed_public_domain,verified public domain. Source reviewed from https://archive.org/download/twobearsandothe00rylegoog/twobearsandothe00rylegoog_djvu.txt.,"J. C. Ryle practical Christian resource for discipleship, teaching, and devotional reading. OCR text should be spot-checked before quotation.",data/library/verified/the-two-bears-and-other-sermons-for-children-john-charles-ryle.txt,24145,2.7,the two bears and other sermons for children|john charles ryle,1
697,Tier 4 - useful supporting resource,Christian Book,1075,Thy will be done; the blessedness of a life in the will of God; meditations for a month,Andrew Murray,1900,Prayer,Andrew Murray Collection,https://archive.org/download/thywillbedoneble00murr/thywillbedoneble00murr_djvu.txt,https://archive.org/download/thywillbedoneble00murr/thywillbedoneble00murr_djvu.txt,verified,verified_allowed_public_domain,verified public domain. Source reviewed from https://archive.org/download/thywillbedoneble00murr/thywillbedoneble00murr_djvu.txt.,Andrew Murray public-domain prayer or devotional resource for prayer study and Christian living.,data/library/verified/thy-will-be-done-the-blessedness-of-a-life-in-the-will-of-god-meditations-for-a-month-andrew-murray.txt,44680,5.0,thy will be done the blessedness of a life in the will of god meditations for a month|andrew murray,1
698,Tier 4 - useful supporting resource,Christian Book,1075,"Welsh Nationality, and How Alone It is to Be Saved: A Sermon","Davies, William Gabriel",2019,Preaching & Teaching,Preaching & Teaching,https://www.gutenberg.org/ebooks/60592,https://www.gutenberg.org/ebooks/60592.txt.utf-8,verified,verified_allowed_with_project_gutenberg_terms,verified public domain. Source reviewed from https://www.gutenberg.org/ebooks/60592.,"Preaching and teaching help for illustrations, exposition, and lesson preparation.",data/library/verified/welsh-nationality-and-how-alone-it-is-to-be-saved-a-sermon-davies-william-gabriel.txt,9456,1.1,welsh nationality and how alone it is to be saved a sermon|davies william gabriel,1
699,Tier 4 - useful supporting resource,Christian Book,1070,A Sketch of the Life and Labors of George Whitefield,J. C. Ryle,1854,Biographies,Biographies,https://www.gutenberg.org/ebooks/34727,https://www.gutenberg.org/ebooks/34727.txt.utf-8,verified,verified_allowed_with_project_gutenberg_terms,Project Gutenberg catalog page reports public domain in the USA. Retain source/license notes for redistributed Project Gutenberg files.,"Biography, church history, revival study, and preaching encouragement.",data/library/verified/sketch-life-labors-george-whitefield.txt,15335,1.7,a sketch of the life and labors of george whitefield|j c ryle,1
700,Tier 4 - useful supporting resource,Christian Book,1070,"Calvin Wilson Mateer, Forty-five Years a Missionary in Shantung, China",D. W. Fisher,2023,Missions,Missions,https://www.gutenberg.org/ebooks/71695,https://www.gutenberg.org/ebooks/71695.txt.utf-8,verified,verified_allowed_with_project_gutenberg_terms,Verified. Source reviewed from https://www.gutenberg.org/ebooks/71695.,Public-domain missionary biography.,data/library/verified/calvin-wilson-mateer-forty-five-years-a-missionary-in-shantung-china-d-w-fisher.txt,90264,10.0,calvin wilson mateer forty five years a missionary in shantung china|d w fisher,1
701,Tier 4 - useful supporting resource,Christian Book,1070,"Henry Martyn, Saint and Scholar / First Modern Missionary to the Mohammedans, 1781-1812","Smith, George",2011,Missions,Missions,https://www.gutenberg.org/ebooks/35873,https://www.gutenberg.org/ebooks/35873.txt.utf-8,verified,verified_allowed_with_project_gutenberg_terms,Project Gutenberg catalog/metadata source indicates public-domain availability in the USA. Retain source/license notes for redistributed Project Gutenberg files.,"Missions or biography resource for prayer burden, historical context, and teaching examples.",data/library/verified/henry-martyn-saint-and-scholar-first-modern-missionary-to-the-mohammedans-1781-1812.txt,190150,21.1,henry martyn saint and scholar first modern missionary to the mohammedans|smith george,1
702,Tier 4 - useful supporting resource,Christian Book,1070,"John G. Paton, missionary to the New Hebrides, volume 1 (of 3)","Paton, John Gibson; Pierson, Arthur T. (Arthur Tappan); Paton, James",2023,Missions,Missions,https://www.gutenberg.org/ebooks/71542,https://www.gutenberg.org/ebooks/71542.txt.utf-8,verified,verified_allowed_with_project_gutenberg_terms,Project Gutenberg catalog/metadata source indicates public-domain availability in the USA. Retain source/license notes for redistributed Project Gutenberg files.,"Missions or biography resource for prayer burden, historical context, and teaching examples.",data/library/verified/john-g-paton-missionary-to-the-new-hebrides-volume-1-of-3.txt,97128,10.8,john g paton missionary to the new hebrides|paton john gibson pierson arthur t arthur tappan paton james,1
703,Tier 4 - useful supporting resource,Christian Book,1070,"Memoir relative to the progress of the translations of the Sacred Scriptures, in the year 1815",William Carey,2026,Missions,Missions,https://archive.org/download/memoirrelativeto00care/memoirrelativeto00care_djvu.txt,https://archive.org/download/memoirrelativeto00care/memoirrelativeto00care_djvu.txt,verified,verified_allowed_public_domain,verified public domain. Source reviewed from https://archive.org/download/memoirrelativeto00care/memoirrelativeto00care_djvu.txt.,"William Carey public-domain missions resource for missionary history, prayer burden, and evangelism.",data/library/verified/memoir-relative-to-the-progress-of-the-translations-of-the-sacred-scriptures-in-the-year-1815-william-carey.txt,14506,1.6,memoir relative to the progress of the translations of the sacred scriptures in the year|william carey,1
704,Tier 4 - useful supporting resource,Christian Book,1070,"Memoirs of the Life and Labours of the Rev. Samuel Marsden, of Paramatta, Senior Chaplain of New South Wales; and of His Early Connexion with the Missions to New Zealand and Tahiti",Samuel Marsden and J. B. Marsden,2012,Missions,Missions Biographies,https://www.gutenberg.org/ebooks/41258,https://www.gutenberg.org/ebooks/41258.txt.utf-8,verified,verified_allowed_with_project_gutenberg_terms,verified public domain. Source reviewed from https://www.gutenberg.org/ebooks/41258.,"Missions biography and history for examples, context, and burden for evangelism and prayer.",data/library/verified/memoirs-of-the-life-and-labours-of-the-rev-samuel-marsden-of-paramatta-senior-chaplain-of-new-south-wales-and-.txt,95648,10.6,memoirs of the life and labours of the rev samuel marsden of paramatta senior chaplain of new south wales and of his early connexion with the missions to new zealand and tahiti|samuel marsden and j b marsden,1
705,Tier 4 - useful supporting resource,Christian Book,1070,Missionary Work Among the Ojebway Indians,"Wilson, Edward Francis",2004,Missions,Missions,https://www.gutenberg.org/ebooks/6983,https://www.gutenberg.org/ebooks/6983.txt.utf-8,verified,verified_allowed_with_project_gutenberg_terms,Project Gutenberg catalog/metadata source indicates public-domain availability in the USA. Retain source/license notes for redistributed Project Gutenberg files.,"Missions or biography resource for prayer burden, historical context, and teaching examples.",data/library/verified/missionary-work-among-the-ojebway-indians.txt,72951,8.1,missionary work among the ojebway indians|wilson edward francis,1
706,Tier 4 - useful supporting resource,Christian Book,1070,Ruins of Bible lands: A Journey Over the Region of Fulfilled Prophecy,J. A. Wylie,2026,Baptist History,Church History,https://archive.org/download/ruinsbiblelands00wyligoog/ruinsbiblelands00wyligoog_djvu.txt,https://archive.org/download/ruinsbiblelands00wyligoog/ruinsbiblelands00wyligoog_djvu.txt,verified,verified_allowed_public_domain,verified public domain. Source reviewed from https://archive.org/download/ruinsbiblelands00wyligoog/ruinsbiblelands00wyligoog_djvu.txt.,"Public-domain church history resource for historical study, with perspective labels.",data/library/verified/ruins-of-bible-lands-a-journey-over-the-region-of-fulfilled-prophecy-j-a-wylie.txt,71378,7.9,ruins of bible lands a journey over the region of fulfilled prophecy|j a wylie,1
707,Tier 4 - useful supporting resource,Christian Book,1070,"Samuel Reynolds House of Siam, Pioneer Medical Missionary",George Haws Feltus,2022,Missions,Missions,https://www.gutenberg.org/ebooks/68647,https://www.gutenberg.org/ebooks/68647.txt.utf-8,verified,verified_allowed_with_project_gutenberg_terms,Verified. Source reviewed from https://www.gutenberg.org/ebooks/68647.,Public-domain medical missionary biography.,data/library/verified/samuel-reynolds-house-of-siam-pioneer-medical-missionary-george-haws-feltus.txt,69805,7.8,samuel reynolds house of siam pioneer medical missionary|george haws feltus,1
708,Tier 4 - useful supporting resource,Christian Book,1070,"Siam and Laos, as Seen by Our American Missionaries",Various,2020,Missions,Missions,https://www.gutenberg.org/ebooks/63879,https://www.gutenberg.org/ebooks/63879.txt.utf-8,verified,verified_allowed_with_project_gutenberg_terms,verified public domain. Source reviewed from https://www.gutenberg.org/ebooks/63879.,Missions history resource for prayer burden and teaching examples.,data/library/verified/siam-and-laos-as-seen-by-our-american-missionaries-various.txt,111438,12.4,siam and laos as seen by our american missionaries|various,1
709,Tier 4 - useful supporting resource,Christian Book,1070,South and South Central Africa A record of fifteen years' missionary labors among primitive peoples,"Davidson, Hannah Frances",2011,Missions,Missions Biographies,https://www.gutenberg.org/ebooks/37728,https://www.gutenberg.org/ebooks/37728.txt.utf-8,verified,verified_allowed_with_project_gutenberg_terms,verified public domain. Source reviewed from https://www.gutenberg.org/ebooks/37728.,"Missions biography and history for examples, burden, and prayer.",data/library/verified/south-and-south-central-africa-a-record-of-fifteen-years-missionary-labors-among-primitive-peoples-davidson-ha.txt,118626,13.2,south and south central africa a record of fifteen years missionary labors among primitive peoples|davidson hannah frances,1
710,Tier 4 - useful supporting resource,Christian Book,1070,The Book of Missionary Heroes,Basil Mathews,2005,Missions,Missions,https://www.gutenberg.org/ebooks/16657,https://www.gutenberg.org/ebooks/16657.txt.utf-8,verified,verified_allowed_with_project_gutenberg_terms,Verified. Source reviewed from https://www.gutenberg.org/ebooks/16657.,Public-domain missionary biography collection.,data/library/verified/the-book-of-missionary-heroes-basil-mathews.txt,67343,7.5,the book of missionary heroes|basil mathews,1
711,Tier 4 - useful supporting resource,Christian Book,1070,"The Gist of Japan: The Islands, Their People, and Missions",R. B. 1868- Peery,2013,Missions,Missions Biographies,https://www.gutenberg.org/ebooks/42304,https://www.gutenberg.org/ebooks/42304.txt.utf-8,verified,verified_allowed_with_project_gutenberg_terms,verified public domain. Source reviewed from https://www.gutenberg.org/ebooks/42304.,"Missions biography and history for examples, context, and burden for evangelism and prayer.",data/library/verified/the-gist-of-japan-the-islands-their-people-and-missions-r-b-1868-peery.txt,69790,7.8,the gist of japan the islands their people and missions|r b 1868 peery,1
712,Tier 4 - useful supporting resource,Christian Book,1070,"The Life of William Carey, Shoemaker & Missionary","Smith, George",2000,Missions,Missions,https://www.gutenberg.org/ebooks/2056,https://www.gutenberg.org/ebooks/2056.txt.utf-8,verified,verified_allowed_with_project_gutenberg_terms,Project Gutenberg catalog/metadata source indicates public-domain availability in the USA. Retain source/license notes for redistributed Project Gutenberg files.,"Missions or biography resource for prayer burden, historical context, and teaching examples.",data/library/verified/the-life-of-william-carey-shoemaker-missionary.txt,146097,16.2,the life of william carey shoemaker missionary|smith george,1
713,Tier 4 - useful supporting resource,Christian Book,1070,"The Only Two Religions, and Other Gospel Papers",H. A. Ironside,1912,Evangelism,H. A. Ironside Collection,https://archive.org/download/cihm_66028/cihm_66028_djvu.txt,https://archive.org/download/cihm_66028/cihm_66028_djvu.txt,verified,verified_allowed_public_domain,"Published in 1912, before the current U.S. public-domain cutoff for 2026. Direct Internet Archive OCR text from item cihm_66028 imported with source-edition review and OCR spot-check labels.","Gospel papers for evangelism, teaching, and doctrinal comparison.",data/library/verified/the-only-two-religions-and-other-gospel-papers-h-a-ironside.txt,22497,2.5,the only two religions and other gospel papers|h a ironside,1
714,Tier 4 - useful supporting resource,Christian Book,1070,The Pharisee and the Publican,John Bunyan,1685,Evangelism,Evangelism,https://www.gutenberg.org/ebooks/3548,https://www.gutenberg.org/ebooks/3548.txt.utf-8,verified,verified_allowed_with_project_gutenberg_terms,Project Gutenberg catalog page reports public domain in the USA. Retain source/license notes for redistributed Project Gutenberg files.,"Gospel teaching, repentance lessons, and devotional reading.",data/library/verified/the-pharisee-and-the-publican.txt,60179,6.7,the pharisee and the publican|john bunyan,1
715,Tier 4 - useful supporting resource,Christian Book,1070,Woman and Her Saviour in Persia By a Returned Missionary,Thomas Laurie,2005,Missions,Missions Biographies,https://www.gutenberg.org/ebooks/8699,https://www.gutenberg.org/ebooks/8699.txt.utf-8,verified,verified_allowed_with_project_gutenberg_terms,verified public domain. Source reviewed from https://www.gutenberg.org/ebooks/8699.,"Missions biography and history for examples, context, and burden for evangelism and prayer.",data/library/verified/woman-and-her-saviour-in-persia-by-a-returned-missionary-thomas-laurie.txt,86956,9.7,woman and her saviour in persia by a returned missionary|thomas laurie,1
716,Tier 4 - useful supporting resource,Christian Book,1065,Around the Wicket Gate,C. H. Spurgeon,1890,Evangelism,Evangelism,https://www.gutenberg.org/ebooks/60669,https://www.gutenberg.org/ebooks/60669.txt.utf-8,verified,verified_allowed_with_project_gutenberg_terms,Project Gutenberg catalog page reports public domain in the USA. Retain source/license notes for redistributed Project Gutenberg files.,"Evangelism resource for gospel clarity, illustrations, and practical application.",data/library/verified/around-the-wicket-gate.txt,24715,2.7,around the wicket gate|c h spurgeon,1
717,Tier 4 - useful supporting resource,Christian Book,1065,Christ in Isaiah,"Meyer, F. B. (Frederick Brotherton), 1847-1929",2026,Christian Living,F. B. Meyer Collection,https://archive.org/download/christinisaiah0000meye/christinisaiah0000meye_djvu.txt,https://archive.org/download/christinisaiah0000meye/christinisaiah0000meye_djvu.txt,verified,verified_allowed_public_domain,verified public domain. Source reviewed from https://archive.org/download/christinisaiah0000meye/christinisaiah0000meye_djvu.txt.,F. B. Meyer devotional and Bible study resource for Christian living and teaching application. OCR text should be spot-checked before quotation.,data/library/verified/christ-in-isaiah-meyer-f-b-frederick-brotherton-1847-1929.txt,75782,8.4,christ in isaiah|meyer f b frederick brotherton 1847 1929,1
718,Tier 4 - useful supporting resource,Christian Book,1065,"Memorials of Cecil Robertson of Sianfu, medical missionary","Meyer, F. B. (Frederick Brotherton), 1847-1929",2026,Christian Living,F. B. Meyer Collection,https://archive.org/download/cu31924023224987/cu31924023224987_djvu.txt,https://archive.org/download/cu31924023224987/cu31924023224987_djvu.txt,verified,verified_allowed_public_domain,verified public domain. Source reviewed from https://archive.org/download/cu31924023224987/cu31924023224987_djvu.txt.,F. B. Meyer devotional and Bible study resource for Christian living and teaching application. OCR text should be spot-checked before quotation.,data/library/verified/memorials-of-cecil-robertson-of-sianfu-medical-missionary-meyer-f-b-frederick-brotherton-1847-1929.txt,53484,5.9,memorials of cecil robertson of sianfu medical missionary|meyer f b frederick brotherton 1847 1929,1
719,Tier 4 - useful supporting resource,Christian Book,1065,Paul : a servant of Jesus Christ,"Meyer, F. B. (Frederick Brotherton), 1847-1929",1897,Christian Living,F. B. Meyer Collection,https://archive.org/download/paulaservantofje00meyeuoft/paulaservantofje00meyeuoft_djvu.txt,https://archive.org/download/paulaservantofje00meyeuoft/paulaservantofje00meyeuoft_djvu.txt,verified,verified_allowed_public_domain,verified public domain. Source reviewed from https://archive.org/download/paulaservantofje00meyeuoft/paulaservantofje00meyeuoft_djvu.txt.,F. B. Meyer devotional and Bible study resource for Christian living and teaching application. OCR text should be spot-checked before quotation.,data/library/verified/paul-a-servant-of-jesus-christ-meyer-f-b-frederick-brotherton-1847-1929-2.txt,63287,7.0,paul a servant of jesus christ|meyer f b frederick brotherton 1847 1929,1
720,Tier 4 - useful supporting resource,Christian Book,1065,Practical Religion,J. C. Ryle,1878,Christian Living,Christian Living,https://www.gutenberg.org/ebooks/38162,https://www.gutenberg.org/ebooks/38162.txt.utf-8,verified,verified_allowed_with_project_gutenberg_terms,Project Gutenberg catalog page reports public domain in the USA. Retain source/license notes for redistributed Project Gutenberg files.,"Christian life reading, discipleship, and adult teaching preparation.",data/library/verified/practical-religion.txt,173084,19.2,practical religion|j c ryle,1
721,Tier 4 - useful supporting resource,Christian Book,1065,The Mission of the Holy Spirit: Five Addresses,H. A. Ironside,1930,Christian Living,Ironside Collection,https://archive.org/download/missionofholyspi00iron/missionofholyspi00iron_djvu.txt,https://archive.org/download/missionofholyspi00iron/missionofholyspi00iron_djvu.txt,verified,verified_allowed_public_domain,"Published in 1930, before the current U.S. public-domain cutoff for 2026. Direct Internet Archive OCR text imported from item missionofholyspi00iron; source edition and OCR quality require spot-check before quotation or public teaching use.",Ironside addresses for study on the Holy Spirit and practical Christian life. OCR text should be spot-checked before quotation or public teaching use.,data/library/verified/the-mission-of-the-holy-spirit-five-addresses-h-a-ironside.txt,20068,2.2,the mission of the holy spirit five addresses|h a ironside,1
722,Tier 4 - useful supporting resource,Christian Book,1065,The Way to God and How to Find It,D. L. Moody,1884,Evangelism,Evangelism,https://www.gutenberg.org/ebooks/30449,https://www.gutenberg.org/ebooks/30449.txt.utf-8,verified,verified_allowed_with_project_gutenberg_terms,Project Gutenberg catalog page reports public domain in the USA. Retain source/license notes for redistributed Project Gutenberg files.,"Evangelism, gospel lessons, and invitations.",data/library/verified/the-way-to-god.txt,44621,5.0,the way to god and how to find it|d l moody,1
723,Tier 4 - useful supporting resource,Christian Book,1065,"The Work Of Christ: Past, Present and Future","Gaebelein, Arno Clemens",2008,Christian Living,Bible Doctrine,https://www.gutenberg.org/ebooks/26643,https://www.gutenberg.org/ebooks/26643.txt.utf-8,verified,verified_allowed_with_project_gutenberg_terms,verified public domain. Source reviewed from https://www.gutenberg.org/ebooks/26643.,Christian living and theology resource for careful study and practical application.,data/library/verified/the-work-of-christ-past-present-and-future-gaebelein-arno-clemens.txt,18079,2.0,the work of christ past present and future|gaebelein arno clemens,1
724,Tier 4 - useful supporting resource,Christian Book,1060,A call to prayer [microform],"Ryle, J. C. (John Charles), 1816-1900",2026,Christian Living,Ryle Collection,https://archive.org/download/pts_caltoprayer_1753_21/pts_caltoprayer_1753_21_djvu.txt,https://archive.org/download/pts_caltoprayer_1753_21/pts_caltoprayer_1753_21_djvu.txt,verified,verified_allowed_public_domain,verified public domain. Source reviewed from https://archive.org/download/pts_caltoprayer_1753_21/pts_caltoprayer_1753_21_djvu.txt.,"J. C. Ryle practical Christian resource for discipleship, teaching, and devotional reading. OCR text should be spot-checked before quotation.",data/library/verified/a-call-to-prayer-microform-ryle-j-c-john-charles-1816-1900.txt,12675,1.4,a call to prayer microform|ryle j c john charles 1816 1900,1
725,Tier 4 - useful supporting resource,Christian Book,1060,A Few Remarks on the Scripture History of Saul and the Witch of Endor,J. ? Church,2018,Baptist History,Baptist History,https://www.gutenberg.org/ebooks/58017,https://www.gutenberg.org/ebooks/58017.txt.utf-8,verified,verified_allowed_with_project_gutenberg_terms,verified public domain. Source reviewed from https://www.gutenberg.org/ebooks/58017.,Baptist history or Baptist theology resource for historical study and teaching illustrations.,data/library/verified/a-few-remarks-on-the-scripture-history-of-saul-and-the-witch-of-endor-j-church.txt,5662,0.6,a few remarks on the scripture history of saul and the witch of endor|j church,1
726,Tier 4 - useful supporting resource,Christian Book,1060,A General History of the Sabbatarian Churches,Tamar Davis,2021,Baptist History,Baptist History,https://www.gutenberg.org/ebooks/66265,https://www.gutenberg.org/ebooks/66265.txt.utf-8,verified,verified_allowed_with_project_gutenberg_terms,Verified. Source reviewed from https://www.gutenberg.org/ebooks/66265.,Public-domain church history resource for review.,data/library/verified/a-general-history-of-the-sabbatarian-churches-tamar-davis.txt,70717,7.9,a general history of the sabbatarian churches|tamar davis,1
727,Tier 4 - useful supporting resource,Bible Study Reference,1060,A Greek Primer: For Beginners in New Testament Greek,Wallace N. 1866- Stearns,2012,Bible study helps,KJV / Textual Issues,https://www.gutenberg.org/ebooks/39292,https://www.gutenberg.org/ebooks/39292.txt.utf-8,verified,verified_allowed_with_project_gutenberg_terms,verified public domain. Source reviewed from https://www.gutenberg.org/ebooks/39292.,Historical Bible study or textual-issues resource; use for background with doctrinal care.,data/library/verified/a-greek-primer-for-beginners-in-new-testament-greek-wallace-n-1866-stearns.txt,3782,0.4,a greek primer for beginners in new testament greek|wallace n 1866 stearns,1
728,Tier 4 - useful supporting resource,Christian Book,1060,A Short Method of Prayer,Jeanne Marie Bouvier de la Motte Guyon,2008,Prayer,Prayer Classics,https://www.gutenberg.org/ebooks/24989,https://www.gutenberg.org/ebooks/24989.txt.utf-8,verified,verified_allowed_with_project_gutenberg_terms,verified public domain. Source reviewed from https://www.gutenberg.org/ebooks/24989.,"Prayer reading for personal devotion, church prayer, and teaching application.",data/library/verified/a-short-method-of-prayer-jeanne-marie-bouvier-de-la-motte-guyon.txt,16506,1.8,a short method of prayer|jeanne marie bouvier de la motte guyon,1
729,Tier 4 - useful supporting resource,Christian Book,1060,"A Sketch of Charles T. Walker, D.D., Pastor of Tabernacle Baptist Church, Augusta, Ga.",Silas Xavier Floyd,2021,Baptist History,Baptist History,https://www.gutenberg.org/ebooks/65480,https://www.gutenberg.org/ebooks/65480.txt.utf-8,verified,verified_allowed_with_project_gutenberg_terms,verified public domain. Source reviewed from https://www.gutenberg.org/ebooks/65480.,Baptist history or Baptist theology resource for historical study and teaching illustrations.,data/library/verified/a-sketch-of-charles-t-walker-d-d-pastor-of-tabernacle-baptist-church-augusta-ga-silas-xavier-floyd.txt,2715,0.3,a sketch of charles t walker d d pastor of tabernacle baptist church augusta ga|silas xavier floyd,1
730,Tier 4 - useful supporting resource,Christian Book,1060,An historical sketch of the First Hillsboro Baptist Church,W. Camp,2025,Baptist History,Baptist History,https://www.gutenberg.org/ebooks/75602,https://www.gutenberg.org/ebooks/75602.txt.utf-8,verified,verified_allowed_with_project_gutenberg_terms,verified public domain. Source reviewed from https://www.gutenberg.org/ebooks/75602.,Baptist history or Baptist theology resource for historical study and teaching illustrations.,data/library/verified/an-historical-sketch-of-the-first-hillsboro-baptist-church-w-camp.txt,3057,0.3,an historical sketch of the first hillsboro baptist church|w camp,1
731,Tier 4 - useful supporting resource,Christian Book,1060,Bede's Ecclesiastical History of England,"Bede, the Venerable, Saint; Sellar, A. M.",2011,Baptist History,Baptist History,https://www.gutenberg.org/ebooks/38326,https://www.gutenberg.org/ebooks/38326.txt.utf-8,verified,verified_allowed_with_project_gutenberg_terms,verified public domain. Source reviewed from https://www.gutenberg.org/ebooks/38326.,Church history and Baptist-history-adjacent resource for historical background and discernment.,data/library/verified/bede-s-ecclesiastical-history-of-england-bede-the-venerable-saint-sellar-a-m.txt,179967,20.0,bede s ecclesiastical history of england|bede the venerable saint sellar a m,1
732,Tier 4 - useful supporting resource,Christian Book,1060,Children's Edition of Touching Incidents and Remarkable Answers to Prayer,S. B. 1854- Shaw,2004,Prayer,Prayer Classics,https://www.gutenberg.org/ebooks/7026,https://www.gutenberg.org/ebooks/7026.txt.utf-8,verified,verified_allowed_with_project_gutenberg_terms,verified public domain. Source reviewed from https://www.gutenberg.org/ebooks/7026.,"Prayer reading for personal devotion, church prayer, and teaching application.",data/library/verified/children-s-edition-of-touching-incidents-and-remarkable-answers-to-prayer-s-b-1854-shaw.txt,25915,2.9,children s edition of touching incidents and remarkable answers to prayer|s b 1854 shaw,1
733,Tier 4 - useful supporting resource,Christian Book,1060,Chinese Diamonds for the King of Kings,Rosalind Goforth,2013,Missions,Missions Biographies,https://www.gutenberg.org/ebooks/43514,https://www.gutenberg.org/ebooks/43514.txt.utf-8,verified,verified_allowed_with_project_gutenberg_terms,verified public domain. Source reviewed from https://www.gutenberg.org/ebooks/43514.,"Missions biography and history for examples, context, and burden for evangelism and prayer.",data/library/verified/chinese-diamonds-for-the-king-of-kings-rosalind-goforth.txt,29386,3.3,chinese diamonds for the king of kings|rosalind goforth,1
734,Tier 4 - useful supporting resource,Christian Book,1060,Crises in the History of the Papacy,Joseph McCabe,2020,Baptist History,Church History & Discernment,https://www.gutenberg.org/ebooks/61779,https://www.gutenberg.org/ebooks/61779.txt.utf-8,verified,verified_allowed_with_project_gutenberg_terms,verified public domain. Source reviewed from https://www.gutenberg.org/ebooks/61779.,Public-domain church-history resource concerning the papacy; useful for historical study with discernment.,data/library/verified/crises-in-the-history-of-the-papacy-joseph-mccabe.txt,137650,15.3,crises in the history of the papacy|joseph mccabe,1
735,Tier 4 - useful supporting resource,Bible Study Reference,1060,God's perfect will,G. Campbell Morgan,2026,Bible study helps,G. Campbell Morgan Collection,https://archive.org/download/godsperfectwill00morg/godsperfectwill00morg_djvu.txt,https://archive.org/download/godsperfectwill00morg/godsperfectwill00morg_djvu.txt,verified,verified_allowed_public_domain,verified public domain. Source reviewed from https://archive.org/download/godsperfectwill00morg/godsperfectwill00morg_djvu.txt.,G. Campbell Morgan public-domain-era Bible study or preaching resource for exposition and teaching preparation.,data/library/verified/god-s-perfect-will-g-campbell-morgan.txt,20874,2.3,god s perfect will|g campbell morgan,1
736,Tier 4 - useful supporting resource,Christian Book,1060,In Answer to Prayer,William Boyd Carpenter and Theodore L. Cuyler,2011,Prayer,Prayer Classics,https://www.gutenberg.org/ebooks/37501,https://www.gutenberg.org/ebooks/37501.txt.utf-8,verified,verified_allowed_with_project_gutenberg_terms,verified public domain. Source reviewed from https://www.gutenberg.org/ebooks/37501.,"Prayer reading for personal devotion, church prayer, and teaching application.",data/library/verified/in-answer-to-prayer-william-boyd-carpenter-and-theodore-l-cuyler.txt,19839,2.2,in answer to prayer|william boyd carpenter and theodore l cuyler,1
737,Tier 4 - useful supporting resource,Christian Book,1060,"Letters of John Calvin, Volume I Compiled from the Original Manuscripts and Edited with Historical Notes","Calvin, Jean; Bonnet, Jules",2014,Baptist History,Baptist History,https://www.gutenberg.org/ebooks/45423,https://www.gutenberg.org/ebooks/45423.txt.utf-8,verified,verified_allowed_with_project_gutenberg_terms,verified public domain. Source reviewed from https://www.gutenberg.org/ebooks/45423.,Church history and Baptist-history-adjacent resource for historical background and discernment.,data/library/verified/letters-of-john-calvin-volume-i-compiled-from-the-original-manuscripts-and-edited-with-historical-notes-calvin.txt,188214,20.9,letters of john calvin compiled from the original manuscripts and edited with historical notes|calvin jean bonnet jules,1
738,Tier 4 - useful supporting resource,Christian Book,1060,"Morning and Evening Prayers for All Days of the Week Together With Confessional, Communion, and Other Prayers and Hymns for Mornings and Evenings, and Other Occasions",Johann Habermann and Emil H. Rausch,2011,Prayer,Prayer Classics,https://www.gutenberg.org/ebooks/34994,https://www.gutenberg.org/ebooks/34994.txt.utf-8,verified,verified_allowed_with_project_gutenberg_terms,verified public domain. Source reviewed from https://www.gutenberg.org/ebooks/34994.,"Prayer reading for personal devotion, church prayer, and teaching application.",data/library/verified/morning-and-evening-prayers-for-all-days-of-the-week-together-with-confessional-communion-and-other-prayers-an.txt,24669,2.7,morning and evening prayers for all days of the week together with confessional communion and other prayers and hymns for mornings and evenings and other occasions|johann habermann and emil h rausch,1
739,Tier 4 - useful supporting resource,Christian Book,1060,Prayers of the Early Church,Various,2015,Prayer,Prayer,https://www.gutenberg.org/ebooks/48247,https://www.gutenberg.org/ebooks/48247.txt.utf-8,verified,verified_allowed_with_project_gutenberg_terms,Verified. Source reviewed from https://www.gutenberg.org/ebooks/48247.,Public-domain historical prayer resource.,data/library/verified/prayers-of-the-early-church-various.txt,16917,1.9,prayers of the early church|various,1
740,Tier 4 - useful supporting resource,Christian Book,1060,Prayers of the Middle Ages: Light from a Thousand Years,J. Manning 1895- Potts,2015,Prayer,Prayer Classics,https://www.gutenberg.org/ebooks/48242,https://www.gutenberg.org/ebooks/48242.txt.utf-8,verified,verified_allowed_with_project_gutenberg_terms,verified public domain. Source reviewed from https://www.gutenberg.org/ebooks/48242.,"Prayer reading for personal devotion, church prayer, and teaching application.",data/library/verified/prayers-of-the-middle-ages-light-from-a-thousand-years-j-manning-1895-potts.txt,15282,1.7,prayers of the middle ages light from a thousand years|j manning 1895 potts,1
741,Tier 4 - useful supporting resource,Christian Book,1060,The Bloudy Tenent of Persecution,Roger Williams,2021,Baptist History,Baptist History,https://www.gutenberg.org/ebooks/65739,https://www.gutenberg.org/ebooks/65739.txt.utf-8,verified,verified_allowed_with_project_gutenberg_terms,Verified. Source reviewed from https://www.gutenberg.org/ebooks/65739.,Public-domain Baptist/religious liberty history.,data/library/verified/the-bloudy-tenent-of-persecution-roger-williams.txt,157154,17.5,the bloudy tenent of persecution|roger williams,1
742,Tier 4 - useful supporting resource,Christian Book,1060,The Development of Religious Liberty in Connecticut,M. Louise Greene,2005,Baptist History,Baptist History & Religious Liberty,https://www.gutenberg.org/ebooks/7436,https://www.gutenberg.org/ebooks/7436.txt.utf-8,verified,verified_allowed_with_project_gutenberg_terms,verified public domain. Source reviewed from https://www.gutenberg.org/ebooks/7436.,Public-domain religious-liberty history resource useful for Baptist history context.,data/library/verified/the-development-of-religious-liberty-in-connecticut-m-louise-greene.txt,122119,13.6,the development of religious liberty in connecticut|m louise greene,1
743,Tier 4 - useful supporting resource,Christian Book,1060,The Double Search: Studies in Atonement and Prayer,Rufus M. Jones,2020,Prayer,Prayer Classics,https://www.gutenberg.org/ebooks/61771,https://www.gutenberg.org/ebooks/61771.txt.utf-8,verified,verified_allowed_with_project_gutenberg_terms,verified public domain. Source reviewed from https://www.gutenberg.org/ebooks/61771.,"Prayer reading for personal devotion, church prayer, and teaching application.",data/library/verified/the-double-search-studies-in-atonement-and-prayer-rufus-m-jones.txt,15642,1.7,the double search studies in atonement and prayer|rufus m jones,1
744,Tier 4 - useful supporting resource,Christian Book,1060,The Footprints of the Jesuits,Richard W. Thompson,2020,Baptist History,Church History & Discernment,https://www.gutenberg.org/ebooks/61731,https://www.gutenberg.org/ebooks/61731.txt.utf-8,verified,verified_allowed_with_project_gutenberg_terms,verified public domain. Source reviewed from https://www.gutenberg.org/ebooks/61731.,Public-domain historical resource on Jesuit influence; use with source and perspective notes.,data/library/verified/the-footprints-of-the-jesuits-richard-w-thompson.txt,170685,19.0,the footprints of the jesuits|richard w thompson,1
745,Tier 4 - useful supporting resource,Christian Book,1060,The Nature of a Gospel Church A Confession of Evangelical Principles; and the Members' Covenant. Intended for the Use of the Church of Christ.,J. ? Church,2018,Baptist History,Baptist History,https://www.gutenberg.org/ebooks/58014,https://www.gutenberg.org/ebooks/58014.txt.utf-8,verified,verified_allowed_with_project_gutenberg_terms,verified public domain. Source reviewed from https://www.gutenberg.org/ebooks/58014.,Baptist history or Baptist theology resource for historical study and teaching illustrations.,data/library/verified/the-nature-of-a-gospel-church-a-confession-of-evangelical-principles-and-the-members-covenant-intended-for-the.txt,6159,0.7,the nature of a gospel church a confession of evangelical principles and the members covenant intended for the use of the church of christ|j church,1
746,Tier 4 - useful supporting resource,Christian Book,1060,The Prayers of St. Paul,W. H. Griffith Thomas,2009,Prayer,Prayer Classics,https://www.gutenberg.org/ebooks/30389,https://www.gutenberg.org/ebooks/30389.txt.utf-8,verified,verified_allowed_with_project_gutenberg_terms,verified public domain. Source reviewed from https://www.gutenberg.org/ebooks/30389.,"Prayer reading for personal devotion, church prayer, and teaching application.",data/library/verified/the-prayers-of-st-paul-w-h-griffith-thomas.txt,21481,2.4,the prayers of st paul|w h griffith thomas,1
747,Tier 4 - useful supporting resource,Bible Study Reference,1060,The Welsh revival [microform],G. Campbell Morgan,1905,Bible study helps,G. Campbell Morgan Collection,https://archive.org/download/MN41536ucmf_1/MN41536ucmf_1_djvu.txt,https://archive.org/download/MN41536ucmf_1/MN41536ucmf_1_djvu.txt,verified,verified_allowed_public_domain,verified public domain. Source reviewed from https://archive.org/download/MN41536ucmf_1/MN41536ucmf_1_djvu.txt.,G. Campbell Morgan public-domain-era Bible study or preaching resource for exposition and teaching preparation.,data/library/verified/the-welsh-revival-microform-g-campbell-morgan.txt,27087,3.0,the welsh revival microform|g campbell morgan,1
748,Tier 4 - useful supporting resource,Christian Book,1060,"The Works of John Knox, Volume 1 (of 6)","Knox, John; Laing, David",2007,Baptist History,Baptist History,https://www.gutenberg.org/ebooks/21938,https://www.gutenberg.org/ebooks/21938.txt.utf-8,verified,verified_allowed_with_project_gutenberg_terms,verified public domain. Source reviewed from https://www.gutenberg.org/ebooks/21938.,Church history and Baptist-history-adjacent resource for historical background and discernment.,data/library/verified/the-works-of-john-knox-volume-1-of-6-knox-john-laing-david.txt,226055,25.1,the works of john knox|knox john laing david,1
749,Tier 4 - useful supporting resource,Bible Study Reference,1060,Wherin have we robbed God? : Malachi's message to the men of today,G. Campbell Morgan,1898,Bible study helps,G. Campbell Morgan Collection,https://archive.org/download/wherinhavewerobb00morg/wherinhavewerobb00morg_djvu.txt,https://archive.org/download/wherinhavewerobb00morg/wherinhavewerobb00morg_djvu.txt,verified,verified_allowed_public_domain,verified public domain. Source reviewed from https://archive.org/download/wherinhavewerobb00morg/wherinhavewerobb00morg_djvu.txt.,G. Campbell Morgan public-domain-era Bible study or preaching resource for exposition and teaching preparation.,data/library/verified/wherin-have-we-robbed-god-malachi-s-message-to-the-men-of-today-g-campbell-morgan.txt,27295,3.0,wherin have we robbed god malachi s message to the men of today|g campbell morgan,1
750,Tier 4 - useful supporting resource,Christian Book,1055,"""They're a multitoode"" and other stories","Stephenson, F. C. (Frederick Clarke)",2025,Missions,Missions Biographies,https://www.gutenberg.org/ebooks/75460,https://www.gutenberg.org/ebooks/75460.txt.utf-8,verified,verified_allowed_with_project_gutenberg_terms,verified public domain. Source reviewed from https://www.gutenberg.org/ebooks/75460.,"Missions biography and history for examples, burden, and prayer.",data/library/verified/they-re-a-multitoode-and-other-stories-stephenson-f-c-frederick-clarke.txt,23118,2.6,they re a multitoode and other stories|stephenson f c frederick clarke,1
751,Tier 4 - useful supporting resource,Christian Book,1055,An Apology for the True Christian Divinity Being an explanation and vindication of the principles and doctrines of the people called Quakers,"Barclay, Robert",2018,Missions,Missions Biographies,https://www.gutenberg.org/ebooks/56487,https://www.gutenberg.org/ebooks/56487.txt.utf-8,verified,verified_allowed_with_project_gutenberg_terms,verified public domain. Source reviewed from https://www.gutenberg.org/ebooks/56487.,"Missions biography and history for examples, burden, and prayer.",data/library/verified/an-apology-for-the-true-christian-divinity-being-an-explanation-and-vindication-of-the-principles-and-doctrine.txt,218692,24.3,an apology for the true christian divinity being an explanation and vindication of the principles and doctrines of the people called quakers|barclay robert,1
752,Tier 4 - useful supporting resource,Christian Book,1055,Daughters of the Cross: or Woman's Mission,Daniel C. Eddy,2005,Missions,Missions Biographies,https://www.gutenberg.org/ebooks/8579,https://www.gutenberg.org/ebooks/8579.txt.utf-8,verified,verified_allowed_with_project_gutenberg_terms,verified public domain. Source reviewed from https://www.gutenberg.org/ebooks/8579.,"Missions biography and history for examples, context, and burden for evangelism and prayer.",data/library/verified/daughters-of-the-cross-or-woman-s-mission-daniel-c-eddy.txt,56303,6.3,daughters of the cross or woman s mission|daniel c eddy,1
753,Tier 4 - useful supporting resource,Christian Book,1055,"George Müller of Bristol, and His Witness to a Prayer-Hearing God",A. T. Pierson,1899,Biographies,Biographies,https://www.gutenberg.org/ebooks/26522,https://www.gutenberg.org/ebooks/26522.txt.utf-8,verified,verified_allowed_with_project_gutenberg_terms,Project Gutenberg catalog page reports public domain in the USA. Retain source/license notes for redistributed Project Gutenberg files.,"Prayer teaching, missionary biography, and ministry encouragement.",data/library/verified/george-m-ller-of-bristol-and-his-witness-to-a-prayer-hearing-god.txt,139924,15.5,george mu ller of bristol and his witness to a prayer hearing god|a t pierson,1
754,Tier 4 - useful supporting resource,Christian Book,1055,Gleanings among the Sheaves,C. H. Spurgeon,1868,Christian life,Christian life,https://www.gutenberg.org/ebooks/42657,https://www.gutenberg.org/ebooks/42657.txt.utf-8,verified,verified_allowed_with_project_gutenberg_terms,Project Gutenberg catalog page reports public domain in the USA. Retain source/license notes for redistributed Project Gutenberg files.,Christian classic or devotional resource for careful reading and practical application.,data/library/verified/gleanings-among-the-sheaves.txt,38639,4.3,gleanings among the sheaves|c h spurgeon,1
755,Tier 4 - useful supporting resource,Christian Book,1055,Home Missions in Action,Edith H. Allen,2005,Missions,Missions Biographies,https://www.gutenberg.org/ebooks/8427,https://www.gutenberg.org/ebooks/8427.txt.utf-8,verified,verified_allowed_with_project_gutenberg_terms,verified public domain. Source reviewed from https://www.gutenberg.org/ebooks/8427.,"Missions biography and history for examples, context, and burden for evangelism and prayer.",data/library/verified/home-missions-in-action-edith-h-allen.txt,32976,3.7,home missions in action|edith h allen,1
756,Tier 4 - useful supporting resource,Christian Book,1055,How to Pray,R. A. Torrey,1900,Prayer,Torrey Collection,https://archive.org/download/howtopray00torr/howtopray00torr_djvu.txt,https://archive.org/download/howtopray00torr/howtopray00torr_djvu.txt,verified,verified_allowed_public_domain,verified public domain. Source reviewed from https://archive.org/download/howtopray00torr/howtopray00torr_djvu.txt.,Torrey practical prayer resource for devotional reading and prayer teaching. OCR text should be spot-checked before quotation or public teaching use.,data/library/verified/how-to-pray-r-a-torrey.txt,25944,2.9,how to pray|r a torrey,1
757,Tier 4 - useful supporting resource,Christian Book,1055,"India's Problem, Krishna or Christ",John P. Jones,2008,Missions,Missions Biographies,https://www.gutenberg.org/ebooks/27270,https://www.gutenberg.org/ebooks/27270.txt.utf-8,verified,verified_allowed_with_project_gutenberg_terms,verified public domain. Source reviewed from https://www.gutenberg.org/ebooks/27270.,"Missions biography and history for examples, context, and burden for evangelism and prayer.",data/library/verified/india-s-problem-krishna-or-christ-john-p-jones.txt,96322,10.7,india s problem krishna or christ|john p jones,1
758,Tier 4 - useful supporting resource,Christian Book,1055,"J C Ryle, ""Simplicity In Preaching""","Ryle, J. C. (John Charles), 1816-1900",1882,Christian Living,Ryle Collection,https://archive.org/download/ryle-simplicity-in-preaching/Ryle%2C%20Simplicity%20in%20Preaching_djvu.txt,https://archive.org/download/ryle-simplicity-in-preaching/Ryle%2C%20Simplicity%20in%20Preaching_djvu.txt,verified,verified_allowed_public_domain,verified public domain. Source reviewed from https://archive.org/download/ryle-simplicity-in-preaching/Ryle%2C%20Simplicity%20in%20Preaching_djvu.txt.,"J. C. Ryle practical Christian resource for discipleship, teaching, and devotional reading. OCR text should be spot-checked before quotation.",data/library/verified/j-c-ryle-simplicity-in-preaching-ryle-j-c-john-charles-1816-1900.txt,6853,0.8,j c ryle simplicity in preaching|ryle j c john charles 1816 1900,1
759,Tier 4 - useful supporting resource,Christian Book,1055,Let us draw nigh : the way to a life abiding continually in the secret of God's presence : meditations on Hebrews x: 19-25,Andrew Murray,2026,Prayer,Andrew Murray Collection,https://archive.org/download/letusdrawnighway00murr/letusdrawnighway00murr_djvu.txt,https://archive.org/download/letusdrawnighway00murr/letusdrawnighway00murr_djvu.txt,verified,verified_allowed_public_domain,verified public domain. Source reviewed from https://archive.org/download/letusdrawnighway00murr/letusdrawnighway00murr_djvu.txt.,Andrew Murray public-domain prayer or devotional resource for prayer study and Christian living.,data/library/verified/let-us-draw-nigh-the-way-to-a-life-abiding-continually-in-the-secret-of-god-s-presence-meditations-on-hebrews-.txt,20537,2.3,let us draw nigh the way to a life abiding continually in the secret of god s presence meditations on hebrews x|andrew murray,1
760,Tier 4 - useful supporting resource,Christian Book,1055,Metlakahtla and the North Pacific Mission of the Church Missionary Society,"Stock, Eugene",2004,Missions,Missions,https://www.gutenberg.org/ebooks/6976,https://www.gutenberg.org/ebooks/6976.txt.utf-8,verified,verified_allowed_with_project_gutenberg_terms,Project Gutenberg catalog/metadata source indicates public-domain availability in the USA. Retain source/license notes for redistributed Project Gutenberg files.,"Missions or biography resource for prayer burden, historical context, and teaching examples.",data/library/verified/metlakahtla-and-the-north-pacific-mission-of-the-church-missionary-society.txt,54353,6.0,metlakahtla and the north pacific mission of the church missionary society|stock eugene,1
761,Tier 4 - useful supporting resource,Christian Book,1055,"Peeps Into China; Or, The Missionary's Children","Phillips, E. C. (Edith Caroline)",2010,Missions,Missions Biographies,https://www.gutenberg.org/ebooks/34199,https://www.gutenberg.org/ebooks/34199.txt.utf-8,verified,verified_allowed_with_project_gutenberg_terms,verified public domain. Source reviewed from https://www.gutenberg.org/ebooks/34199.,"Missions biography and history for examples, burden, and prayer.",data/library/verified/peeps-into-china-or-the-missionary-s-children-phillips-e-c-edith-caroline.txt,36488,4.1,peeps into china or the missionary s children|phillips e c edith caroline,1
762,Tier 4 - useful supporting resource,Christian Book,1055,"Robert Moffat, the Missionary Hero of Kuruman",David J. Deane,2005,Missions,Missions,https://www.gutenberg.org/ebooks/15379,https://www.gutenberg.org/ebooks/15379.txt.utf-8,verified,verified_allowed_with_project_gutenberg_terms,Verified. Source reviewed from https://www.gutenberg.org/ebooks/15379.,Public-domain missionary biography.,data/library/verified/robert-moffat-the-missionary-hero-of-kuruman-david-j-deane.txt,39958,4.4,robert moffat the missionary hero of kuruman|david j deane,1
763,Tier 4 - useful supporting resource,Christian Book,1055,"Simplicity in preaching, a few short hints",John Charles Ryle,2026,Christian Living,Ryle Collection,https://archive.org/download/simplicityinpre00rylegoog/simplicityinpre00rylegoog_djvu.txt,https://archive.org/download/simplicityinpre00rylegoog/simplicityinpre00rylegoog_djvu.txt,verified,verified_allowed_public_domain,verified public domain. Source reviewed from https://archive.org/download/simplicityinpre00rylegoog/simplicityinpre00rylegoog_djvu.txt.,"J. C. Ryle practical Christian resource for discipleship, teaching, and devotional reading. OCR text should be spot-checked before quotation.",data/library/verified/simplicity-in-preaching-a-few-short-hints-john-charles-ryle.txt,8479,0.9,simplicity in preaching a few short hints|john charles ryle,1
764,Tier 4 - useful supporting resource,Christian Book,1055,Ten Years of Missionary Work Among the Indians at Skokomish,Myron Eells,2017,Missions,Missions,https://www.gutenberg.org/ebooks/56100,https://www.gutenberg.org/ebooks/56100.txt.utf-8,verified,verified_allowed_with_project_gutenberg_terms,Verified. Source reviewed from https://www.gutenberg.org/ebooks/56100.,Public-domain missionary history.,data/library/verified/ten-years-of-missionary-work-among-the-indians-at-skokomish-myron-eells.txt,51881,5.8,ten years of missionary work among the indians at skokomish|myron eells,1
765,Tier 4 - useful supporting resource,Christian Book,1055,"The American Missionary — Volume 32, No. 12, December, 1878",Various,2017,Missions,Missions Biographies,https://www.gutenberg.org/ebooks/54792,https://www.gutenberg.org/ebooks/54792.txt.utf-8,verified,verified_allowed_with_project_gutenberg_terms,verified public domain. Source reviewed from https://www.gutenberg.org/ebooks/54792.,"Missions biography and history for examples, burden, and prayer.",data/library/verified/the-american-missionary-volume-32-no-12-december-1878-various.txt,33682,3.7,the american missionary no december|various,9
766,Tier 4 - useful supporting resource,Christian Book,1055,"The American Missionary — Volume 33, No. 12, December 1879",Various,2017,Missions,Missions Biographies,https://www.gutenberg.org/ebooks/54131,https://www.gutenberg.org/ebooks/54131.txt.utf-8,verified,verified_allowed_with_project_gutenberg_terms,verified public domain. Source reviewed from https://www.gutenberg.org/ebooks/54131.,"Missions biography and history for examples, burden, and prayer.",data/library/verified/the-american-missionary-volume-33-no-12-december-1879-various.txt,43347,4.8,the american missionary no december|various,9
767,Tier 4 - useful supporting resource,Christian Book,1055,"The American Missionary — Volume 35, No. 12, December, 1881",Various,2018,Missions,Missions Biographies,https://www.gutenberg.org/ebooks/56341,https://www.gutenberg.org/ebooks/56341.txt.utf-8,verified,verified_allowed_with_project_gutenberg_terms,verified public domain. Source reviewed from https://www.gutenberg.org/ebooks/56341.,"Missions biography and history for examples, burden, and prayer.",data/library/verified/the-american-missionary-volume-35-no-12-december-1881-various.txt,42262,4.7,the american missionary no december|various,9
768,Tier 4 - useful supporting resource,Christian Book,1055,"The American Missionary — Volume 36, No. 12, December, 1882",Various,2018,Missions,Missions Biographies,https://www.gutenberg.org/ebooks/58128,https://www.gutenberg.org/ebooks/58128.txt.utf-8,verified,verified_allowed_with_project_gutenberg_terms,verified public domain. Source reviewed from https://www.gutenberg.org/ebooks/58128.,"Missions biography and history for examples, burden, and prayer.",data/library/verified/the-american-missionary-volume-36-no-12-december-1882-various.txt,42829,4.8,the american missionary no december|various,9
769,Tier 4 - useful supporting resource,Christian Book,1055,"The American Missionary — Volume 37, No. 12, December, 1883",Various,2020,Missions,Missions Biographies,https://www.gutenberg.org/ebooks/63146,https://www.gutenberg.org/ebooks/63146.txt.utf-8,verified,verified_allowed_with_project_gutenberg_terms,verified public domain. Source reviewed from https://www.gutenberg.org/ebooks/63146.,"Missions biography and history for examples, burden, and prayer.",data/library/verified/the-american-missionary-volume-37-no-12-december-1883-various.txt,42944,4.8,the american missionary no december|various,9
770,Tier 4 - useful supporting resource,Christian Book,1055,"The American Missionary — Volume 41, No. 12, December, 1887",Various,2018,Missions,Missions Biographies,https://www.gutenberg.org/ebooks/57300,https://www.gutenberg.org/ebooks/57300.txt.utf-8,verified,verified_allowed_with_project_gutenberg_terms,verified public domain. Source reviewed from https://www.gutenberg.org/ebooks/57300.,"Missions biography and history for examples, burden, and prayer.",data/library/verified/the-american-missionary-volume-41-no-12-december-1887-various.txt,34333,3.8,the american missionary no december|various,9
771,Tier 4 - useful supporting resource,Christian Book,1055,"The American Missionary — Volume 42, No. 12, December, 1888",Various,2004,Missions,Missions Periodicals,https://www.gutenberg.org/ebooks/14383,https://www.gutenberg.org/ebooks/14383.txt.utf-8,verified,verified_allowed_with_project_gutenberg_terms,verified public domain. Source reviewed from https://www.gutenberg.org/ebooks/14383.,"Historical missions periodical for background, illustrations, and missions burden; use selectively.",data/library/verified/the-american-missionary-volume-42-no-12-december-1888-various.txt,36146,4.0,the american missionary no december|various,9
772,Tier 4 - useful supporting resource,Christian Book,1055,"The American Missionary — Volume 43, No. 12, December, 1889",Various,2005,Missions,Missions Periodicals,https://www.gutenberg.org/ebooks/16172,https://www.gutenberg.org/ebooks/16172.txt.utf-8,verified,verified_allowed_with_project_gutenberg_terms,verified public domain. Source reviewed from https://www.gutenberg.org/ebooks/16172.,"Historical missions periodical for background, illustrations, and missions burden; use selectively.",data/library/verified/the-american-missionary-volume-43-no-12-december-1889-various.txt,43454,4.8,the american missionary no december|various,9
773,Tier 4 - useful supporting resource,Christian Book,1055,"The American Missionary — Volume 52, No. 01, March, 1898",Various,2008,Missions,Missions Periodicals,https://www.gutenberg.org/ebooks/25782,https://www.gutenberg.org/ebooks/25782.txt.utf-8,verified,verified_allowed_with_project_gutenberg_terms,verified public domain. Source reviewed from https://www.gutenberg.org/ebooks/25782.,"Historical missions periodical for background, illustrations, and missions burden; use selectively.",data/library/verified/the-american-missionary-volume-52-no-01-march-1898-various.txt,31234,3.5,the american missionary no march|various,13
774,Tier 4 - useful supporting resource,Christian Book,1055,"The American Missionary, Volume 34, No. 11, November 1880",Various,2017,Missions,Missions Periodicals,https://www.gutenberg.org/ebooks/55008,https://www.gutenberg.org/ebooks/55008.txt.utf-8,verified,verified_allowed_with_project_gutenberg_terms,verified public domain. Source reviewed from https://www.gutenberg.org/ebooks/55008.,"Historical missions periodical for background, illustrations, and missions burden; use selectively.",data/library/verified/the-american-missionary-volume-34-no-11-november-1880-various.txt,42353,4.7,the american missionary no november|various,10
775,Tier 4 - useful supporting resource,Christian Book,1055,The Baptism with the Holy Spirit,R. A. Torrey,1895,Christian Living,Torrey Collection,https://archive.org/download/baptismwithholys00torr/baptismwithholys00torr_djvu.txt,https://archive.org/download/baptismwithholys00torr/baptismwithholys00torr_djvu.txt,verified,verified_allowed_public_domain,verified public domain. Source reviewed from https://archive.org/download/baptismwithholys00torr/baptismwithholys00torr_djvu.txt.,Torrey doctrinal and practical teaching on the Holy Spirit for Bible study and teaching preparation. OCR text should be spot-checked before quotation or public teaching use.,data/library/verified/the-baptism-with-the-holy-spirit-r-a-torrey.txt,16868,1.9,the baptism with the holy spirit|r a torrey,1
776,Tier 4 - useful supporting resource,Christian Book,1055,The Gospel Ministry: Duty and Privilege of Supporting It....,J. A. Wylie,2026,Baptist History,Church History,https://archive.org/download/gospelministryd00wyligoog/gospelministryd00wyligoog_djvu.txt,https://archive.org/download/gospelministryd00wyligoog/gospelministryd00wyligoog_djvu.txt,verified,verified_allowed_public_domain,verified public domain. Source reviewed from https://archive.org/download/gospelministryd00wyligoog/gospelministryd00wyligoog_djvu.txt.,"Public-domain church history resource for historical study, with perspective labels.",data/library/verified/the-gospel-ministry-duty-and-privilege-of-supporting-it-j-a-wylie.txt,52697,5.9,the gospel ministry duty and privilege of supporting it|j a wylie,1
777,Tier 4 - useful supporting resource,Christian Book,1055,The Jerusalem Sinner Saved,John Bunyan,1688,Evangelism,Evangelism,https://www.gutenberg.org/ebooks/3270,https://www.gutenberg.org/ebooks/3270.txt.utf-8,verified,verified_allowed_with_project_gutenberg_terms,Project Gutenberg catalog page reports public domain in the USA. Retain source/license notes for redistributed Project Gutenberg files.,"Evangelism, Gospel invitations, and encouragement for seekers.",data/library/verified/the-jerusalem-sinner-saved.txt,38498,4.3,the jerusalem sinner saved|john bunyan,1
778,Tier 4 - useful supporting resource,Christian Book,1055,"The Man with the Book; or, The Bible Among the People.","Weylland, John Matthias",2011,Missions,Missions,https://www.gutenberg.org/ebooks/38330,https://www.gutenberg.org/ebooks/38330.txt.utf-8,verified,verified_allowed_with_project_gutenberg_terms,verified public domain. Source reviewed from https://www.gutenberg.org/ebooks/38330.,"Missions, evangelism, or missionary biography for prayer burden and teaching examples.",data/library/verified/the-man-with-the-book-or-the-bible-among-the-people-weylland-john-matthias.txt,81148,9.0,the man with the book or the bible among the people|weylland john matthias,1
779,Tier 4 - useful supporting resource,Christian Book,1055,"The school of obedience : addresses at the student's convention at Stellenbosch, 28th to 31st July 1898",Andrew Murray,2026,Prayer,Andrew Murray Collection,https://archive.org/download/schoolofobedienc00murr/schoolofobedienc00murr_djvu.txt,https://archive.org/download/schoolofobedienc00murr/schoolofobedienc00murr_djvu.txt,verified,verified_allowed_public_domain,verified public domain. Source reviewed from https://archive.org/download/schoolofobedienc00murr/schoolofobedienc00murr_djvu.txt.,Andrew Murray public-domain prayer or devotional resource for prayer study and Christian living.,data/library/verified/the-school-of-obedience-addresses-at-the-student-s-convention-at-stellenbosch-28th-to-31st-july-1898-andrew-mu.txt,27796,3.1,the school of obedience addresses at the student s convention at stellenbosch 28th to 31st july|andrew murray,1
780,Tier 4 - useful supporting resource,Christian Book,1055,The Soul-Winner,C. H. Spurgeon,1895,Evangelism,Spurgeon Collection,https://archive.org/download/soulwinnerorhowt00spur/soulwinnerorhowt00spur_djvu.txt,https://archive.org/download/soulwinnerorhowt00spur/soulwinnerorhowt00spur_djvu.txt,verified,verified_allowed_public_domain,Internet Archive item soulwinnerorhowt00spur lists public-domain or NOT_IN_COPYRIGHT status. Direct IA OCR text imported for beta reading with use-with-discernment and OCR spot-check labels.,"Evangelism and personal witness resource for preaching, teaching, and outreach training.",data/library/verified/the-soul-winner-c-h-spurgeon.txt,95202,10.6,the soul winner|c h spurgeon,1
781,Tier 4 - useful supporting resource,Christian Book,1055,The true vine; meditations for a month on John XV: 1-16 ..,Andrew Murray,1898,Prayer,Andrew Murray Collection,https://archive.org/download/truevinemeditati00murr/truevinemeditati00murr_djvu.txt,https://archive.org/download/truevinemeditati00murr/truevinemeditati00murr_djvu.txt,verified,verified_allowed_public_domain,verified public domain. Source reviewed from https://archive.org/download/truevinemeditati00murr/truevinemeditati00murr_djvu.txt.,Andrew Murray public-domain prayer or devotional resource for prayer study and Christian living.,data/library/verified/the-true-vine-meditations-for-a-month-on-john-xv-1-16-andrew-murray.txt,23560,2.6,the true vine meditations for a month on john xv|andrew murray,1
782,Tier 4 - useful supporting resource,Christian Book,1055,Thoughts on Missions,Sheldon Dibble,2008,Missions,Missions Biographies,https://www.gutenberg.org/ebooks/26062,https://www.gutenberg.org/ebooks/26062.txt.utf-8,verified,verified_allowed_with_project_gutenberg_terms,verified public domain. Source reviewed from https://www.gutenberg.org/ebooks/26062.,"Missions biography and history for examples, context, and burden for evangelism and prayer.",data/library/verified/thoughts-on-missions-sheldon-dibble.txt,44627,5.0,thoughts on missions|sheldon dibble,1
783,Tier 4 - useful supporting resource,Christian Book,1055,Through lands that were dark Being a record of a year's missionary journey in Africa and Madagascar,"Hawkins, F. H.",2023,Missions,Missions Biographies,https://www.gutenberg.org/ebooks/69906,https://www.gutenberg.org/ebooks/69906.txt.utf-8,verified,verified_allowed_with_project_gutenberg_terms,verified public domain. Source reviewed from https://www.gutenberg.org/ebooks/69906.,"Missions biography and history for examples, burden, and prayer.",data/library/verified/through-lands-that-were-dark-being-a-record-of-a-year-s-missionary-journey-in-africa-and-madagascar-hawkins-f-.txt,38248,4.2,through lands that were dark being a record of a year s missionary journey in africa and madagascar|hawkins f h,1
784,Tier 4 - useful supporting resource,Christian Book,1050,"""Bear ye one another's burdens."" A Plain Sermon on the Lancashire Distress","Cowan, James Galloway",2021,Preaching & Teaching,Preaching & Teaching,https://www.gutenberg.org/ebooks/64735,https://www.gutenberg.org/ebooks/64735.txt.utf-8,verified,verified_allowed_with_project_gutenberg_terms,verified public domain. Source reviewed from https://www.gutenberg.org/ebooks/64735.,"Preaching and teaching help for illustrations, exposition, and lesson preparation.",data/library/verified/bear-ye-one-another-s-burdens-a-plain-sermon-on-the-lancashire-distress-cowan-james-galloway.txt,2309,0.3,bear ye one another s burdens a plain sermon on the lancashire distress|cowan james galloway,1
785,Tier 4 - useful supporting resource,Christian Book,1050,"""Hear Ye the Rod, and Who Hath Appointed It"": A Sermon for the Fast Day, October 7, 1857","Cowan, James Galloway",2021,Preaching & Teaching,Preaching & Teaching,https://www.gutenberg.org/ebooks/64742,https://www.gutenberg.org/ebooks/64742.txt.utf-8,verified,verified_allowed_with_project_gutenberg_terms,verified public domain. Source reviewed from https://www.gutenberg.org/ebooks/64742.,"Preaching and teaching help for illustrations, exposition, and lesson preparation.",data/library/verified/hear-ye-the-rod-and-who-hath-appointed-it-a-sermon-for-the-fast-day-october-7-1857-cowan-james-galloway.txt,4725,0.5,hear ye the rod and who hath appointed it a sermon for the fast day october|cowan james galloway,1
786,Tier 4 - useful supporting resource,Christian Book,1050,"A Sermon preached at St. George's Church, Bolton, on Sunday, 7th January, 1838 occasioned by the death of the Rev. William Thistlewaite","Slade, James",2021,Preaching & Teaching,Preaching & Teaching,https://www.gutenberg.org/ebooks/67032,https://www.gutenberg.org/ebooks/67032.txt.utf-8,verified,verified_allowed_with_project_gutenberg_terms,verified public domain. Source reviewed from https://www.gutenberg.org/ebooks/67032.,"Preaching and teaching help for illustrations, exposition, and lesson preparation.",data/library/verified/a-sermon-preached-at-st-george-s-church-bolton-on-sunday-7th-january-1838-occasioned-by-the-death-of-the-rev-w.txt,3664,0.4,a sermon preached at st george s church bolton on sunday 7th january occasioned by the death of the rev william thistlewaite|slade james,1
787,Tier 4 - useful supporting resource,Christian Book,1050,"A Sermon Preached in York Minister, on St. Bartholomew's Day, Friday, August 24, 1877: on the Occasion of the Consecration of the Right Rev. Rowley Hi","Hoare, Edward",2016,Preaching & Teaching,Preaching & Teaching,https://www.gutenberg.org/ebooks/52421,https://www.gutenberg.org/ebooks/52421.txt.utf-8,verified,verified_allowed_with_project_gutenberg_terms,verified public domain. Source reviewed from https://www.gutenberg.org/ebooks/52421.,"Preaching and teaching help for illustrations, exposition, and lesson preparation.",data/library/verified/a-sermon-preached-in-york-minister-on-st-bartholomew-s-day-friday-august-24-1877-on-the-occasion-of-the-consec.txt,3557,0.4,a sermon preached in york minister on st bartholomew s day friday august on the occasion of the consecration of the right rev rowley hi|hoare edward,1
788,Tier 4 - useful supporting resource,Christian Book,1050,Preacher and Prayer,Edward M. Bounds,1907,Preaching/teaching,Preaching/teaching,https://www.gutenberg.org/ebooks/63486,https://www.gutenberg.org/ebooks/63486.txt.utf-8,verified,verified_allowed_with_project_gutenberg_terms,Project Gutenberg catalog page reports public domain in the USA. Retain source/license notes for redistributed Project Gutenberg files.,"Preaching and teaching help for illustrations, exposition, and lesson preparation.",data/library/verified/preacher-and-prayer.txt,24370,2.7,preacher and prayer|edward m bounds,1
789,Tier 4 - useful supporting resource,Christian Book,1050,"Prospects of the Church of England: A sermon preached in the Parish Church of Doncaster, on Sunday evening, August 30, 1868, on the occasion of the fi","Vaughan, C. J. (Charles John)",2020,Preaching & Teaching,Preaching & Teaching,https://www.gutenberg.org/ebooks/63763,https://www.gutenberg.org/ebooks/63763.txt.utf-8,verified,verified_allowed_with_project_gutenberg_terms,verified public domain. Source reviewed from https://www.gutenberg.org/ebooks/63763.,"Preaching and teaching help for illustrations, exposition, and lesson preparation.",data/library/verified/prospects-of-the-church-of-england-a-sermon-preached-in-the-parish-church-of-doncaster-on-sunday-evening-augus.txt,4532,0.5,prospects of the church of england a sermon preached in the parish church of doncaster on sunday evening august on the occasion of the fi|vaughan c j charles john,1
790,Tier 4 - useful supporting resource,Christian Book,1050,The Cause and Cure of the Cattle Plague: A Plain Sermon,"Cowan, James Galloway",2021,Preaching & Teaching,Preaching & Teaching,https://www.gutenberg.org/ebooks/64734,https://www.gutenberg.org/ebooks/64734.txt.utf-8,verified,verified_allowed_with_project_gutenberg_terms,verified public domain. Source reviewed from https://www.gutenberg.org/ebooks/64734.,"Preaching and teaching help for illustrations, exposition, and lesson preparation.",data/library/verified/the-cause-and-cure-of-the-cattle-plague-a-plain-sermon-cowan-james-galloway.txt,2745,0.3,the cause and cure of the cattle plague a plain sermon|cowan james galloway,1
791,Tier 4 - useful supporting resource,Christian Book,1050,The Pilgrim's Progress by John Bunyan Every Child Can Read,"Bunyan, John; Hurlbut, Jesse Lyman",2012,Christian Living,Christian Living,https://www.gutenberg.org/ebooks/39452,https://www.gutenberg.org/ebooks/39452.txt.utf-8,verified,verified_allowed_with_project_gutenberg_terms,Project Gutenberg catalog/metadata source indicates public-domain availability in the USA. Retain source/license notes for redistributed Project Gutenberg files.,Christian classic or devotional resource for careful reading and practical application.,data/library/verified/the-pilgrim-s-progress-by-john-bunyan-every-child-can-read.txt,102958,11.4,the pilgrim s progress by john bunyan every child can read|bunyan john hurlbut jesse lyman,1
792,Tier 4 - useful supporting resource,Christian Book,1050,Works of John Bunyan — Complete,"Bunyan, John and Offor, George",2004,Christian Living,Bible Doctrine,https://www.gutenberg.org/ebooks/6049,https://www.gutenberg.org/ebooks/6049.txt.utf-8,verified,verified_allowed_with_project_gutenberg_terms,verified public domain. Source reviewed from https://www.gutenberg.org/ebooks/6049.,Christian living and theology resource for careful study and practical application.,data/library/verified/works-of-john-bunyan-complete-bunyan-john-and-offor-george.txt,2229400,247.7,works of john bunyan complete|bunyan john and offor george,1
793,Tier 4 - useful supporting resource,Christian Book,1050,Works of John Bunyan — Volume 01,"Bunyan, John and Offor, George",2004,Christian Living,Bible Doctrine,https://www.gutenberg.org/ebooks/6046,https://www.gutenberg.org/ebooks/6046.txt.utf-8,verified,verified_allowed_with_project_gutenberg_terms,verified public domain. Source reviewed from https://www.gutenberg.org/ebooks/6046.,Christian living and theology resource for careful study and practical application.,data/library/verified/works-of-john-bunyan-volume-01-bunyan-john-and-offor-george.txt,880528,97.8,works of john bunyan|bunyan john and offor george,1
794,Tier 4 - useful supporting resource,Christian Book,1050,Works of John Bunyan — Volume 03,"Bunyan, John",2004,Christian Living,Christian Living,https://www.gutenberg.org/ebooks/6048,https://www.gutenberg.org/ebooks/6048.txt.utf-8,verified,verified_allowed_with_project_gutenberg_terms,verified public domain. Source reviewed from https://www.gutenberg.org/ebooks/6048.,Public-domain Christian classic for devotional reading.,data/library/verified/works-of-john-bunyan-volume-03-bunyan-john.txt,603506,67.1,works of john bunyan|bunyan john,1
795,Tier 4 - useful supporting resource,Christian Book,1045,Brazilian Sketches,"Ray, T. B. (T. Bronson)",2003,Baptist History,Baptist History,https://www.gutenberg.org/ebooks/4283,https://www.gutenberg.org/ebooks/4283.txt.utf-8,verified,verified_allowed_with_project_gutenberg_terms,Project Gutenberg catalog/metadata source indicates public-domain availability in the USA. Retain source/license notes for redistributed Project Gutenberg files.,"Baptist history resource for church heritage, doctrine, and historical context.",data/library/verified/brazilian-sketches.txt,35797,4.0,brazilian sketches|ray t b t bronson,1
796,Tier 4 - useful supporting resource,Christian Book,1040,"Aunt Harding's Keepsakes: Or, The Two Bibles",Anonymous,2004,Preaching & Teaching,Preaching & Teaching,https://www.gutenberg.org/ebooks/11148,https://www.gutenberg.org/ebooks/11148.txt.utf-8,verified,verified_allowed_with_project_gutenberg_terms,verified public domain. Source reviewed from https://www.gutenberg.org/ebooks/11148.,"Preaching and teaching help for illustrations, exposition, and lesson preparation.",data/library/verified/aunt-harding-s-keepsakes-or-the-two-bibles-anonymous.txt,7922,0.9,aunt harding s keepsakes or the two bibles|anonymous,1
797,Tier 4 - useful supporting resource,Christian Book,1040,Bible inspiration: its reality and nature,John Charles Ryle,2026,Christian Living,Ryle Collection,https://archive.org/download/bibleinspiratio00rylegoog/bibleinspiratio00rylegoog_djvu.txt,https://archive.org/download/bibleinspiratio00rylegoog/bibleinspiratio00rylegoog_djvu.txt,verified,verified_allowed_public_domain,verified public domain. Source reviewed from https://archive.org/download/bibleinspiratio00rylegoog/bibleinspiratio00rylegoog_djvu.txt.,"J. C. Ryle practical Christian resource for discipleship, teaching, and devotional reading. OCR text should be spot-checked before quotation.",data/library/verified/bible-inspiration-its-reality-and-nature-john-charles-ryle.txt,16863,1.9,bible inspiration its reality and nature|john charles ryle,1
798,Tier 4 - useful supporting resource,Christian Book,1040,"Grace abounding to the chief of sinners, in a faithful account of the life and death of John Bunyan; or, A brief relation of the exceeding mercy of God in Christ to him. Thoroughly rev. by the 8th ed",John Bunyan,2026,Classics,John Bunyan Collection,https://archive.org/download/graceaboundingto00bunyuoft/graceaboundingto00bunyuoft_djvu.txt,https://archive.org/download/graceaboundingto00bunyuoft/graceaboundingto00bunyuoft_djvu.txt,verified,verified_allowed_public_domain,verified public domain. Source reviewed from https://archive.org/download/graceaboundingto00bunyuoft/graceaboundingto00bunyuoft_djvu.txt.,John Bunyan public-domain Christian classic for devotional reading and historical value.,data/library/verified/grace-abounding-to-the-chief-of-sinners-in-a-faithful-account-of-the-life-and-death-of-john-bunyan-or-a-brief-.txt,65060,7.2,grace abounding to the chief of sinners in a faithful account of the life and death of john bunyan or a brief relation of the exceeding mercy of god in christ to him thoroughly rev by the 8th ed|john bunyan,1
799,Tier 4 - useful supporting resource,Christian Book,1040,On Mule Back Thru Central America with the Gospel,"Crawford, Mattie",2018,Missions,Missions,https://www.gutenberg.org/ebooks/57432,https://www.gutenberg.org/ebooks/57432.txt.utf-8,verified,verified_allowed_with_project_gutenberg_terms,verified public domain. Source reviewed from https://www.gutenberg.org/ebooks/57432.,Missions account for prayer burden and teaching examples.,data/library/verified/on-mule-back-thru-central-america-with-the-gospel-crawford-mattie.txt,33097,3.7,on mule back thru central america with the gospel|crawford mattie,1
800,Tier 4 - useful supporting resource,Christian Book,1040,"Oowikapun, or, How the Gospel reached the Nelson River Indians","Young, Egerton Ryerson",2007,Missions,Missions,https://www.gutenberg.org/ebooks/23261,https://www.gutenberg.org/ebooks/23261.txt.utf-8,verified,verified_allowed_with_project_gutenberg_terms,verified public domain. Source reviewed from https://www.gutenberg.org/ebooks/23261.,"Missions account for prayer burden, missionary biography, and teaching examples.",data/library/verified/oowikapun-or-how-the-gospel-reached-the-nelson-river-indians-young-egerton-ryerson.txt,40138,4.5,oowikapun or how the gospel reached the nelson river indians|young egerton ryerson,1
801,Tier 4 - useful supporting resource,Christian Book,1040,Sunday-School Success,Amos R. Wells,2011,Preaching & Teaching,Sunday School & Teaching Helps,https://www.gutenberg.org/ebooks/38346,https://www.gutenberg.org/ebooks/38346.txt.utf-8,verified,verified_allowed_with_project_gutenberg_terms,verified public domain. Source reviewed from https://www.gutenberg.org/ebooks/38346.,Practical public-domain Sunday School teaching help for lesson preparation and class leadership.,data/library/verified/sunday-school-success-amos-r-wells.txt,67542,7.5,sunday school success|amos r wells,1
802,Tier 4 - useful supporting resource,Christian Book,1040,"The Bible looking glass : reflector, companion and guide to the great truths of the Sacred Scriptures, and illustrating the diversities of human character, and the qualities of the human heart : consisting of six books in two parts : profusely illustrated ...",John Bunyan,1846,Classics,John Bunyan Collection,https://archive.org/download/biblelookingglas00barb/biblelookingglas00barb_djvu.txt,https://archive.org/download/biblelookingglas00barb/biblelookingglas00barb_djvu.txt,verified,verified_allowed_public_domain,verified public domain. Source reviewed from https://archive.org/download/biblelookingglas00barb/biblelookingglas00barb_djvu.txt.,John Bunyan public-domain Christian classic for devotional reading and historical value.,data/library/verified/the-bible-looking-glass-reflector-companion-and-guide-to-the-great-truths-of-the-sacred-scriptures-and-illustr.txt,262435,29.2,the bible looking glass reflector companion and guide to the great truths of the sacred scriptures and illustrating the diversities of human character and the qualities of the human heart consisting of six books in two parts profusely illustrated|john bunyan,1
803,Tier 4 - useful supporting resource,Christian Book,1040,The Works of the Rev. Hugh Binning,"Binning, Hugh",2008,Preaching & Teaching,Preaching & Teaching,https://www.gutenberg.org/ebooks/24238,https://www.gutenberg.org/ebooks/24238.txt.utf-8,verified,verified_allowed_with_project_gutenberg_terms,verified public domain. Source reviewed from https://www.gutenberg.org/ebooks/24238.,"Preaching and teaching help for illustrations, exposition, and lesson preparation.",data/library/verified/the-works-of-the-rev-hugh-binning-binning-hugh.txt,588268,65.4,the works of the rev hugh binning|binning hugh,1
804,Tier 4 - useful supporting resource,Christian Book,1040,"The works of the Rev. Isaac Watts, D. D. in nine volumes (volume 1 of 9)","Watts, Isaac",2025,Preaching & Teaching,Preaching & Teaching,https://www.gutenberg.org/ebooks/77103,https://www.gutenberg.org/ebooks/77103.txt.utf-8,verified,verified_allowed_with_project_gutenberg_terms,verified public domain. Source reviewed from https://www.gutenberg.org/ebooks/77103.,"Preaching and teaching help for illustrations, exposition, and lesson preparation.",data/library/verified/the-works-of-the-rev-isaac-watts-d-d-in-nine-volumes-volume-1-of-9-watts-isaac.txt,321041,35.7,the works of the rev isaac watts d d in nine volumes|watts isaac,1
805,Tier 4 - useful supporting resource,Christian Book,1040,"The works of the Reverend George Whitefield, M.A., Vol. 1 (of 6)","Whitefield, George",2022,Preaching & Teaching,Preaching & Teaching,https://www.gutenberg.org/ebooks/68976,https://www.gutenberg.org/ebooks/68976.txt.utf-8,verified,verified_allowed_with_project_gutenberg_terms,verified public domain. Source reviewed from https://www.gutenberg.org/ebooks/68976.,Public-domain sermons and tracts for preaching and teaching preparation.,data/library/verified/the-works-of-the-reverend-george-whitefield-m-a-vol-1-of-6-whitefield-george.txt,177262,19.7,the works of the reverend george whitefield m a|whitefield george,1
806,Tier 4 - useful supporting resource,Christian Book,1035,"A Popular Account of Dr. Livingstone's Expedition to the Zambesi and Its Tributaries / And of the Discovery of Lakes Shirwa and Nyassa, 1858-1864","Livingstone, David",2001,Christian Living,Christian Living,https://www.gutenberg.org/ebooks/2519,https://www.gutenberg.org/ebooks/2519.txt.utf-8,verified,verified_allowed_with_project_gutenberg_terms,Project Gutenberg catalog/metadata source indicates public-domain availability in the USA. Retain source/license notes for redistributed Project Gutenberg files.,Christian classic or devotional resource for careful reading and practical application.,data/library/verified/a-popular-account-of-dr-livingstone-s-expedition-to-the-zambesi-and-its-tributaries-and-of.txt,138587,15.4,a popular account of dr livingstone s expedition to the zambesi and its tributaries and of the discovery of lakes shirwa and nyassa|livingstone david,1
807,Tier 4 - useful supporting resource,Christian Book,1035,"American Missionary, Vol. XXXIV., No. 5, May 1880",Various,2017,Missions,Missions Biographies,https://www.gutenberg.org/ebooks/54981,https://www.gutenberg.org/ebooks/54981.txt.utf-8,verified,verified_allowed_with_project_gutenberg_terms,verified public domain. Source reviewed from https://www.gutenberg.org/ebooks/54981.,"Missions biography and history for examples, burden, and prayer.",data/library/verified/american-missionary-vol-xxxiv-no-5-may-1880-various.txt,21390,2.4,american missionary no may|various,1
808,Tier 4 - useful supporting resource,Christian Book,1035,Anecdotes and Illustrations of D.L. Moody in His Revival Work,Dwight L. Moody,2026,Evangelism,Moody Collection,https://archive.org/download/anecdotesillustr0000unse_j6b7/anecdotesillustr0000unse_j6b7_djvu.txt,https://archive.org/download/anecdotesillustr0000unse_j6b7/anecdotesillustr0000unse_j6b7_djvu.txt,verified,verified_allowed_public_domain,verified public domain. Source reviewed from https://archive.org/download/anecdotesillustr0000unse_j6b7/anecdotesillustr0000unse_j6b7_djvu.txt.,D. L. Moody evangelistic and devotional resource for Christian living and ministry use. OCR text should be spot-checked before quotation.,data/library/verified/anecdotes-and-illustrations-of-d-l-moody-in-his-revival-work-dwight-l-moody.txt,80353,8.9,anecdotes and illustrations of d l moody in his revival work|dwight l moody,1
809,Tier 4 - useful supporting resource,Christian Book,1035,Anecdotes and Illustrations of D.L. Moody Related by Him in His Revival Work,D. L. Moody,2026,Evangelism,D. L. Moody Collection,https://archive.org/download/anecdotesandill00goog/anecdotesandill00goog_djvu.txt,https://archive.org/download/anecdotesandill00goog/anecdotesandill00goog_djvu.txt,verified,verified_allowed_public_domain,verified public domain. Source reviewed from https://archive.org/download/anecdotesandill00goog/anecdotesandill00goog_djvu.txt.,"Moody public-domain evangelism, revival, or teaching resource for Gospel work and sermon preparation.",data/library/verified/anecdotes-and-illustrations-of-d-l-moody-related-by-him-in-his-revival-work-d-l-moody.txt,64138,7.1,anecdotes and illustrations of d l moody related by him in his revival work|d l moody,1
810,Tier 4 - useful supporting resource,Christian Book,1035,Anecdotes and illustrations of D.L. Moody related by him in his revival work [microform],"Moody, D. L. (Dwight Lyman), 1837-1899; McClure, J. B. (James Baird), 1832-1895",2026,Evangelism,Moody Collection,https://archive.org/download/cihm_27774/cihm_27774_djvu.txt,https://archive.org/download/cihm_27774/cihm_27774_djvu.txt,verified,verified_allowed_public_domain,verified public domain. Source reviewed from https://archive.org/download/cihm_27774/cihm_27774_djvu.txt.,D. L. Moody evangelistic and devotional resource for Christian living and ministry use. OCR text should be spot-checked before quotation.,data/library/verified/anecdotes-and-illustrations-of-d-l-moody-related-by-him-in-his-revival-work-microform-moody-d-l-dwight-lyman-1.txt,64239,7.1,anecdotes and illustrations of d l moody related by him in his revival work microform|moody d l dwight lyman 1837 1899 mcclure j b james baird 1832 1895,1
811,Tier 4 - useful supporting resource,Christian Book,1035,Anecdotes and illustrations of D.L. Moody related by him in his revival work [microform],D. L. Moody,2026,Evangelism,D. L. Moody Collection,https://archive.org/download/cihm_57850/cihm_57850_djvu.txt,https://archive.org/download/cihm_57850/cihm_57850_djvu.txt,verified,verified_allowed_public_domain,verified public domain. Source reviewed from https://archive.org/download/cihm_57850/cihm_57850_djvu.txt.,"Moody public-domain evangelism, revival, or teaching resource for Gospel work and sermon preparation.",data/library/verified/anecdotes-and-illustrations-of-d-l-moody-related-by-him-in-his-revival-work-microform-d-l-moody.txt,67174,7.5,anecdotes and illustrations of d l moody related by him in his revival work microform|d l moody,1
812,Tier 4 - useful supporting resource,Christian Book,1035,"Best thoughts and discourses of D.L. Moody [microform] : the work of Moody and Sankey as evangelists, with sketches of their lives and portraits on steel","Moody, D. L. (Dwight Lyman), 1837-1899; Morrow, Abbie Clemens; Haines, Emory J",2026,Evangelism,Moody Collection,https://archive.org/download/cihm_11150/cihm_11150_djvu.txt,https://archive.org/download/cihm_11150/cihm_11150_djvu.txt,verified,verified_allowed_public_domain,verified public domain. Source reviewed from https://archive.org/download/cihm_11150/cihm_11150_djvu.txt.,D. L. Moody evangelistic and devotional resource for Christian living and ministry use. OCR text should be spot-checked before quotation.,data/library/verified/best-thoughts-and-discourses-of-d-l-moody-microform-the-work-of-moody-and-sankey-as-evangelists-with-sketches-.txt,62785,7.0,best thoughts and discourses of d l moody microform the work of moody and sankey as evangelists with sketches of their lives and portraits on steel|moody d l dwight lyman 1837 1899 morrow abbie clemens haines emory j,1
813,Tier 4 - useful supporting resource,Christian Book,1035,Fruits of Toil in the London Missionary Society,London Missionary Society,2005,Missions,Missions Biographies,https://www.gutenberg.org/ebooks/17115,https://www.gutenberg.org/ebooks/17115.txt.utf-8,verified,verified_allowed_with_project_gutenberg_terms,verified public domain. Source reviewed from https://www.gutenberg.org/ebooks/17115.,"Missions biography and history for examples, burden, and prayer.",data/library/verified/fruits-of-toil-in-the-london-missionary-society-london-missionary-society.txt,21065,2.3,fruits of toil in the london missionary society|london missionary society,1
814,Tier 4 - useful supporting resource,Christian Book,1035,"Have We No Rights? A frank discussion of the ""rights"" of missionaries",Mabel Williamson,2008,Missions,Missions Biographies,https://www.gutenberg.org/ebooks/24528,https://www.gutenberg.org/ebooks/24528.txt.utf-8,verified,verified_allowed_with_project_gutenberg_terms,verified public domain. Source reviewed from https://www.gutenberg.org/ebooks/24528.,"Missions biography and history for examples, context, and burden for evangelism and prayer.",data/library/verified/have-we-no-rights-a-frank-discussion-of-the-rights-of-missionaries-mabel-williamson.txt,26068,2.9,have we no rights a frank discussion of the rights of missionaries|mabel williamson,1
815,Tier 4 - useful supporting resource,Christian Book,1035,"John G. Paton, missionary to the New Hebrides, volume 3 (of 3)","Paton, John Gibson; Paton, James",2024,Missions,Missions,https://www.gutenberg.org/ebooks/74994,https://www.gutenberg.org/ebooks/74994.txt.utf-8,verified,verified_allowed_with_project_gutenberg_terms,Project Gutenberg catalog/metadata source indicates public-domain availability in the USA. Retain source/license notes for redistributed Project Gutenberg files.,"Missions or biography resource for prayer burden, historical context, and teaching examples.",data/library/verified/john-g-paton-missionary-to-the-new-hebrides-volume-3-of-3.txt,29023,3.2,john g paton missionary to the new hebrides|paton john gibson paton james,1
816,Tier 4 - useful supporting resource,Christian Book,1035,"Life of Henry Martyn, Missionary to India and Persia",Sarah J. Rhea,2009,Missions,Missions,https://www.gutenberg.org/ebooks/30085,https://www.gutenberg.org/ebooks/30085.txt.utf-8,verified,verified_allowed_with_project_gutenberg_terms,Verified. Source reviewed from https://www.gutenberg.org/ebooks/30085.,Public-domain missionary biography.,data/library/verified/life-of-henry-martyn-missionary-to-india-and-persia-sarah-j-rhea.txt,13339,1.5,life of henry martyn missionary to india and persia|sarah j rhea,1
817,Tier 4 - useful supporting resource,Christian Book,1035,"Lord, teach us to pray [microform]",Andrew Murray,1896,Prayer,Andrew Murray Collection,https://archive.org/download/MN40201ucmf_2/MN40201ucmf_2_djvu.txt,https://archive.org/download/MN40201ucmf_2/MN40201ucmf_2_djvu.txt,verified,verified_allowed_public_domain,verified public domain. Source reviewed from https://archive.org/download/MN40201ucmf_2/MN40201ucmf_2_djvu.txt.,Andrew Murray public-domain prayer or devotional resource for prayer study and Christian living.,data/library/verified/lord-teach-us-to-pray-microform-andrew-murray.txt,8898,1.0,lord teach us to pray microform|andrew murray,1
818,Tier 4 - useful supporting resource,Christian Book,1035,Our Own Hymn-Book,C. H. Spurgeon,1879,Christian Living,Spurgeon Collection,https://archive.org/details/ourownhymnbook0000chsp,https://archive.org/download/ourownhymnbook0000chsp/ourownhymnbook0000chsp_djvu.txt,verified,verified_allowed_public_domain,Internet Archive scan dated 1879. C. H. Spurgeon died in 1892; this edition is public domain in the United States.,"Use for devotional hymn study, worship history, and sermon illustration research.",data/library/verified/our-own-hymn-book-c-h-spurgeon.txt,198333,22.0,our own hymn book|c h spurgeon,1
819,Tier 4 - useful supporting resource,Christian Book,1035,"Serampore letters : being the unpublished correspondence of William Carey and others with John Williams, 1800-1816",William Carey,1892,Missions,Missions,https://archive.org/download/seramporeletters00care/seramporeletters00care_djvu.txt,https://archive.org/download/seramporeletters00care/seramporeletters00care_djvu.txt,verified,verified_allowed_public_domain,verified public domain. Source reviewed from https://archive.org/download/seramporeletters00care/seramporeletters00care_djvu.txt.,"William Carey public-domain missions resource for missionary history, prayer burden, and evangelism.",data/library/verified/serampore-letters-being-the-unpublished-correspondence-of-william-carey-and-others-with-john-williams-1800-181.txt,38739,4.3,serampore letters being the unpublished correspondence of william carey and others with john williams|william carey,1
820,Tier 4 - useful supporting resource,Christian Book,1035,Silver Chimes in Syria: Glimpses of a Missionary's Experiences,William S. Nelson,2013,Missions,Missions Biographies,https://www.gutenberg.org/ebooks/44122,https://www.gutenberg.org/ebooks/44122.txt.utf-8,verified,verified_allowed_with_project_gutenberg_terms,verified public domain. Source reviewed from https://www.gutenberg.org/ebooks/44122.,"Missions biography and history for examples, context, and burden for evangelism and prayer.",data/library/verified/silver-chimes-in-syria-glimpses-of-a-missionary-s-experiences-william-s-nelson.txt,28274,3.1,silver chimes in syria glimpses of a missionary s experiences|william s nelson,1
821,Tier 4 - useful supporting resource,Christian Book,1035,"The American Missionary — Vol. 33, No. 3, March, 1879",Various,2017,Missions,Missions Periodicals,https://www.gutenberg.org/ebooks/54885,https://www.gutenberg.org/ebooks/54885.txt.utf-8,verified,verified_allowed_with_project_gutenberg_terms,verified public domain. Source reviewed from https://www.gutenberg.org/ebooks/54885.,"Historical missions periodical for background, illustrations, and missions burden; use selectively.",data/library/verified/the-american-missionary-vol-33-no-3-march-1879-various.txt,23248,2.6,the american missionary no march|various,13
822,Tier 4 - useful supporting resource,Christian Book,1035,"The American Missionary — Volume 32, No. 01, January, 1878",Various,2016,Missions,Missions Biographies,https://www.gutenberg.org/ebooks/53058,https://www.gutenberg.org/ebooks/53058.txt.utf-8,verified,verified_allowed_with_project_gutenberg_terms,verified public domain. Source reviewed from https://www.gutenberg.org/ebooks/53058.,"Missions biography and history for examples, burden, and prayer.",data/library/verified/the-american-missionary-volume-32-no-01-january-1878-various.txt,22909,2.5,the american missionary no january|various,13
823,Tier 4 - useful supporting resource,Christian Book,1035,"The American Missionary — Volume 32, No. 02, February, 1878",Various,2016,Missions,Missions Biographies,https://www.gutenberg.org/ebooks/53065,https://www.gutenberg.org/ebooks/53065.txt.utf-8,verified,verified_allowed_with_project_gutenberg_terms,verified public domain. Source reviewed from https://www.gutenberg.org/ebooks/53065.,"Missions biography and history for examples, burden, and prayer.",data/library/verified/the-american-missionary-volume-32-no-02-february-1878-various.txt,21452,2.4,the american missionary no february|various,14
824,Tier 4 - useful supporting resource,Christian Book,1035,"The American Missionary — Volume 32, No. 04, April 1878",Various,2016,Missions,Missions Biographies,https://www.gutenberg.org/ebooks/53078,https://www.gutenberg.org/ebooks/53078.txt.utf-8,verified,verified_allowed_with_project_gutenberg_terms,verified public domain. Source reviewed from https://www.gutenberg.org/ebooks/53078.,"Missions biography and history for examples, burden, and prayer.",data/library/verified/the-american-missionary-volume-32-no-04-april-1878-various.txt,23832,2.6,the american missionary no april|various,13
825,Tier 4 - useful supporting resource,Christian Book,1035,"The American Missionary — Volume 32, No. 05, May, 1878",Various,2016,Missions,Missions Biographies,https://www.gutenberg.org/ebooks/53188,https://www.gutenberg.org/ebooks/53188.txt.utf-8,verified,verified_allowed_with_project_gutenberg_terms,verified public domain. Source reviewed from https://www.gutenberg.org/ebooks/53188.,"Missions biography and history for examples, burden, and prayer.",data/library/verified/the-american-missionary-volume-32-no-05-may-1878-various.txt,22782,2.5,the american missionary no may|various,11
826,Tier 4 - useful supporting resource,Christian Book,1035,"The American Missionary — Volume 32, No. 06, June, 1878",Various,2016,Missions,Missions Biographies,https://www.gutenberg.org/ebooks/53227,https://www.gutenberg.org/ebooks/53227.txt.utf-8,verified,verified_allowed_with_project_gutenberg_terms,verified public domain. Source reviewed from https://www.gutenberg.org/ebooks/53227.,"Missions biography and history for examples, burden, and prayer.",data/library/verified/the-american-missionary-volume-32-no-06-june-1878-various.txt,22666,2.5,the american missionary no june|various,13
827,Tier 4 - useful supporting resource,Christian Book,1035,"The American Missionary — Volume 32, No. 07, July 1878",Various,2016,Missions,Missions Biographies,https://www.gutenberg.org/ebooks/53242,https://www.gutenberg.org/ebooks/53242.txt.utf-8,verified,verified_allowed_with_project_gutenberg_terms,verified public domain. Source reviewed from https://www.gutenberg.org/ebooks/53242.,"Missions biography and history for examples, burden, and prayer.",data/library/verified/the-american-missionary-volume-32-no-07-july-1878-various.txt,23481,2.6,the american missionary no july|various,12
828,Tier 4 - useful supporting resource,Christian Book,1035,"The American Missionary — Volume 32, No. 08, August, 1878",Various,2016,Missions,Missions Biographies,https://www.gutenberg.org/ebooks/53340,https://www.gutenberg.org/ebooks/53340.txt.utf-8,verified,verified_allowed_with_project_gutenberg_terms,verified public domain. Source reviewed from https://www.gutenberg.org/ebooks/53340.,"Missions biography and history for examples, burden, and prayer.",data/library/verified/the-american-missionary-volume-32-no-08-august-1878-various.txt,23343,2.6,the american missionary no august|various,11
829,Tier 4 - useful supporting resource,Christian Book,1035,"The American Missionary — Volume 32, No. 09, September, 1878",Various,2016,Missions,Missions Biographies,https://www.gutenberg.org/ebooks/53376,https://www.gutenberg.org/ebooks/53376.txt.utf-8,verified,verified_allowed_with_project_gutenberg_terms,verified public domain. Source reviewed from https://www.gutenberg.org/ebooks/53376.,"Missions biography and history for examples, burden, and prayer.",data/library/verified/the-american-missionary-volume-32-no-09-september-1878-various.txt,22873,2.5,the american missionary no september|various,11
830,Tier 4 - useful supporting resource,Christian Book,1035,"The American Missionary — Volume 32, No. 10, October, 1878",Various,2016,Missions,Missions Biographies,https://www.gutenberg.org/ebooks/53377,https://www.gutenberg.org/ebooks/53377.txt.utf-8,verified,verified_allowed_with_project_gutenberg_terms,verified public domain. Source reviewed from https://www.gutenberg.org/ebooks/53377.,"Missions biography and history for examples, burden, and prayer.",data/library/verified/the-american-missionary-volume-32-no-10-october-1878-various.txt,23401,2.6,the american missionary no october|various,13
831,Tier 4 - useful supporting resource,Christian Book,1035,"The American Missionary — Volume 32, No. 11, November, 1878",Various,2016,Missions,Missions Biographies,https://www.gutenberg.org/ebooks/53547,https://www.gutenberg.org/ebooks/53547.txt.utf-8,verified,verified_allowed_with_project_gutenberg_terms,verified public domain. Source reviewed from https://www.gutenberg.org/ebooks/53547.,"Missions biography and history for examples, burden, and prayer.",data/library/verified/the-american-missionary-volume-32-no-11-november-1878-various.txt,23516,2.6,the american missionary no november|various,10
832,Tier 4 - useful supporting resource,Christian Book,1035,"The American Missionary — Volume 33, No. 01, January 1879",Various,2016,Missions,Missions Biographies,https://www.gutenberg.org/ebooks/53618,https://www.gutenberg.org/ebooks/53618.txt.utf-8,verified,verified_allowed_with_project_gutenberg_terms,verified public domain. Source reviewed from https://www.gutenberg.org/ebooks/53618.,"Missions biography and history for examples, burden, and prayer.",data/library/verified/the-american-missionary-volume-33-no-01-january-1879-various.txt,21599,2.4,the american missionary no january|various,13
833,Tier 4 - useful supporting resource,Christian Book,1035,"The American Missionary — Volume 33, No. 02, February, 1879",Various,2014,Missions,Missions Biographies,https://www.gutenberg.org/ebooks/47829,https://www.gutenberg.org/ebooks/47829.txt.utf-8,verified,verified_allowed_with_project_gutenberg_terms,verified public domain. Source reviewed from https://www.gutenberg.org/ebooks/47829.,"Missions biography and history for examples, burden, and prayer.",data/library/verified/the-american-missionary-volume-33-no-02-february-1879-various.txt,21803,2.4,the american missionary no february|various,14
834,Tier 4 - useful supporting resource,Christian Book,1035,"The American Missionary — Volume 33, No. 04, April 1879",Various,2016,Missions,Missions Biographies,https://www.gutenberg.org/ebooks/53572,https://www.gutenberg.org/ebooks/53572.txt.utf-8,verified,verified_allowed_with_project_gutenberg_terms,verified public domain. Source reviewed from https://www.gutenberg.org/ebooks/53572.,"Missions biography and history for examples, burden, and prayer.",data/library/verified/the-american-missionary-volume-33-no-04-april-1879-various.txt,21801,2.4,the american missionary no april|various,13
835,Tier 4 - useful supporting resource,Christian Book,1035,"The American Missionary — Volume 33, No. 05, May, 1879",Various,2017,Missions,Missions Biographies,https://www.gutenberg.org/ebooks/53966,https://www.gutenberg.org/ebooks/53966.txt.utf-8,verified,verified_allowed_with_project_gutenberg_terms,verified public domain. Source reviewed from https://www.gutenberg.org/ebooks/53966.,"Missions biography and history for examples, burden, and prayer.",data/library/verified/the-american-missionary-volume-33-no-05-may-1879-various.txt,22095,2.5,the american missionary no may|various,11
836,Tier 4 - useful supporting resource,Christian Book,1035,"The American Missionary — Volume 33, No. 06, June, 1879",Various,2017,Missions,Missions Biographies,https://www.gutenberg.org/ebooks/54119,https://www.gutenberg.org/ebooks/54119.txt.utf-8,verified,verified_allowed_with_project_gutenberg_terms,verified public domain. Source reviewed from https://www.gutenberg.org/ebooks/54119.,"Missions biography and history for examples, burden, and prayer.",data/library/verified/the-american-missionary-volume-33-no-06-june-1879-various.txt,22076,2.5,the american missionary no june|various,13
837,Tier 4 - useful supporting resource,Christian Book,1035,"The American Missionary — Volume 33, No. 07, July, 1879",Various,2017,Missions,Missions Biographies,https://www.gutenberg.org/ebooks/54234,https://www.gutenberg.org/ebooks/54234.txt.utf-8,verified,verified_allowed_with_project_gutenberg_terms,verified public domain. Source reviewed from https://www.gutenberg.org/ebooks/54234.,"Missions biography and history for examples, burden, and prayer.",data/library/verified/the-american-missionary-volume-33-no-07-july-1879-various.txt,22854,2.5,the american missionary no july|various,12
838,Tier 4 - useful supporting resource,Christian Book,1035,"The American Missionary — Volume 33, No. 08, August, 1879",Various,2017,Missions,Missions Biographies,https://www.gutenberg.org/ebooks/54293,https://www.gutenberg.org/ebooks/54293.txt.utf-8,verified,verified_allowed_with_project_gutenberg_terms,verified public domain. Source reviewed from https://www.gutenberg.org/ebooks/54293.,"Missions biography and history for examples, burden, and prayer.",data/library/verified/the-american-missionary-volume-33-no-08-august-1879-various.txt,21642,2.4,the american missionary no august|various,11
839,Tier 4 - useful supporting resource,Christian Book,1035,"The American Missionary — Volume 33, No. 09, September, 1879",Various,2017,Missions,Missions Biographies,https://www.gutenberg.org/ebooks/54429,https://www.gutenberg.org/ebooks/54429.txt.utf-8,verified,verified_allowed_with_project_gutenberg_terms,verified public domain. Source reviewed from https://www.gutenberg.org/ebooks/54429.,"Missions biography and history for examples, burden, and prayer.",data/library/verified/the-american-missionary-volume-33-no-09-september-1879-various.txt,21661,2.4,the american missionary no september|various,11
840,Tier 4 - useful supporting resource,Christian Book,1035,"The American Missionary — Volume 33, No. 10, October, 1879",Various,2017,Missions,Missions Biographies,https://www.gutenberg.org/ebooks/54589,https://www.gutenberg.org/ebooks/54589.txt.utf-8,verified,verified_allowed_with_project_gutenberg_terms,verified public domain. Source reviewed from https://www.gutenberg.org/ebooks/54589.,"Missions biography and history for examples, burden, and prayer.",data/library/verified/the-american-missionary-volume-33-no-10-october-1879-various.txt,22072,2.5,the american missionary no october|various,13
841,Tier 4 - useful supporting resource,Christian Book,1035,"The American Missionary — Volume 33, No. 11, November, 1879",Various,2017,Missions,Missions Biographies,https://www.gutenberg.org/ebooks/55156,https://www.gutenberg.org/ebooks/55156.txt.utf-8,verified,verified_allowed_with_project_gutenberg_terms,verified public domain. Source reviewed from https://www.gutenberg.org/ebooks/55156.,"Missions biography and history for examples, burden, and prayer.",data/library/verified/the-american-missionary-volume-33-no-11-november-1879-various.txt,21713,2.4,the american missionary no november|various,10
842,Tier 4 - useful supporting resource,Christian Book,1035,"The American Missionary — Volume 34, No. 02, February, 1880",Various,2017,Missions,Missions Biographies,https://www.gutenberg.org/ebooks/54636,https://www.gutenberg.org/ebooks/54636.txt.utf-8,verified,verified_allowed_with_project_gutenberg_terms,verified public domain. Source reviewed from https://www.gutenberg.org/ebooks/54636.,"Missions biography and history for examples, burden, and prayer.",data/library/verified/the-american-missionary-volume-34-no-02-february-1880-various.txt,21613,2.4,the american missionary no february|various,14
843,Tier 4 - useful supporting resource,Christian Book,1035,"The American Missionary — Volume 34, No. 04, April, 1880",Various,2017,Missions,Missions Biographies,https://www.gutenberg.org/ebooks/54688,https://www.gutenberg.org/ebooks/54688.txt.utf-8,verified,verified_allowed_with_project_gutenberg_terms,verified public domain. Source reviewed from https://www.gutenberg.org/ebooks/54688.,"Missions biography and history for examples, burden, and prayer.",data/library/verified/the-american-missionary-volume-34-no-04-april-1880-various.txt,22284,2.5,the american missionary no april|various,13
844,Tier 4 - useful supporting resource,Christian Book,1035,"The American Missionary — Volume 34, No. 06, June, 1880",Various,2017,Missions,Missions Biographies,https://www.gutenberg.org/ebooks/54689,https://www.gutenberg.org/ebooks/54689.txt.utf-8,verified,verified_allowed_with_project_gutenberg_terms,verified public domain. Source reviewed from https://www.gutenberg.org/ebooks/54689.,"Missions biography and history for examples, burden, and prayer.",data/library/verified/the-american-missionary-volume-34-no-06-june-1880-various.txt,21410,2.4,the american missionary no june|various,13
845,Tier 4 - useful supporting resource,Christian Book,1035,"The American Missionary — Volume 34, No. 09, September, 1880",Various,2017,Missions,Missions Biographies,https://www.gutenberg.org/ebooks/54850,https://www.gutenberg.org/ebooks/54850.txt.utf-8,verified,verified_allowed_with_project_gutenberg_terms,verified public domain. Source reviewed from https://www.gutenberg.org/ebooks/54850.,"Missions biography and history for examples, burden, and prayer.",data/library/verified/the-american-missionary-volume-34-no-09-september-1880-various.txt,22498,2.5,the american missionary no september|various,11
846,Tier 4 - useful supporting resource,Christian Book,1035,"The American Missionary — Volume 34, No. 1, January, 1880",Various,2017,Missions,Missions Biographies,https://www.gutenberg.org/ebooks/55094,https://www.gutenberg.org/ebooks/55094.txt.utf-8,verified,verified_allowed_with_project_gutenberg_terms,verified public domain. Source reviewed from https://www.gutenberg.org/ebooks/55094.,"Missions biography and history for examples, burden, and prayer.",data/library/verified/the-american-missionary-volume-34-no-1-january-1880-various.txt,21840,2.4,the american missionary no january|various,13
847,Tier 4 - useful supporting resource,Christian Book,1035,"The American Missionary — Volume 34, No. 10, October, 1880",Various,2017,Missions,Missions Biographies,https://www.gutenberg.org/ebooks/55069,https://www.gutenberg.org/ebooks/55069.txt.utf-8,verified,verified_allowed_with_project_gutenberg_terms,verified public domain. Source reviewed from https://www.gutenberg.org/ebooks/55069.,"Missions biography and history for examples, burden, and prayer.",data/library/verified/the-american-missionary-volume-34-no-10-october-1880-various.txt,22135,2.5,the american missionary no october|various,13
848,Tier 4 - useful supporting resource,Christian Book,1035,"The American Missionary — Volume 34, No. 3, March, 1880",Various,2017,Missions,Missions Biographies,https://www.gutenberg.org/ebooks/55384,https://www.gutenberg.org/ebooks/55384.txt.utf-8,verified,verified_allowed_with_project_gutenberg_terms,verified public domain. Source reviewed from https://www.gutenberg.org/ebooks/55384.,"Missions biography and history for examples, burden, and prayer.",data/library/verified/the-american-missionary-volume-34-no-3-march-1880-various.txt,22767,2.5,the american missionary no march|various,13
849,Tier 4 - useful supporting resource,Christian Book,1035,"The American Missionary — Volume 34, No. 7, July, 1880",Various,2017,Missions,Missions Biographies,https://www.gutenberg.org/ebooks/55224,https://www.gutenberg.org/ebooks/55224.txt.utf-8,verified,verified_allowed_with_project_gutenberg_terms,verified public domain. Source reviewed from https://www.gutenberg.org/ebooks/55224.,"Missions biography and history for examples, burden, and prayer.",data/library/verified/the-american-missionary-volume-34-no-7-july-1880-various.txt,21660,2.4,the american missionary no july|various,12
850,Tier 4 - useful supporting resource,Christian Book,1035,"The American Missionary — Volume 34, No. 8, August, 1880",Various,2017,Missions,Missions Biographies,https://www.gutenberg.org/ebooks/55433,https://www.gutenberg.org/ebooks/55433.txt.utf-8,verified,verified_allowed_with_project_gutenberg_terms,verified public domain. Source reviewed from https://www.gutenberg.org/ebooks/55433.,"Missions biography and history for examples, burden, and prayer.",data/library/verified/the-american-missionary-volume-34-no-8-august-1880-various.txt,21509,2.4,the american missionary no august|various,11
851,Tier 4 - useful supporting resource,Christian Book,1035,"The American Missionary — Volume 35, No. 1, January, 1881",Various,2017,Missions,Missions Biographies,https://www.gutenberg.org/ebooks/55095,https://www.gutenberg.org/ebooks/55095.txt.utf-8,verified,verified_allowed_with_project_gutenberg_terms,verified public domain. Source reviewed from https://www.gutenberg.org/ebooks/55095.,"Missions biography and history for examples, burden, and prayer.",data/library/verified/the-american-missionary-volume-35-no-1-january-1881-various.txt,22508,2.5,the american missionary no january|various,13
852,Tier 4 - useful supporting resource,Christian Book,1035,"The American Missionary — Volume 35, No. 10, October, 1881",Various,2018,Missions,Missions Biographies,https://www.gutenberg.org/ebooks/56587,https://www.gutenberg.org/ebooks/56587.txt.utf-8,verified,verified_allowed_with_project_gutenberg_terms,verified public domain. Source reviewed from https://www.gutenberg.org/ebooks/56587.,"Missions biography and history for examples, burden, and prayer.",data/library/verified/the-american-missionary-volume-35-no-10-october-1881-various.txt,20248,2.2,the american missionary no october|various,13
853,Tier 4 - useful supporting resource,Christian Book,1035,"The American Missionary — Volume 35, No. 11, November, 1881",Various,2017,Missions,Missions Biographies,https://www.gutenberg.org/ebooks/56150,https://www.gutenberg.org/ebooks/56150.txt.utf-8,verified,verified_allowed_with_project_gutenberg_terms,verified public domain. Source reviewed from https://www.gutenberg.org/ebooks/56150.,"Missions biography and history for examples, burden, and prayer.",data/library/verified/the-american-missionary-volume-35-no-11-november-1881-various.txt,20800,2.3,the american missionary no november|various,10
854,Tier 4 - useful supporting resource,Christian Book,1035,"The American Missionary — Volume 35, No. 2, February, 1881",Various,2017,Missions,Missions Biographies,https://www.gutenberg.org/ebooks/55273,https://www.gutenberg.org/ebooks/55273.txt.utf-8,verified,verified_allowed_with_project_gutenberg_terms,verified public domain. Source reviewed from https://www.gutenberg.org/ebooks/55273.,"Missions biography and history for examples, burden, and prayer.",data/library/verified/the-american-missionary-volume-35-no-2-february-1881-various.txt,21221,2.4,the american missionary no february|various,14
855,Tier 4 - useful supporting resource,Christian Book,1035,"The American Missionary — Volume 35, No. 3, March 1881",Various,2017,Missions,Missions Biographies,https://www.gutenberg.org/ebooks/55385,https://www.gutenberg.org/ebooks/55385.txt.utf-8,verified,verified_allowed_with_project_gutenberg_terms,verified public domain. Source reviewed from https://www.gutenberg.org/ebooks/55385.,"Missions biography and history for examples, burden, and prayer.",data/library/verified/the-american-missionary-volume-35-no-3-march-1881-various.txt,23149,2.6,the american missionary no march|various,13
856,Tier 4 - useful supporting resource,Christian Book,1035,"The American Missionary — Volume 35, No. 4, April, 1881",Various,2017,Missions,Missions Biographies,https://www.gutenberg.org/ebooks/55365,https://www.gutenberg.org/ebooks/55365.txt.utf-8,verified,verified_allowed_with_project_gutenberg_terms,verified public domain. Source reviewed from https://www.gutenberg.org/ebooks/55365.,"Missions biography and history for examples, burden, and prayer.",data/library/verified/the-american-missionary-volume-35-no-4-april-1881-various.txt,21524,2.4,the american missionary no april|various,13
857,Tier 4 - useful supporting resource,Christian Book,1035,"The American Missionary — Volume 35, No. 5, May, 1881",Various,2017,Missions,Missions Biographies,https://www.gutenberg.org/ebooks/55486,https://www.gutenberg.org/ebooks/55486.txt.utf-8,verified,verified_allowed_with_project_gutenberg_terms,verified public domain. Source reviewed from https://www.gutenberg.org/ebooks/55486.,"Missions biography and history for examples, burden, and prayer.",data/library/verified/the-american-missionary-volume-35-no-5-may-1881-various.txt,21064,2.3,the american missionary no may|various,11
858,Tier 4 - useful supporting resource,Christian Book,1035,"The American Missionary — Volume 35, No. 6, June, 1881",Various,2017,Missions,Missions Biographies,https://www.gutenberg.org/ebooks/55551,https://www.gutenberg.org/ebooks/55551.txt.utf-8,verified,verified_allowed_with_project_gutenberg_terms,verified public domain. Source reviewed from https://www.gutenberg.org/ebooks/55551.,"Missions biography and history for examples, burden, and prayer.",data/library/verified/the-american-missionary-volume-35-no-6-june-1881-various.txt,21896,2.4,the american missionary no june|various,13
859,Tier 4 - useful supporting resource,Christian Book,1035,"The American Missionary — Volume 35, No. 7, July, 1881",Various,2017,Missions,Missions Biographies,https://www.gutenberg.org/ebooks/55612,https://www.gutenberg.org/ebooks/55612.txt.utf-8,verified,verified_allowed_with_project_gutenberg_terms,verified public domain. Source reviewed from https://www.gutenberg.org/ebooks/55612.,"Missions biography and history for examples, burden, and prayer.",data/library/verified/the-american-missionary-volume-35-no-7-july-1881-various.txt,21114,2.3,the american missionary no july|various,12
860,Tier 4 - useful supporting resource,Christian Book,1035,"The American Missionary — Volume 35, No. 8, August, 1881",Various,2017,Missions,Missions Biographies,https://www.gutenberg.org/ebooks/55613,https://www.gutenberg.org/ebooks/55613.txt.utf-8,verified,verified_allowed_with_project_gutenberg_terms,verified public domain. Source reviewed from https://www.gutenberg.org/ebooks/55613.,"Missions biography and history for examples, burden, and prayer.",data/library/verified/the-american-missionary-volume-35-no-8-august-1881-various.txt,19903,2.2,the american missionary no august|various,11
861,Tier 4 - useful supporting resource,Christian Book,1035,"The American Missionary — Volume 35, No. 9, September, 1881",Various,2017,Missions,Missions Biographies,https://www.gutenberg.org/ebooks/56102,https://www.gutenberg.org/ebooks/56102.txt.utf-8,verified,verified_allowed_with_project_gutenberg_terms,verified public domain. Source reviewed from https://www.gutenberg.org/ebooks/56102.,"Missions biography and history for examples, burden, and prayer.",data/library/verified/the-american-missionary-volume-35-no-9-september-1881-various.txt,20071,2.2,the american missionary no september|various,11
862,Tier 4 - useful supporting resource,Christian Book,1035,"The American Missionary — Volume 36, No. 1, January, 1882",Various,2018,Missions,Missions Biographies,https://www.gutenberg.org/ebooks/57445,https://www.gutenberg.org/ebooks/57445.txt.utf-8,verified,verified_allowed_with_project_gutenberg_terms,verified public domain. Source reviewed from https://www.gutenberg.org/ebooks/57445.,"Missions biography and history for examples, burden, and prayer.",data/library/verified/the-american-missionary-volume-36-no-1-january-1882-various.txt,19497,2.2,the american missionary no january|various,13
863,Tier 4 - useful supporting resource,Christian Book,1035,"The American Missionary — Volume 36, No. 10, October, 1882",Various,2018,Missions,Missions Biographies,https://www.gutenberg.org/ebooks/58126,https://www.gutenberg.org/ebooks/58126.txt.utf-8,verified,verified_allowed_with_project_gutenberg_terms,verified public domain. Source reviewed from https://www.gutenberg.org/ebooks/58126.,"Missions biography and history for examples, burden, and prayer.",data/library/verified/the-american-missionary-volume-36-no-10-october-1882-various.txt,20091,2.2,the american missionary no october|various,13
864,Tier 4 - useful supporting resource,Christian Book,1035,"The American Missionary — Volume 36, No. 11, November, 1882",Various,2018,Missions,Missions Biographies,https://www.gutenberg.org/ebooks/58127,https://www.gutenberg.org/ebooks/58127.txt.utf-8,verified,verified_allowed_with_project_gutenberg_terms,verified public domain. Source reviewed from https://www.gutenberg.org/ebooks/58127.,"Missions biography and history for examples, burden, and prayer.",data/library/verified/the-american-missionary-volume-36-no-11-november-1882-various.txt,21432,2.4,the american missionary no november|various,10
865,Tier 4 - useful supporting resource,Christian Book,1035,"The American Missionary — Volume 36, No. 2, February, 1882",Various,2018,Missions,Missions Biographies,https://www.gutenberg.org/ebooks/57446,https://www.gutenberg.org/ebooks/57446.txt.utf-8,verified,verified_allowed_with_project_gutenberg_terms,verified public domain. Source reviewed from https://www.gutenberg.org/ebooks/57446.,"Missions biography and history for examples, burden, and prayer.",data/library/verified/the-american-missionary-volume-36-no-2-february-1882-various.txt,19618,2.2,the american missionary no february|various,14
866,Tier 4 - useful supporting resource,Christian Book,1035,"The American Missionary — Volume 36, No. 3, March, 1882",Various,2018,Missions,Missions Biographies,https://www.gutenberg.org/ebooks/57510,https://www.gutenberg.org/ebooks/57510.txt.utf-8,verified,verified_allowed_with_project_gutenberg_terms,verified public domain. Source reviewed from https://www.gutenberg.org/ebooks/57510.,"Missions biography and history for examples, burden, and prayer.",data/library/verified/the-american-missionary-volume-36-no-3-march-1882-various.txt,19367,2.2,the american missionary no march|various,13
867,Tier 4 - useful supporting resource,Christian Book,1035,"The American Missionary — Volume 36, No. 4, April, 1882",Various,2018,Missions,Missions Biographies,https://www.gutenberg.org/ebooks/57591,https://www.gutenberg.org/ebooks/57591.txt.utf-8,verified,verified_allowed_with_project_gutenberg_terms,verified public domain. Source reviewed from https://www.gutenberg.org/ebooks/57591.,"Missions biography and history for examples, burden, and prayer.",data/library/verified/the-american-missionary-volume-36-no-4-april-1882-various.txt,20217,2.2,the american missionary no april|various,13
868,Tier 4 - useful supporting resource,Christian Book,1035,"The American Missionary — Volume 36, No. 5, May, 1882",Various,2018,Missions,Missions Biographies,https://www.gutenberg.org/ebooks/57859,https://www.gutenberg.org/ebooks/57859.txt.utf-8,verified,verified_allowed_with_project_gutenberg_terms,verified public domain. Source reviewed from https://www.gutenberg.org/ebooks/57859.,"Missions biography and history for examples, burden, and prayer.",data/library/verified/the-american-missionary-volume-36-no-5-may-1882-various.txt,19823,2.2,the american missionary no may|various,11
869,Tier 4 - useful supporting resource,Christian Book,1035,"The American Missionary — Volume 36, No. 6, June, 1882",Various,2018,Missions,Missions Biographies,https://www.gutenberg.org/ebooks/57974,https://www.gutenberg.org/ebooks/57974.txt.utf-8,verified,verified_allowed_with_project_gutenberg_terms,verified public domain. Source reviewed from https://www.gutenberg.org/ebooks/57974.,"Missions biography and history for examples, burden, and prayer.",data/library/verified/the-american-missionary-volume-36-no-6-june-1882-various.txt,19291,2.1,the american missionary no june|various,13
870,Tier 4 - useful supporting resource,Christian Book,1035,"The American Missionary — Volume 36, No. 7, July, 1882",Various,2018,Missions,Missions Biographies,https://www.gutenberg.org/ebooks/58038,https://www.gutenberg.org/ebooks/58038.txt.utf-8,verified,verified_allowed_with_project_gutenberg_terms,verified public domain. Source reviewed from https://www.gutenberg.org/ebooks/58038.,"Missions biography and history for examples, burden, and prayer.",data/library/verified/the-american-missionary-volume-36-no-7-july-1882-various.txt,19176,2.1,the american missionary no july|various,12
871,Tier 4 - useful supporting resource,Christian Book,1035,"The American Missionary — Volume 36, No. 8, August 1882",Various,2018,Missions,Missions Biographies,https://www.gutenberg.org/ebooks/58050,https://www.gutenberg.org/ebooks/58050.txt.utf-8,verified,verified_allowed_with_project_gutenberg_terms,verified public domain. Source reviewed from https://www.gutenberg.org/ebooks/58050.,"Missions biography and history for examples, burden, and prayer.",data/library/verified/the-american-missionary-volume-36-no-8-august-1882-various.txt,19212,2.1,the american missionary no august|various,11
872,Tier 4 - useful supporting resource,Christian Book,1035,"The American Missionary — Volume 36, No. 9, September, 1882",Various,2018,Missions,Missions Biographies,https://www.gutenberg.org/ebooks/58051,https://www.gutenberg.org/ebooks/58051.txt.utf-8,verified,verified_allowed_with_project_gutenberg_terms,verified public domain. Source reviewed from https://www.gutenberg.org/ebooks/58051.,"Missions biography and history for examples, burden, and prayer.",data/library/verified/the-american-missionary-volume-36-no-9-september-1882-various.txt,19069,2.1,the american missionary no september|various,11
873,Tier 4 - useful supporting resource,Christian Book,1035,"The American Missionary — Volume 37, No. 1, January, 1883",Various,2019,Missions,Missions Biographies,https://www.gutenberg.org/ebooks/60298,https://www.gutenberg.org/ebooks/60298.txt.utf-8,verified,verified_allowed_with_project_gutenberg_terms,verified public domain. Source reviewed from https://www.gutenberg.org/ebooks/60298.,"Missions biography and history for examples, burden, and prayer.",data/library/verified/the-american-missionary-volume-37-no-1-january-1883-various.txt,19883,2.2,the american missionary no january|various,13
874,Tier 4 - useful supporting resource,Christian Book,1035,"The American Missionary — Volume 37, No. 10, October, 1883",Various,2020,Missions,Missions Biographies,https://www.gutenberg.org/ebooks/61846,https://www.gutenberg.org/ebooks/61846.txt.utf-8,verified,verified_allowed_with_project_gutenberg_terms,verified public domain. Source reviewed from https://www.gutenberg.org/ebooks/61846.,"Missions biography and history for examples, burden, and prayer.",data/library/verified/the-american-missionary-volume-37-no-10-october-1883-various.txt,18171,2.0,the american missionary no october|various,13
875,Tier 4 - useful supporting resource,Christian Book,1035,"The American Missionary — Volume 37, No. 11, November, 1883",Various,2020,Missions,Missions Biographies,https://www.gutenberg.org/ebooks/61866,https://www.gutenberg.org/ebooks/61866.txt.utf-8,verified,verified_allowed_with_project_gutenberg_terms,verified public domain. Source reviewed from https://www.gutenberg.org/ebooks/61866.,"Missions biography and history for examples, burden, and prayer.",data/library/verified/the-american-missionary-volume-37-no-11-november-1883-various.txt,19062,2.1,the american missionary no november|various,10
876,Tier 4 - useful supporting resource,Christian Book,1035,"The American Missionary — Volume 37, No. 2, February, 1883",Various,2019,Missions,Missions Biographies,https://www.gutenberg.org/ebooks/60314,https://www.gutenberg.org/ebooks/60314.txt.utf-8,verified,verified_allowed_with_project_gutenberg_terms,verified public domain. Source reviewed from https://www.gutenberg.org/ebooks/60314.,"Missions biography and history for examples, burden, and prayer.",data/library/verified/the-american-missionary-volume-37-no-2-february-1883-various.txt,18373,2.0,the american missionary no february|various,14
877,Tier 4 - useful supporting resource,Christian Book,1035,"The American Missionary — Volume 37, No. 3, March, 1883",Various,2019,Missions,Missions Biographies,https://www.gutenberg.org/ebooks/60476,https://www.gutenberg.org/ebooks/60476.txt.utf-8,verified,verified_allowed_with_project_gutenberg_terms,verified public domain. Source reviewed from https://www.gutenberg.org/ebooks/60476.,"Missions biography and history for examples, burden, and prayer.",data/library/verified/the-american-missionary-volume-37-no-3-march-1883-various.txt,20304,2.3,the american missionary no march|various,13
878,Tier 4 - useful supporting resource,Christian Book,1035,"The American Missionary — Volume 37, No. 4, April, 1883",Various,2019,Missions,Missions Biographies,https://www.gutenberg.org/ebooks/60697,https://www.gutenberg.org/ebooks/60697.txt.utf-8,verified,verified_allowed_with_project_gutenberg_terms,verified public domain. Source reviewed from https://www.gutenberg.org/ebooks/60697.,"Missions biography and history for examples, burden, and prayer.",data/library/verified/the-american-missionary-volume-37-no-4-april-1883-various.txt,19547,2.2,the american missionary no april|various,13
879,Tier 4 - useful supporting resource,Christian Book,1035,"The American Missionary — Volume 37, No. 5, May, 1883",Various,2019,Missions,Missions Biographies,https://www.gutenberg.org/ebooks/60775,https://www.gutenberg.org/ebooks/60775.txt.utf-8,verified,verified_allowed_with_project_gutenberg_terms,verified public domain. Source reviewed from https://www.gutenberg.org/ebooks/60775.,"Missions biography and history for examples, burden, and prayer.",data/library/verified/the-american-missionary-volume-37-no-5-may-1883-various.txt,19512,2.2,the american missionary no may|various,11
880,Tier 4 - useful supporting resource,Christian Book,1035,"The American Missionary — Volume 37, No. 6, June 1883",Various,2019,Missions,Missions Biographies,https://www.gutenberg.org/ebooks/61012,https://www.gutenberg.org/ebooks/61012.txt.utf-8,verified,verified_allowed_with_project_gutenberg_terms,verified public domain. Source reviewed from https://www.gutenberg.org/ebooks/61012.,"Missions biography and history for examples, burden, and prayer.",data/library/verified/the-american-missionary-volume-37-no-6-june-1883-various.txt,18157,2.0,the american missionary no june|various,13
881,Tier 4 - useful supporting resource,Christian Book,1035,"The American Missionary — Volume 37, No. 7, July, 1883",Various,2019,Missions,Missions Biographies,https://www.gutenberg.org/ebooks/61015,https://www.gutenberg.org/ebooks/61015.txt.utf-8,verified,verified_allowed_with_project_gutenberg_terms,verified public domain. Source reviewed from https://www.gutenberg.org/ebooks/61015.,"Missions biography and history for examples, burden, and prayer.",data/library/verified/the-american-missionary-volume-37-no-7-july-1883-various.txt,19847,2.2,the american missionary no july|various,12
882,Tier 4 - useful supporting resource,Christian Book,1035,"The American Missionary — Volume 37, No. 8, August, 1883",Various,2019,Missions,Missions Biographies,https://www.gutenberg.org/ebooks/61019,https://www.gutenberg.org/ebooks/61019.txt.utf-8,verified,verified_allowed_with_project_gutenberg_terms,verified public domain. Source reviewed from https://www.gutenberg.org/ebooks/61019.,"Missions biography and history for examples, burden, and prayer.",data/library/verified/the-american-missionary-volume-37-no-8-august-1883-various.txt,19927,2.2,the american missionary no august|various,11
883,Tier 4 - useful supporting resource,Christian Book,1035,"The American Missionary — Volume 37, No. 9, September, 1883",Various,2020,Missions,Missions Biographies,https://www.gutenberg.org/ebooks/61820,https://www.gutenberg.org/ebooks/61820.txt.utf-8,verified,verified_allowed_with_project_gutenberg_terms,verified public domain. Source reviewed from https://www.gutenberg.org/ebooks/61820.,"Missions biography and history for examples, burden, and prayer.",data/library/verified/the-american-missionary-volume-37-no-9-september-1883-various.txt,18561,2.1,the american missionary no september|various,11
884,Tier 4 - useful supporting resource,Christian Book,1035,"The American Missionary — Volume 38, No. 01, January, 1884",Various,2009,Missions,Missions Periodicals,https://www.gutenberg.org/ebooks/29165,https://www.gutenberg.org/ebooks/29165.txt.utf-8,verified,verified_allowed_with_project_gutenberg_terms,verified public domain. Source reviewed from https://www.gutenberg.org/ebooks/29165.,"Historical missions periodical for background, illustrations, and missions burden; use selectively.",data/library/verified/the-american-missionary-volume-38-no-01-january-1884-various.txt,18807,2.1,the american missionary no january|various,13
885,Tier 4 - useful supporting resource,Christian Book,1035,"The American Missionary — Volume 38, No. 06, June, 1884",Various,2009,Missions,Missions Periodicals,https://www.gutenberg.org/ebooks/29556,https://www.gutenberg.org/ebooks/29556.txt.utf-8,verified,verified_allowed_with_project_gutenberg_terms,verified public domain. Source reviewed from https://www.gutenberg.org/ebooks/29556.,"Historical missions periodical for background, illustrations, and missions burden; use selectively.",data/library/verified/the-american-missionary-volume-38-no-06-june-1884-various.txt,15464,1.7,the american missionary no june|various,13
886,Tier 4 - useful supporting resource,Christian Book,1035,"The American Missionary — Volume 39, No. 02, February, 1885",Various,2009,Missions,Missions Periodicals,https://www.gutenberg.org/ebooks/29074,https://www.gutenberg.org/ebooks/29074.txt.utf-8,verified,verified_allowed_with_project_gutenberg_terms,verified public domain. Source reviewed from https://www.gutenberg.org/ebooks/29074.,"Historical missions periodical for background, illustrations, and missions burden; use selectively.",data/library/verified/the-american-missionary-volume-39-no-02-february-1885-various.txt,18681,2.1,the american missionary no february|various,14
887,Tier 4 - useful supporting resource,Christian Book,1035,"The American Missionary — Volume 39, No. 03, March, 1885",Various,2009,Missions,Missions Periodicals,https://www.gutenberg.org/ebooks/30459,https://www.gutenberg.org/ebooks/30459.txt.utf-8,verified,verified_allowed_with_project_gutenberg_terms,verified public domain. Source reviewed from https://www.gutenberg.org/ebooks/30459.,"Historical missions periodical for background, illustrations, and missions burden; use selectively.",data/library/verified/the-american-missionary-volume-39-no-03-march-1885-various.txt,19049,2.1,the american missionary no march|various,13
888,Tier 4 - useful supporting resource,Christian Book,1035,"The American Missionary — Volume 39, No. 07, July, 1885",Various,2009,Missions,Missions Periodicals,https://www.gutenberg.org/ebooks/30158,https://www.gutenberg.org/ebooks/30158.txt.utf-8,verified,verified_allowed_with_project_gutenberg_terms,verified public domain. Source reviewed from https://www.gutenberg.org/ebooks/30158.,"Historical missions periodical for background, illustrations, and missions burden; use selectively.",data/library/verified/the-american-missionary-volume-39-no-07-july-1885-various.txt,16098,1.8,the american missionary no july|various,12
889,Tier 4 - useful supporting resource,Christian Book,1035,"The American Missionary — Volume 39, No. 08, August, 1885",Various,2010,Missions,Missions Periodicals,https://www.gutenberg.org/ebooks/31169,https://www.gutenberg.org/ebooks/31169.txt.utf-8,verified,verified_allowed_with_project_gutenberg_terms,verified public domain. Source reviewed from https://www.gutenberg.org/ebooks/31169.,"Historical missions periodical for background, illustrations, and missions burden; use selectively.",data/library/verified/the-american-missionary-volume-39-no-08-august-1885-various.txt,16073,1.8,the american missionary no august|various,11
890,Tier 4 - useful supporting resource,Christian Book,1035,"The American Missionary — Volume 39, No. 10, October, 1885",Various,2011,Missions,Missions Periodicals,https://www.gutenberg.org/ebooks/36350,https://www.gutenberg.org/ebooks/36350.txt.utf-8,verified,verified_allowed_with_project_gutenberg_terms,verified public domain. Source reviewed from https://www.gutenberg.org/ebooks/36350.,"Historical missions periodical for background, illustrations, and missions burden; use selectively.",data/library/verified/the-american-missionary-volume-39-no-10-october-1885-various.txt,17501,1.9,the american missionary no october|various,13
891,Tier 4 - useful supporting resource,Christian Book,1035,"The American Missionary — Volume 39, No. 11, November, 1885",Various,2013,Missions,Missions Biographies,https://www.gutenberg.org/ebooks/43870,https://www.gutenberg.org/ebooks/43870.txt.utf-8,verified,verified_allowed_with_project_gutenberg_terms,verified public domain. Source reviewed from https://www.gutenberg.org/ebooks/43870.,"Missions biography and history for examples, burden, and prayer.",data/library/verified/the-american-missionary-volume-39-no-11-november-1885-various.txt,19170,2.1,the american missionary no november|various,10
892,Tier 4 - useful supporting resource,Christian Book,1035,"The American Missionary — Volume 41, No. 03, March, 1887",Various,2015,Missions,Missions Biographies,https://www.gutenberg.org/ebooks/48435,https://www.gutenberg.org/ebooks/48435.txt.utf-8,verified,verified_allowed_with_project_gutenberg_terms,verified public domain. Source reviewed from https://www.gutenberg.org/ebooks/48435.,"Missions biography and history for examples, burden, and prayer.",data/library/verified/the-american-missionary-volume-41-no-03-march-1887-various.txt,19079,2.1,the american missionary no march|various,13
893,Tier 4 - useful supporting resource,Christian Book,1035,"The American Missionary — Volume 41, No. 1, January, 1887",Various,2018,Missions,Missions Biographies,https://www.gutenberg.org/ebooks/56886,https://www.gutenberg.org/ebooks/56886.txt.utf-8,verified,verified_allowed_with_project_gutenberg_terms,verified public domain. Source reviewed from https://www.gutenberg.org/ebooks/56886.,"Missions biography and history for examples, burden, and prayer.",data/library/verified/the-american-missionary-volume-41-no-1-january-1887-various.txt,19191,2.1,the american missionary no january|various,13
894,Tier 4 - useful supporting resource,Christian Book,1035,"The American Missionary — Volume 41, No. 10, October, 1887",Various,2018,Missions,Missions Biographies,https://www.gutenberg.org/ebooks/57174,https://www.gutenberg.org/ebooks/57174.txt.utf-8,verified,verified_allowed_with_project_gutenberg_terms,verified public domain. Source reviewed from https://www.gutenberg.org/ebooks/57174.,"Missions biography and history for examples, burden, and prayer.",data/library/verified/the-american-missionary-volume-41-no-10-october-1887-various.txt,18393,2.0,the american missionary no october|various,13
895,Tier 4 - useful supporting resource,Christian Book,1035,"The American Missionary — Volume 41, No. 11, November, 1887",Various,2018,Missions,Missions Biographies,https://www.gutenberg.org/ebooks/57228,https://www.gutenberg.org/ebooks/57228.txt.utf-8,verified,verified_allowed_with_project_gutenberg_terms,verified public domain. Source reviewed from https://www.gutenberg.org/ebooks/57228.,"Missions biography and history for examples, burden, and prayer.",data/library/verified/the-american-missionary-volume-41-no-11-november-1887-various.txt,19666,2.2,the american missionary no november|various,10
896,Tier 4 - useful supporting resource,Christian Book,1035,"The American Missionary — Volume 41, No. 2, February, 1887",Various,2018,Missions,Missions Biographies,https://www.gutenberg.org/ebooks/56910,https://www.gutenberg.org/ebooks/56910.txt.utf-8,verified,verified_allowed_with_project_gutenberg_terms,verified public domain. Source reviewed from https://www.gutenberg.org/ebooks/56910.,"Missions biography and history for examples, burden, and prayer.",data/library/verified/the-american-missionary-volume-41-no-2-february-1887-various.txt,17383,1.9,the american missionary no february|various,14
897,Tier 4 - useful supporting resource,Christian Book,1035,"The American Missionary — Volume 41, No. 4, April, 1887",Various,2018,Missions,Missions Biographies,https://www.gutenberg.org/ebooks/57994,https://www.gutenberg.org/ebooks/57994.txt.utf-8,verified,verified_allowed_with_project_gutenberg_terms,verified public domain. Source reviewed from https://www.gutenberg.org/ebooks/57994.,"Missions biography and history for examples, burden, and prayer.",data/library/verified/the-american-missionary-volume-41-no-4-april-1887-various.txt,19617,2.2,the american missionary no april|various,13
898,Tier 4 - useful supporting resource,Christian Book,1035,"The American Missionary — Volume 41, No. 5, May, 1887",Various,2018,Missions,Missions Biographies,https://www.gutenberg.org/ebooks/56953,https://www.gutenberg.org/ebooks/56953.txt.utf-8,verified,verified_allowed_with_project_gutenberg_terms,verified public domain. Source reviewed from https://www.gutenberg.org/ebooks/56953.,"Missions biography and history for examples, burden, and prayer.",data/library/verified/the-american-missionary-volume-41-no-5-may-1887-various.txt,18842,2.1,the american missionary no may|various,11
899,Tier 4 - useful supporting resource,Christian Book,1035,"The American Missionary — Volume 41, No. 6, June, 1887",Various,2018,Missions,Missions Biographies,https://www.gutenberg.org/ebooks/57013,https://www.gutenberg.org/ebooks/57013.txt.utf-8,verified,verified_allowed_with_project_gutenberg_terms,verified public domain. Source reviewed from https://www.gutenberg.org/ebooks/57013.,"Missions biography and history for examples, burden, and prayer.",data/library/verified/the-american-missionary-volume-41-no-6-june-1887-various.txt,19380,2.2,the american missionary no june|various,13
900,Tier 4 - useful supporting resource,Christian Book,1035,"The American Missionary — Volume 41, No. 7, July, 1887",Various,2018,Missions,Missions Biographies,https://www.gutenberg.org/ebooks/57014,https://www.gutenberg.org/ebooks/57014.txt.utf-8,verified,verified_allowed_with_project_gutenberg_terms,verified public domain. Source reviewed from https://www.gutenberg.org/ebooks/57014.,"Missions biography and history for examples, burden, and prayer.",data/library/verified/the-american-missionary-volume-41-no-7-july-1887-various.txt,18813,2.1,the american missionary no july|various,12
901,Tier 4 - useful supporting resource,Christian Book,1035,"The American Missionary — Volume 41, No. 8, August, 1887",Various,2018,Missions,Missions Biographies,https://www.gutenberg.org/ebooks/57107,https://www.gutenberg.org/ebooks/57107.txt.utf-8,verified,verified_allowed_with_project_gutenberg_terms,verified public domain. Source reviewed from https://www.gutenberg.org/ebooks/57107.,"Missions biography and history for examples, burden, and prayer.",data/library/verified/the-american-missionary-volume-41-no-8-august-1887-various.txt,18262,2.0,the american missionary no august|various,11
902,Tier 4 - useful supporting resource,Christian Book,1035,"The American Missionary — Volume 41, No. 9, September, 1887",Various,2018,Missions,Missions Biographies,https://www.gutenberg.org/ebooks/57108,https://www.gutenberg.org/ebooks/57108.txt.utf-8,verified,verified_allowed_with_project_gutenberg_terms,verified public domain. Source reviewed from https://www.gutenberg.org/ebooks/57108.,"Missions biography and history for examples, burden, and prayer.",data/library/verified/the-american-missionary-volume-41-no-9-september-1887-various.txt,23846,2.6,the american missionary no september|various,11
903,Tier 4 - useful supporting resource,Christian Book,1035,"The American Missionary — Volume 42, No. 01, January, 1888",Various,2004,Missions,Missions Periodicals,https://www.gutenberg.org/ebooks/11762,https://www.gutenberg.org/ebooks/11762.txt.utf-8,verified,verified_allowed_with_project_gutenberg_terms,verified public domain. Source reviewed from https://www.gutenberg.org/ebooks/11762.,"Historical missions periodical for background, illustrations, and missions burden; use selectively.",data/library/verified/the-american-missionary-volume-42-no-01-january-1888-various.txt,15529,1.7,the american missionary no january|various,13
904,Tier 4 - useful supporting resource,Christian Book,1035,"The American Missionary — Volume 42, No. 02, February, 1888",Various,2004,Missions,Missions Periodicals,https://www.gutenberg.org/ebooks/11763,https://www.gutenberg.org/ebooks/11763.txt.utf-8,verified,verified_allowed_with_project_gutenberg_terms,verified public domain. Source reviewed from https://www.gutenberg.org/ebooks/11763.,"Historical missions periodical for background, illustrations, and missions burden; use selectively.",data/library/verified/the-american-missionary-volume-42-no-02-february-1888-various.txt,14458,1.6,the american missionary no february|various,14
905,Tier 4 - useful supporting resource,Christian Book,1035,"The American Missionary — Volume 42, No. 03, March, 1888",Various,2004,Missions,Missions Periodicals,https://www.gutenberg.org/ebooks/11764,https://www.gutenberg.org/ebooks/11764.txt.utf-8,verified,verified_allowed_with_project_gutenberg_terms,verified public domain. Source reviewed from https://www.gutenberg.org/ebooks/11764.,"Historical missions periodical for background, illustrations, and missions burden; use selectively.",data/library/verified/the-american-missionary-volume-42-no-03-march-1888-various.txt,18186,2.0,the american missionary no march|various,13
906,Tier 4 - useful supporting resource,Christian Book,1035,"The American Missionary — Volume 42, No. 04, April, 1888",Various,2004,Missions,Missions Periodicals,https://www.gutenberg.org/ebooks/12087,https://www.gutenberg.org/ebooks/12087.txt.utf-8,verified,verified_allowed_with_project_gutenberg_terms,verified public domain. Source reviewed from https://www.gutenberg.org/ebooks/12087.,"Historical missions periodical for background, illustrations, and missions burden; use selectively.",data/library/verified/the-american-missionary-volume-42-no-04-april-1888-various.txt,16754,1.9,the american missionary no april|various,13
907,Tier 4 - useful supporting resource,Christian Book,1035,"The American Missionary — Volume 42, No. 05, May, 1888",Various,2004,Missions,Missions Periodicals,https://www.gutenberg.org/ebooks/12118,https://www.gutenberg.org/ebooks/12118.txt.utf-8,verified,verified_allowed_with_project_gutenberg_terms,verified public domain. Source reviewed from https://www.gutenberg.org/ebooks/12118.,"Historical missions periodical for background, illustrations, and missions burden; use selectively.",data/library/verified/the-american-missionary-volume-42-no-05-may-1888-various.txt,16965,1.9,the american missionary no may|various,11
908,Tier 4 - useful supporting resource,Christian Book,1035,"The American Missionary — Volume 42, No. 06, June, 1888",Various,2004,Missions,Missions Periodicals,https://www.gutenberg.org/ebooks/12134,https://www.gutenberg.org/ebooks/12134.txt.utf-8,verified,verified_allowed_with_project_gutenberg_terms,verified public domain. Source reviewed from https://www.gutenberg.org/ebooks/12134.,"Historical missions periodical for background, illustrations, and missions burden; use selectively.",data/library/verified/the-american-missionary-volume-42-no-06-june-1888-various.txt,16571,1.8,the american missionary no june|various,13
909,Tier 4 - useful supporting resource,Christian Book,1035,"The American Missionary — Volume 42, No. 07, July, 1888",Various,2004,Missions,Missions Periodicals,https://www.gutenberg.org/ebooks/13907,https://www.gutenberg.org/ebooks/13907.txt.utf-8,verified,verified_allowed_with_project_gutenberg_terms,verified public domain. Source reviewed from https://www.gutenberg.org/ebooks/13907.,"Historical missions periodical for background, illustrations, and missions burden; use selectively.",data/library/verified/the-american-missionary-volume-42-no-07-july-1888-various.txt,16812,1.9,the american missionary no july|various,12
910,Tier 4 - useful supporting resource,Christian Book,1035,"The American Missionary — Volume 42, No. 08, August, 1888",Various,2004,Missions,Missions Periodicals,https://www.gutenberg.org/ebooks/14102,https://www.gutenberg.org/ebooks/14102.txt.utf-8,verified,verified_allowed_with_project_gutenberg_terms,verified public domain. Source reviewed from https://www.gutenberg.org/ebooks/14102.,"Historical missions periodical for background, illustrations, and missions burden; use selectively.",data/library/verified/the-american-missionary-volume-42-no-08-august-1888-various.txt,16744,1.9,the american missionary no august|various,11
911,Tier 4 - useful supporting resource,Christian Book,1035,"The American Missionary — Volume 42, No. 10, October, 1888",Various,2004,Missions,Missions Periodicals,https://www.gutenberg.org/ebooks/13641,https://www.gutenberg.org/ebooks/13641.txt.utf-8,verified,verified_allowed_with_project_gutenberg_terms,verified public domain. Source reviewed from https://www.gutenberg.org/ebooks/13641.,"Historical missions periodical for background, illustrations, and missions burden; use selectively.",data/library/verified/the-american-missionary-volume-42-no-10-october-1888-various.txt,16508,1.8,the american missionary no october|various,13
912,Tier 4 - useful supporting resource,Christian Book,1035,"The American Missionary — Volume 42, No. 11, November, 1888",Various,2004,Missions,Missions Periodicals,https://www.gutenberg.org/ebooks/13584,https://www.gutenberg.org/ebooks/13584.txt.utf-8,verified,verified_allowed_with_project_gutenberg_terms,verified public domain. Source reviewed from https://www.gutenberg.org/ebooks/13584.,"Historical missions periodical for background, illustrations, and missions burden; use selectively.",data/library/verified/the-american-missionary-volume-42-no-11-november-1888-various.txt,16710,1.9,the american missionary no november|various,10
913,Tier 4 - useful supporting resource,Christian Book,1035,"The American missionary — volume 42, no. 9, September, 1888",Various,2022,Missions,Missionary Periodicals,https://www.gutenberg.org/ebooks/68684,https://www.gutenberg.org/ebooks/68684.txt.utf-8,verified,verified_allowed_with_project_gutenberg_terms,verified public domain. Source reviewed from https://www.gutenberg.org/ebooks/68684.,"Missions periodical for historical context, prayer burden, and ministry examples.",data/library/verified/the-american-missionary-volume-42-no-9-september-1888-various.txt,18103,2.0,the american missionary no september|various,11
914,Tier 4 - useful supporting resource,Christian Book,1035,"The American Missionary — Volume 43, No. 01, January, 1889",Various,2005,Missions,Missions Periodicals,https://www.gutenberg.org/ebooks/16083,https://www.gutenberg.org/ebooks/16083.txt.utf-8,verified,verified_allowed_with_project_gutenberg_terms,verified public domain. Source reviewed from https://www.gutenberg.org/ebooks/16083.,"Historical missions periodical for background, illustrations, and missions burden; use selectively.",data/library/verified/the-american-missionary-volume-43-no-01-january-1889-various.txt,16935,1.9,the american missionary no january|various,13
915,Tier 4 - useful supporting resource,Christian Book,1035,"The American Missionary — Volume 43, No. 02, February, 1889",Various,2005,Missions,Missions Periodicals,https://www.gutenberg.org/ebooks/16084,https://www.gutenberg.org/ebooks/16084.txt.utf-8,verified,verified_allowed_with_project_gutenberg_terms,verified public domain. Source reviewed from https://www.gutenberg.org/ebooks/16084.,"Historical missions periodical for background, illustrations, and missions burden; use selectively.",data/library/verified/the-american-missionary-volume-43-no-02-february-1889-various.txt,15341,1.7,the american missionary no february|various,14
916,Tier 4 - useful supporting resource,Christian Book,1035,"The American Missionary — Volume 43, No. 03, March, 1889",Various,2005,Missions,Missions Periodicals,https://www.gutenberg.org/ebooks/16103,https://www.gutenberg.org/ebooks/16103.txt.utf-8,verified,verified_allowed_with_project_gutenberg_terms,verified public domain. Source reviewed from https://www.gutenberg.org/ebooks/16103.,"Historical missions periodical for background, illustrations, and missions burden; use selectively.",data/library/verified/the-american-missionary-volume-43-no-03-march-1889-various.txt,17650,2.0,the american missionary no march|various,13
917,Tier 4 - useful supporting resource,Christian Book,1035,"The American Missionary — Volume 43, No. 04, April, 1889",Various,2005,Missions,Missions Periodicals,https://www.gutenberg.org/ebooks/16104,https://www.gutenberg.org/ebooks/16104.txt.utf-8,verified,verified_allowed_with_project_gutenberg_terms,verified public domain. Source reviewed from https://www.gutenberg.org/ebooks/16104.,"Historical missions periodical for background, illustrations, and missions burden; use selectively.",data/library/verified/the-american-missionary-volume-43-no-04-april-1889-various.txt,16688,1.9,the american missionary no april|various,13
918,Tier 4 - useful supporting resource,Christian Book,1035,"The American Missionary — Volume 43, No. 05, May, 1889",Various,2005,Missions,Missions Periodicals,https://www.gutenberg.org/ebooks/16118,https://www.gutenberg.org/ebooks/16118.txt.utf-8,verified,verified_allowed_with_project_gutenberg_terms,verified public domain. Source reviewed from https://www.gutenberg.org/ebooks/16118.,"Historical missions periodical for background, illustrations, and missions burden; use selectively.",data/library/verified/the-american-missionary-volume-43-no-05-may-1889-various.txt,16794,1.9,the american missionary no may|various,11
919,Tier 4 - useful supporting resource,Christian Book,1035,"The American Missionary — Volume 43, No. 06, June, 1889",Various,2005,Missions,Missions Periodicals,https://www.gutenberg.org/ebooks/16141,https://www.gutenberg.org/ebooks/16141.txt.utf-8,verified,verified_allowed_with_project_gutenberg_terms,verified public domain. Source reviewed from https://www.gutenberg.org/ebooks/16141.,"Historical missions periodical for background, illustrations, and missions burden; use selectively.",data/library/verified/the-american-missionary-volume-43-no-06-june-1889-various.txt,17037,1.9,the american missionary no june|various,13
920,Tier 4 - useful supporting resource,Christian Book,1035,"The American Missionary — Volume 43, No. 07, July, 1889",Various,2005,Missions,Missions Periodicals,https://www.gutenberg.org/ebooks/16147,https://www.gutenberg.org/ebooks/16147.txt.utf-8,verified,verified_allowed_with_project_gutenberg_terms,verified public domain. Source reviewed from https://www.gutenberg.org/ebooks/16147.,"Historical missions periodical for background, illustrations, and missions burden; use selectively.",data/library/verified/the-american-missionary-volume-43-no-07-july-1889-various.txt,17391,1.9,the american missionary no july|various,12
921,Tier 4 - useful supporting resource,Christian Book,1035,"The American Missionary — Volume 43, No. 08, August, 1889",Various,2005,Missions,Missions Periodicals,https://www.gutenberg.org/ebooks/16153,https://www.gutenberg.org/ebooks/16153.txt.utf-8,verified,verified_allowed_with_project_gutenberg_terms,verified public domain. Source reviewed from https://www.gutenberg.org/ebooks/16153.,"Historical missions periodical for background, illustrations, and missions burden; use selectively.",data/library/verified/the-american-missionary-volume-43-no-08-august-1889-various.txt,15347,1.7,the american missionary no august|various,11
922,Tier 4 - useful supporting resource,Christian Book,1035,"The American Missionary — Volume 43, No. 09, September, 1889",Various,2005,Missions,Missions Periodicals,https://www.gutenberg.org/ebooks/16154,https://www.gutenberg.org/ebooks/16154.txt.utf-8,verified,verified_allowed_with_project_gutenberg_terms,verified public domain. Source reviewed from https://www.gutenberg.org/ebooks/16154.,"Historical missions periodical for background, illustrations, and missions burden; use selectively.",data/library/verified/the-american-missionary-volume-43-no-09-september-1889-various.txt,16692,1.9,the american missionary no september|various,11
923,Tier 4 - useful supporting resource,Christian Book,1035,"The American Missionary — Volume 43, No. 10, October, 1889",Various,2005,Missions,Missions Periodicals,https://www.gutenberg.org/ebooks/16159,https://www.gutenberg.org/ebooks/16159.txt.utf-8,verified,verified_allowed_with_project_gutenberg_terms,verified public domain. Source reviewed from https://www.gutenberg.org/ebooks/16159.,"Historical missions periodical for background, illustrations, and missions burden; use selectively.",data/library/verified/the-american-missionary-volume-43-no-10-october-1889-various.txt,15504,1.7,the american missionary no october|various,13
924,Tier 4 - useful supporting resource,Christian Book,1035,"The American Missionary — Volume 43, No. 11, November, 1889",Various,2005,Missions,Missions Periodicals,https://www.gutenberg.org/ebooks/15914,https://www.gutenberg.org/ebooks/15914.txt.utf-8,verified,verified_allowed_with_project_gutenberg_terms,verified public domain. Source reviewed from https://www.gutenberg.org/ebooks/15914.,"Historical missions periodical for background, illustrations, and missions burden; use selectively.",data/library/verified/the-american-missionary-volume-43-no-11-november-1889-various.txt,15529,1.7,the american missionary no november|various,10
925,Tier 4 - useful supporting resource,Christian Book,1035,"The American Missionary — Volume 44, No. 01, January, 1890",Various,2005,Missions,Missions Periodicals,https://www.gutenberg.org/ebooks/15909,https://www.gutenberg.org/ebooks/15909.txt.utf-8,verified,verified_allowed_with_project_gutenberg_terms,verified public domain. Source reviewed from https://www.gutenberg.org/ebooks/15909.,"Historical missions periodical for background, illustrations, and missions burden; use selectively.",data/library/verified/the-american-missionary-volume-44-no-01-january-1890-various.txt,16509,1.8,the american missionary no january|various,13
926,Tier 4 - useful supporting resource,Christian Book,1035,"The American Missionary — Volume 44, No. 02, February, 1890",Various,2005,Missions,Missions Periodicals,https://www.gutenberg.org/ebooks/15231,https://www.gutenberg.org/ebooks/15231.txt.utf-8,verified,verified_allowed_with_project_gutenberg_terms,verified public domain. Source reviewed from https://www.gutenberg.org/ebooks/15231.,"Historical missions periodical for background, illustrations, and missions burden; use selectively.",data/library/verified/the-american-missionary-volume-44-no-02-february-1890-various.txt,16885,1.9,the american missionary no february|various,14
927,Tier 4 - useful supporting resource,Christian Book,1035,"The American Missionary — Volume 44, No. 03, March, 1890",Various,2005,Missions,Missions Periodicals,https://www.gutenberg.org/ebooks/15362,https://www.gutenberg.org/ebooks/15362.txt.utf-8,verified,verified_allowed_with_project_gutenberg_terms,verified public domain. Source reviewed from https://www.gutenberg.org/ebooks/15362.,"Historical missions periodical for background, illustrations, and missions burden; use selectively.",data/library/verified/the-american-missionary-volume-44-no-03-march-1890-various.txt,17736,2.0,the american missionary no march|various,13
928,Tier 4 - useful supporting resource,Christian Book,1035,"The American Missionary — Volume 44, No. 04, April, 1890",Various,2005,Missions,Missions Periodicals,https://www.gutenberg.org/ebooks/15609,https://www.gutenberg.org/ebooks/15609.txt.utf-8,verified,verified_allowed_with_project_gutenberg_terms,verified public domain. Source reviewed from https://www.gutenberg.org/ebooks/15609.,"Historical missions periodical for background, illustrations, and missions burden; use selectively.",data/library/verified/the-american-missionary-volume-44-no-04-april-1890-various.txt,17582,2.0,the american missionary no april|various,13
929,Tier 4 - useful supporting resource,Christian Book,1035,"The American Missionary — Volume 44, No. 05, May, 1890",Various,2005,Missions,Missions Periodicals,https://www.gutenberg.org/ebooks/15647,https://www.gutenberg.org/ebooks/15647.txt.utf-8,verified,verified_allowed_with_project_gutenberg_terms,verified public domain. Source reviewed from https://www.gutenberg.org/ebooks/15647.,"Historical missions periodical for background, illustrations, and missions burden; use selectively.",data/library/verified/the-american-missionary-volume-44-no-05-may-1890-various.txt,15938,1.8,the american missionary no may|various,11
930,Tier 4 - useful supporting resource,Christian Book,1035,"The American Missionary — Volume 44, No. 06, June, 1890",Various,2005,Missions,Missions Periodicals,https://www.gutenberg.org/ebooks/16036,https://www.gutenberg.org/ebooks/16036.txt.utf-8,verified,verified_allowed_with_project_gutenberg_terms,verified public domain. Source reviewed from https://www.gutenberg.org/ebooks/16036.,"Historical missions periodical for background, illustrations, and missions burden; use selectively.",data/library/verified/the-american-missionary-volume-44-no-06-june-1890-various.txt,17257,1.9,the american missionary no june|various,13
931,Tier 4 - useful supporting resource,Christian Book,1035,"The American Missionary — Volume 44, No. 10, October, 1890",Various,2005,Missions,Missions Periodicals,https://www.gutenberg.org/ebooks/14631,https://www.gutenberg.org/ebooks/14631.txt.utf-8,verified,verified_allowed_with_project_gutenberg_terms,verified public domain. Source reviewed from https://www.gutenberg.org/ebooks/14631.,"Historical missions periodical for background, illustrations, and missions burden; use selectively.",data/library/verified/the-american-missionary-volume-44-no-10-october-1890-various.txt,15020,1.7,the american missionary no october|various,13
932,Tier 4 - useful supporting resource,Christian Book,1035,"The American Missionary — Volume 45, No. 02, February, 1891",Various,2005,Missions,Missions Periodicals,https://www.gutenberg.org/ebooks/16060,https://www.gutenberg.org/ebooks/16060.txt.utf-8,verified,verified_allowed_with_project_gutenberg_terms,verified public domain. Source reviewed from https://www.gutenberg.org/ebooks/16060.,"Historical missions periodical for background, illustrations, and missions burden; use selectively.",data/library/verified/the-american-missionary-volume-45-no-02-february-1891-various.txt,16680,1.9,the american missionary no february|various,14
933,Tier 4 - useful supporting resource,Christian Book,1035,"The American Missionary — Volume 48, No. 07, July, 1894",Various,2008,Missions,Missions Periodicals,https://www.gutenberg.org/ebooks/26195,https://www.gutenberg.org/ebooks/26195.txt.utf-8,verified,verified_allowed_with_project_gutenberg_terms,verified public domain. Source reviewed from https://www.gutenberg.org/ebooks/26195.,"Historical missions periodical for background, illustrations, and missions burden; use selectively.",data/library/verified/the-american-missionary-volume-48-no-07-july-1894-various.txt,18339,2.0,the american missionary no july|various,12
934,Tier 4 - useful supporting resource,Christian Book,1035,"The American Missionary — Volume 48, No. 10, October, 1894",Various,2005,Missions,Missions Periodicals,https://www.gutenberg.org/ebooks/15666,https://www.gutenberg.org/ebooks/15666.txt.utf-8,verified,verified_allowed_with_project_gutenberg_terms,verified public domain. Source reviewed from https://www.gutenberg.org/ebooks/15666.,"Historical missions periodical for background, illustrations, and missions burden; use selectively.",data/library/verified/the-american-missionary-volume-48-no-10-october-1894-various.txt,16825,1.9,the american missionary no october|various,13
935,Tier 4 - useful supporting resource,Christian Book,1035,"The American Missionary — Volume 49, No. 02, February, 1895",Various,2008,Missions,Missions Periodicals,https://www.gutenberg.org/ebooks/26794,https://www.gutenberg.org/ebooks/26794.txt.utf-8,verified,verified_allowed_with_project_gutenberg_terms,verified public domain. Source reviewed from https://www.gutenberg.org/ebooks/26794.,"Historical missions periodical for background, illustrations, and missions burden; use selectively.",data/library/verified/the-american-missionary-volume-49-no-02-february-1895-various.txt,21411,2.4,the american missionary no february|various,14
936,Tier 4 - useful supporting resource,Christian Book,1035,"The American Missionary — Volume 49, No. 03, March, 1895",Various,2005,Missions,Missions Periodicals,https://www.gutenberg.org/ebooks/15887,https://www.gutenberg.org/ebooks/15887.txt.utf-8,verified,verified_allowed_with_project_gutenberg_terms,verified public domain. Source reviewed from https://www.gutenberg.org/ebooks/15887.,"Historical missions periodical for background, illustrations, and missions burden; use selectively.",data/library/verified/the-american-missionary-volume-49-no-03-march-1895-various.txt,17053,1.9,the american missionary no march|various,13
937,Tier 4 - useful supporting resource,Christian Book,1035,"The American Missionary — Volume 49, No. 04, April, 1895",Various,2006,Missions,Missions Periodicals,https://www.gutenberg.org/ebooks/18001,https://www.gutenberg.org/ebooks/18001.txt.utf-8,verified,verified_allowed_with_project_gutenberg_terms,verified public domain. Source reviewed from https://www.gutenberg.org/ebooks/18001.,"Historical missions periodical for background, illustrations, and missions burden; use selectively.",data/library/verified/the-american-missionary-volume-49-no-04-april-1895-various.txt,16344,1.8,the american missionary no april|various,13
938,Tier 4 - useful supporting resource,Christian Book,1035,"The American Missionary — Volume 49, No. 05, May, 1895",Various,2006,Missions,Missions Periodicals,https://www.gutenberg.org/ebooks/19903,https://www.gutenberg.org/ebooks/19903.txt.utf-8,verified,verified_allowed_with_project_gutenberg_terms,verified public domain. Source reviewed from https://www.gutenberg.org/ebooks/19903.,"Historical missions periodical for background, illustrations, and missions burden; use selectively.",data/library/verified/the-american-missionary-volume-49-no-05-may-1895-various.txt,16019,1.8,the american missionary no may|various,11
939,Tier 4 - useful supporting resource,Christian Book,1035,"The American Missionary — Volume 50, No. 01, January, 1896",Various,2008,Missions,Missions Periodicals,https://www.gutenberg.org/ebooks/26022,https://www.gutenberg.org/ebooks/26022.txt.utf-8,verified,verified_allowed_with_project_gutenberg_terms,verified public domain. Source reviewed from https://www.gutenberg.org/ebooks/26022.,"Historical missions periodical for background, illustrations, and missions burden; use selectively.",data/library/verified/the-american-missionary-volume-50-no-01-january-1896-various.txt,17816,2.0,the american missionary no january|various,13
940,Tier 4 - useful supporting resource,Christian Book,1035,"The American Missionary — Volume 50, No. 02, February, 1896",Various,2007,Missions,Missions Periodicals,https://www.gutenberg.org/ebooks/21595,https://www.gutenberg.org/ebooks/21595.txt.utf-8,verified,verified_allowed_with_project_gutenberg_terms,verified public domain. Source reviewed from https://www.gutenberg.org/ebooks/21595.,"Historical missions periodical for background, illustrations, and missions burden; use selectively.",data/library/verified/the-american-missionary-volume-50-no-02-february-1896-various.txt,17754,2.0,the american missionary no february|various,14
941,Tier 4 - useful supporting resource,Christian Book,1035,"The American Missionary — Volume 50, No. 03, March, 1896",Various,2007,Missions,Missions Periodicals,https://www.gutenberg.org/ebooks/21952,https://www.gutenberg.org/ebooks/21952.txt.utf-8,verified,verified_allowed_with_project_gutenberg_terms,verified public domain. Source reviewed from https://www.gutenberg.org/ebooks/21952.,"Historical missions periodical for background, illustrations, and missions burden; use selectively.",data/library/verified/the-american-missionary-volume-50-no-03-march-1896-various.txt,19085,2.1,the american missionary no march|various,13
942,Tier 4 - useful supporting resource,Christian Book,1035,"The American Missionary — Volume 50, No. 04, April, 1896",Various,2006,Missions,Missions Periodicals,https://www.gutenberg.org/ebooks/20093,https://www.gutenberg.org/ebooks/20093.txt.utf-8,verified,verified_allowed_with_project_gutenberg_terms,verified public domain. Source reviewed from https://www.gutenberg.org/ebooks/20093.,"Historical missions periodical for background, illustrations, and missions burden; use selectively.",data/library/verified/the-american-missionary-volume-50-no-04-april-1896-various.txt,17507,1.9,the american missionary no april|various,13
943,Tier 4 - useful supporting resource,Christian Book,1035,"The American Missionary — Volume 50, No. 05, May, 1896",Various,2008,Missions,Missions Periodicals,https://www.gutenberg.org/ebooks/26996,https://www.gutenberg.org/ebooks/26996.txt.utf-8,verified,verified_allowed_with_project_gutenberg_terms,verified public domain. Source reviewed from https://www.gutenberg.org/ebooks/26996.,"Historical missions periodical for background, illustrations, and missions burden; use selectively.",data/library/verified/the-american-missionary-volume-50-no-05-may-1896-various.txt,16942,1.9,the american missionary no may|various,11
944,Tier 4 - useful supporting resource,Christian Book,1035,"The American Missionary — Volume 50, No. 06, June, 1896",Various,2006,Missions,Missions Periodicals,https://www.gutenberg.org/ebooks/19890,https://www.gutenberg.org/ebooks/19890.txt.utf-8,verified,verified_allowed_with_project_gutenberg_terms,verified public domain. Source reviewed from https://www.gutenberg.org/ebooks/19890.,"Historical missions periodical for background, illustrations, and missions burden; use selectively.",data/library/verified/the-american-missionary-volume-50-no-06-june-1896-various.txt,17099,1.9,the american missionary no june|various,13
945,Tier 4 - useful supporting resource,Christian Book,1035,"The American Missionary — Volume 50, No. 08, August, 1896",Various,2005,Missions,Missions Periodicals,https://www.gutenberg.org/ebooks/16216,https://www.gutenberg.org/ebooks/16216.txt.utf-8,verified,verified_allowed_with_project_gutenberg_terms,verified public domain. Source reviewed from https://www.gutenberg.org/ebooks/16216.,"Historical missions periodical for background, illustrations, and missions burden; use selectively.",data/library/verified/the-american-missionary-volume-50-no-08-august-1896-various.txt,15879,1.8,the american missionary no august|various,11
946,Tier 4 - useful supporting resource,Christian Book,1035,"The American Missionary — Volume 50, No. 09, September, 1896",Various,2008,Missions,Missions Periodicals,https://www.gutenberg.org/ebooks/25906,https://www.gutenberg.org/ebooks/25906.txt.utf-8,verified,verified_allowed_with_project_gutenberg_terms,verified public domain. Source reviewed from https://www.gutenberg.org/ebooks/25906.,"Historical missions periodical for background, illustrations, and missions burden; use selectively.",data/library/verified/the-american-missionary-volume-50-no-09-september-1896-various.txt,15847,1.8,the american missionary no september|various,11
947,Tier 4 - useful supporting resource,Christian Book,1035,"The American Missionary — Volume 52, No. 02, June, 1898",Various,2008,Missions,Missions Periodicals,https://www.gutenberg.org/ebooks/25958,https://www.gutenberg.org/ebooks/25958.txt.utf-8,verified,verified_allowed_with_project_gutenberg_terms,verified public domain. Source reviewed from https://www.gutenberg.org/ebooks/25958.,"Historical missions periodical for background, illustrations, and missions burden; use selectively.",data/library/verified/the-american-missionary-volume-52-no-02-june-1898-various.txt,29632,3.3,the american missionary no june|various,13
948,Tier 4 - useful supporting resource,Christian Book,1035,"The American Missionary — Volume 52, No. 03, September, 1898",Various,2008,Missions,Missions Periodicals,https://www.gutenberg.org/ebooks/26079,https://www.gutenberg.org/ebooks/26079.txt.utf-8,verified,verified_allowed_with_project_gutenberg_terms,verified public domain. Source reviewed from https://www.gutenberg.org/ebooks/26079.,"Historical missions periodical for background, illustrations, and missions burden; use selectively.",data/library/verified/the-american-missionary-volume-52-no-03-september-1898-various.txt,28230,3.1,the american missionary no september|various,11
949,Tier 4 - useful supporting resource,Christian Book,1035,"The American Missionary — Volume 54, No. 01, January, 1900",Various,2009,Missions,Missions Periodicals,https://www.gutenberg.org/ebooks/27714,https://www.gutenberg.org/ebooks/27714.txt.utf-8,verified,verified_allowed_with_project_gutenberg_terms,verified public domain. Source reviewed from https://www.gutenberg.org/ebooks/27714.,"Historical missions periodical for background, illustrations, and missions burden; use selectively.",data/library/verified/the-american-missionary-volume-54-no-01-january-1900-various.txt,23339,2.6,the american missionary no january|various,13
950,Tier 4 - useful supporting resource,Christian Book,1035,"The American Missionary — Volume 54, No. 02, April, 1900",Various,2009,Missions,Missions Periodicals,https://www.gutenberg.org/ebooks/28468,https://www.gutenberg.org/ebooks/28468.txt.utf-8,verified,verified_allowed_with_project_gutenberg_terms,verified public domain. Source reviewed from https://www.gutenberg.org/ebooks/28468.,"Historical missions periodical for background, illustrations, and missions burden; use selectively.",data/library/verified/the-american-missionary-volume-54-no-02-april-1900-various.txt,26459,2.9,the american missionary no april|various,13
951,Tier 4 - useful supporting resource,Christian Book,1035,"The American Missionary — Volume 54, No. 03, July, 1900",Various,2009,Missions,Missions Periodicals,https://www.gutenberg.org/ebooks/28541,https://www.gutenberg.org/ebooks/28541.txt.utf-8,verified,verified_allowed_with_project_gutenberg_terms,verified public domain. Source reviewed from https://www.gutenberg.org/ebooks/28541.,"Historical missions periodical for background, illustrations, and missions burden; use selectively.",data/library/verified/the-american-missionary-volume-54-no-03-july-1900-various.txt,25252,2.8,the american missionary no july|various,12
952,Tier 4 - useful supporting resource,Christian Book,1035,"The American Missionary — Volume 54, No. 04, October, 1900",Various,2009,Missions,Missions Periodicals,https://www.gutenberg.org/ebooks/28712,https://www.gutenberg.org/ebooks/28712.txt.utf-8,verified,verified_allowed_with_project_gutenberg_terms,verified public domain. Source reviewed from https://www.gutenberg.org/ebooks/28712.,"Historical missions periodical for background, illustrations, and missions burden; use selectively.",data/library/verified/the-american-missionary-volume-54-no-04-october-1900-various.txt,23555,2.6,the american missionary no october|various,13
953,Tier 4 - useful supporting resource,Christian Book,1035,"The American Missionary, Volume 34, No. 12, December 1880",Various,2017,Missions,Missions Periodicals,https://www.gutenberg.org/ebooks/55016,https://www.gutenberg.org/ebooks/55016.txt.utf-8,verified,verified_allowed_with_project_gutenberg_terms,verified public domain. Source reviewed from https://www.gutenberg.org/ebooks/55016.,"Historical missions periodical for background, illustrations, and missions burden; use selectively.",data/library/verified/the-american-missionary-volume-34-no-12-december-1880-various.txt,22198,2.5,the american missionary no december|various,9
954,Tier 4 - useful supporting resource,Christian Book,1035,"The Last Journals of David Livingstone, in Central Africa, from 1865 to His Death, Volume I (of 2), 1866-1868","Livingstone, David; Waller, Horace",2005,Christian Living,Christian Living,https://www.gutenberg.org/ebooks/16672,https://www.gutenberg.org/ebooks/16672.txt.utf-8,verified,verified_allowed_with_project_gutenberg_terms,Project Gutenberg catalog/metadata source indicates public-domain availability in the USA. Retain source/license notes for redistributed Project Gutenberg files.,Christian classic or devotional resource for careful reading and practical application.,data/library/verified/the-last-journals-of-david-livingstone-in-central-africa-from-1865-to-his-death-volume-i-o.txt,126481,14.1,the last journals of david livingstone in central africa from to his death|livingstone david waller horace,1
955,Tier 4 - useful supporting resource,Christian Book,1035,The Life and Works of the World's Greatest Evangelist,Dwight L. Moody,1900,Evangelism,Moody Collection,https://archive.org/download/lifeworksofworld0000jwha/lifeworksofworld0000jwha_djvu.txt,https://archive.org/download/lifeworksofworld0000jwha/lifeworksofworld0000jwha_djvu.txt,verified,verified_allowed_public_domain,verified public domain. Source reviewed from https://archive.org/download/lifeworksofworld0000jwha/lifeworksofworld0000jwha_djvu.txt.,D. L. Moody evangelistic and devotional resource for Christian living and ministry use. OCR text should be spot-checked before quotation.,data/library/verified/the-life-and-works-of-the-world-s-greatest-evangelist-dwight-l-moody.txt,129353,14.4,the life and works of the world s greatest evangelist|dwight l moody,1
956,Tier 4 - useful supporting resource,Christian Book,1030,Christian living,"Meyer, F. B. (Frederick Brotherton), 1847-1929",2026,Christian Living,F. B. Meyer Collection,https://archive.org/download/christianliving00meye/christianliving00meye_djvu.txt,https://archive.org/download/christianliving00meye/christianliving00meye_djvu.txt,verified,verified_allowed_public_domain,verified public domain. Source reviewed from https://archive.org/download/christianliving00meye/christianliving00meye_djvu.txt.,F. B. Meyer devotional and Bible study resource for Christian living and teaching application. OCR text should be spot-checked before quotation.,data/library/verified/christian-living-meyer-f-b-frederick-brotherton-1847-1929.txt,26112,2.9,christian living|meyer f b frederick brotherton 1847 1929,1
957,Tier 4 - useful supporting resource,Christian Book,1030,"Elijah the Tishbite. Miscellaneous Writings of C. H. Mackintosh, vol. V","Mackintosh, Charles Henry",2012,Christian Living,Bible Doctrine,https://www.gutenberg.org/ebooks/40515,https://www.gutenberg.org/ebooks/40515.txt.utf-8,verified,verified_allowed_with_project_gutenberg_terms,verified public domain. Source reviewed from https://www.gutenberg.org/ebooks/40515.,Christian living and theology resource for careful study and practical application.,data/library/verified/elijah-the-tishbite-miscellaneous-writings-of-c-h-mackintosh-vol-v-mackintosh-charles-henry.txt,105946,11.8,elijah the tishbite miscellaneous writings of c h mackintosh|mackintosh charles henry,1
958,Tier 4 - useful supporting resource,Christian Book,1030,Life and Death of Mr. Badman,John Bunyan,1680,Classics,Classics,https://www.gutenberg.org/ebooks/1986,https://www.gutenberg.org/ebooks/1986.txt.utf-8,verified,verified_allowed_with_project_gutenberg_terms,Project Gutenberg catalog page reports public domain in the USA. Retain source/license notes for redistributed Project Gutenberg files.,"Illustrations, devotional reading, and Christian life warnings.",data/library/verified/life-and-death-of-mr-badman.txt,80818,9.0,life and death of mr badman|john bunyan,1
959,Tier 4 - useful supporting resource,Christian Book,1030,"Life and Times of David. Miscellaneous Writings of C. H. Mackintosh, vol. VI","Mackintosh, Charles Henry",2013,Christian Living,Bible Doctrine,https://www.gutenberg.org/ebooks/42343,https://www.gutenberg.org/ebooks/42343.txt.utf-8,verified,verified_allowed_with_project_gutenberg_terms,verified public domain. Source reviewed from https://www.gutenberg.org/ebooks/42343.,Christian living and theology resource for careful study and practical application.,data/library/verified/life-and-times-of-david-miscellaneous-writings-of-c-h-mackintosh-vol-vi-mackintosh-charles-henry.txt,107392,11.9,life and times of david miscellaneous writings of c h mackintosh|mackintosh charles henry,1
960,Tier 4 - useful supporting resource,Christian Book,1030,Religious Education in the Family,Henry Frederick Cope,2006,Christian Living,Home & Family,https://www.gutenberg.org/ebooks/17570,https://www.gutenberg.org/ebooks/17570.txt.utf-8,verified,verified_allowed_with_project_gutenberg_terms,verified public domain. Source reviewed from https://www.gutenberg.org/ebooks/17570.,"Public-domain family discipleship resource for parents, teachers, and church home-life teaching.",data/library/verified/religious-education-in-the-family-henry-frederick-cope.txt,69040,7.7,religious education in the family|henry frederick cope,1
961,Tier 4 - useful supporting resource,Christian Book,1030,"The Assembly of God. Miscellaneous Writings of C. H. Mackintosh, vol. III","Mackintosh, Charles Henry",2011,Christian Living,Bible Doctrine,https://www.gutenberg.org/ebooks/37274,https://www.gutenberg.org/ebooks/37274.txt.utf-8,verified,verified_allowed_with_project_gutenberg_terms,verified public domain. Source reviewed from https://www.gutenberg.org/ebooks/37274.,Christian living and theology resource for careful study and practical application.,data/library/verified/the-assembly-of-god-miscellaneous-writings-of-c-h-mackintosh-vol-iii-mackintosh-charles-henry.txt,125542,13.9,the assembly of god miscellaneous writings of c h mackintosh|mackintosh charles henry,1
962,Tier 4 - useful supporting resource,Christian Book,1030,The Cross: A Tract for the Times,J. C. Ryle,1851,Christian Living,Christian Living,https://www.gutenberg.org/ebooks/62001,https://www.gutenberg.org/ebooks/62001.txt.utf-8,verified,verified_allowed_with_project_gutenberg_terms,Project Gutenberg catalog page reports public domain in the USA. Retain source/license notes for redistributed Project Gutenberg files.,"Gospel teaching, devotional reading, and cross-centered study.",data/library/verified/the-cross-ryle.txt,12287,1.4,the cross a tract for the times|j c ryle,1
963,Tier 4 - useful supporting resource,Christian Book,1030,The exalted Christ and our identification with Him in His exaltation : addresses and Bible readings delivered at Mildmay Conference,"Meyer, F. B. (Frederick Brotherton), 1847-1929",2026,Christian Living,F. B. Meyer Collection,https://archive.org/download/theexaltedchrist00meyeuoft/theexaltedchrist00meyeuoft_djvu.txt,https://archive.org/download/theexaltedchrist00meyeuoft/theexaltedchrist00meyeuoft_djvu.txt,verified,verified_allowed_public_domain,verified public domain. Source reviewed from https://archive.org/download/theexaltedchrist00meyeuoft/theexaltedchrist00meyeuoft_djvu.txt.,F. B. Meyer devotional and Bible study resource for Christian living and teaching application. OCR text should be spot-checked before quotation.,data/library/verified/the-exalted-christ-and-our-identification-with-him-in-his-exaltation-addresses-and-bible-readings-delivered-at.txt,18828,2.1,the exalted christ and our identification with him in his exaltation addresses and bible readings delivered at mildmay conference|meyer f b frederick brotherton 1847 1929,1
964,Tier 4 - useful supporting resource,Christian Book,1030,"The Lord's Coming. Miscellaneous Writings of C. H. Mackintosh, vol. II","Mackintosh, Charles Henry",2012,Christian Living,Bible Doctrine,https://www.gutenberg.org/ebooks/40556,https://www.gutenberg.org/ebooks/40556.txt.utf-8,verified,verified_allowed_with_project_gutenberg_terms,verified public domain. Source reviewed from https://www.gutenberg.org/ebooks/40556.,Christian living and theology resource for careful study and practical application.,data/library/verified/the-lord-s-coming-miscellaneous-writings-of-c-h-mackintosh-vol-ii-mackintosh-charles-henry.txt,117438,13.0,the lord s coming miscellaneous writings of c h mackintosh|mackintosh charles henry,1
965,Tier 4 - useful supporting resource,Christian Book,1030,The Master's Indwelling,Andrew Murray,1896,Christian life,Christian life,https://www.gutenberg.org/ebooks/12854,https://www.gutenberg.org/ebooks/12854.txt.utf-8,verified,verified_allowed_with_project_gutenberg_terms,Project Gutenberg catalog page reports public domain in the USA. Retain source/license notes for redistributed Project Gutenberg files.,Christian classic or devotional resource for careful reading and practical application.,data/library/verified/the-masters-indwelling.txt,47241,5.2,the master s indwelling|andrew murray,1
966,Tier 4 - useful supporting resource,Christian Book,1030,The Riches of Bunyan,John Bunyan,1850,Classics,Classics,https://www.gutenberg.org/ebooks/5831,https://www.gutenberg.org/ebooks/5831.txt.utf-8,verified,verified_allowed_with_project_gutenberg_terms,Project Gutenberg catalog page reports public domain in the USA. Retain source/license notes for redistributed Project Gutenberg files.,Devotional reading and illustration mining.,data/library/verified/the-riches-of-bunyan.txt,167683,18.6,the riches of bunyan|john bunyan,1
967,Tier 4 - useful supporting resource,Christian Book,1030,"The Sabbath / A Paper Read at the Conference of the Evangelical Alliance, Held at Geneva, September 2. 1861","Thomson, Andrew; Ryle, J. C. (John Charles)",2015,Evangelism,Evangelism,https://www.gutenberg.org/ebooks/48182,https://www.gutenberg.org/ebooks/48182.txt.utf-8,verified,verified_allowed_with_project_gutenberg_terms,Project Gutenberg catalog/metadata source indicates public-domain availability in the USA. Retain source/license notes for redistributed Project Gutenberg files.,"Evangelism resource for gospel clarity, illustrations, and practical application.",data/library/verified/the-sabbath-a-paper-read-at-the-conference-of-the-evangelical-alliance-held-at-geneva-sept.txt,9321,1.0,the sabbath a paper read at the conference of the evangelical alliance held at geneva september|thomson andrew ryle j c john charles,1
968,Tier 4 - useful supporting resource,Christian Book,1030,The Works of Mr. George Gillespie (Vol. 1 of 2),"Gillespie, George; Hetherington, W. M. (William Maxwell)",2008,Christian Living,Christian Living,https://www.gutenberg.org/ebooks/26849,https://www.gutenberg.org/ebooks/26849.txt.utf-8,verified,verified_allowed_with_project_gutenberg_terms,verified public domain. Source reviewed from https://www.gutenberg.org/ebooks/26849.,Christian living resource for devotional reading and practical application.,data/library/verified/the-works-of-mr-george-gillespie-vol-1-of-2-gillespie-george-hetherington-w-m-william-maxwell.txt,290581,32.3,the works of mr george gillespie|gillespie george hetherington w m william maxwell,1
969,Tier 4 - useful supporting resource,Christian Book,1030,"The works of the Rev. John Wesley, Vol. 01 (of 32)","Wesley, John",2019,Christian Living,Bible Doctrine,https://www.gutenberg.org/ebooks/59743,https://www.gutenberg.org/ebooks/59743.txt.utf-8,verified,verified_allowed_with_project_gutenberg_terms,verified public domain. Source reviewed from https://www.gutenberg.org/ebooks/59743.,Christian living and theology resource for careful study and practical application.,data/library/verified/the-works-of-the-rev-john-wesley-vol-01-of-32-wesley-john.txt,86907,9.7,the works of the rev john wesley|wesley john,1
970,Tier 4 - useful supporting resource,Christian Book,1025,Organizing and Building Up the Sunday School,Jesse Lyman Hurlbut,2011,Preaching & Teaching,Sunday School Teacher Collection,https://www.gutenberg.org/ebooks/35050,https://www.gutenberg.org/ebooks/35050.txt.utf-8,verified,verified_allowed_with_project_gutenberg_terms,verified. Source reviewed from https://www.gutenberg.org/ebooks/35050.,Sunday School organization and teaching help for church teachers and ministry leaders.,data/library/verified/organizing-and-building-up-the-sunday-school-jesse-lyman-hurlbut.txt,36900,4.1,organizing and building up the sunday school|jesse lyman hurlbut,1
971,Tier 4 - useful supporting resource,Christian Book,1025,Sowing and Reaping,"Moody, Dwight Lyman",2009,Christian Living,Christian Living,https://www.gutenberg.org/ebooks/30768,https://www.gutenberg.org/ebooks/30768.txt.utf-8,verified,verified_allowed_with_project_gutenberg_terms,Project Gutenberg catalog/metadata source indicates public-domain availability in the USA. Retain source/license notes for redistributed Project Gutenberg files.,Christian classic or devotional resource for careful reading and practical application.,data/library/verified/sowing-and-reaping.txt,27421,3.0,sowing and reaping|moody dwight lyman,1
972,Tier 4 - useful supporting resource,Christian Book,1025,"The Mormon's Mistake; or, What Is the Gospel?",H. A. Ironside,1890,Evangelism,H. A. Ironside Collection,https://archive.org/download/mormonsmistakeor00iron/mormonsmistakeor00iron_djvu.txt,https://archive.org/download/mormonsmistakeor00iron/mormonsmistakeor00iron_djvu.txt,verified,verified_allowed_public_domain,Internet Archive item mormonsmistakeor00iron lists public-domain or NOT_IN_COPYRIGHT status. Direct IA OCR text imported for beta reading with use-with-discernment and OCR spot-check labels.,Gospel tract resource for evangelism and apologetics with Scripture-first review.,data/library/verified/the-mormon-s-mistake-or-what-is-the-gospel-h-a-ironside.txt,3647,0.4,the mormon s mistake or what is the gospel|h a ironside,1
973,Tier 4 - useful supporting resource,Christian Book,1025,The Pastor: His Qualifications and Duties,H. Harvey,2020,Preaching & Teaching,Pastoral Ministry & Sermon Helps,https://www.gutenberg.org/ebooks/61170,https://www.gutenberg.org/ebooks/61170.txt.utf-8,verified,verified_allowed_with_project_gutenberg_terms,verified public domain. Source reviewed from https://www.gutenberg.org/ebooks/61170.,"Public-domain pastoral ministry resource for sermon preparation, pastoral care, and preacher training.",data/library/verified/the-pastor-his-qualifications-and-duties-h-harvey.txt,54533,6.1,the pastor his qualifications and duties|h harvey,1
974,Tier 4 - useful supporting resource,Christian Book,1020,A History of the Reformation (Vol. 1 of 2),Thomas M. Lindsay,2012,Christian Living,Church History,https://www.gutenberg.org/ebooks/40615,https://www.gutenberg.org/ebooks/40615.txt.utf-8,verified,verified_allowed_with_project_gutenberg_terms,verified public domain. Source reviewed from https://www.gutenberg.org/ebooks/40615.,Church history resource for historical context; compare doctrinal claims with Scripture.,data/library/verified/a-history-of-the-reformation-vol-1-of-2-thomas-m-lindsay.txt,180340,20.0,a history of the reformation|thomas m lindsay,1
975,Tier 4 - useful supporting resource,Christian Book,1020,A Narrative of Some of the Lord's Dealings with George Müller. Part 1,George Müller,1837,Prayer,Prayer,https://www.gutenberg.org/ebooks/20379,https://www.gutenberg.org/ebooks/20379.txt.utf-8,verified,verified_allowed_with_project_gutenberg_terms,Project Gutenberg catalog page reports public domain in the USA. Retain source/license notes for redistributed Project Gutenberg files.,"Prayer research, ministry encouragement, and historical source reading.",data/library/verified/a-narrative-of-some-of-the-lord-s-dealings-with-george-m-ller-part-1.txt,86639,9.6,a narrative of some of the lord s dealings with george mu ller|george mu ller,1
976,Tier 4 - useful supporting resource,Christian Book,1020,Daily Help,C. H. Spurgeon,1900,Christian Living,Spurgeon Collection,https://archive.org/download/dailyhelp00spur/dailyhelp00spur_djvu.txt,https://archive.org/download/dailyhelp00spur/dailyhelp00spur_djvu.txt,verified,verified_allowed_public_domain,Internet Archive item dailyhelp00spur lists public-domain or NOT_IN_COPYRIGHT status. Direct IA OCR text imported for beta reading with use-with-discernment and OCR spot-check labels.,"Short devotional selections for daily reading, listening, prayer, and sermon illustration.",data/library/verified/daily-help-c-h-spurgeon.txt,44053,4.9,daily help|c h spurgeon,1
977,Tier 4 - useful supporting resource,Christian Book,1020,"Health, Healing, and Faith",Russell H. Conwell,2011,Prayer,Prayer Classics,https://www.gutenberg.org/ebooks/36891,https://www.gutenberg.org/ebooks/36891.txt.utf-8,verified,verified_allowed_with_project_gutenberg_terms,verified public domain. Source reviewed from https://www.gutenberg.org/ebooks/36891.,"Prayer reading for personal devotion, church prayer, and teaching application.",data/library/verified/health-healing-and-faith-russell-h-conwell.txt,11868,1.3,health healing and faith|russell h conwell,1
978,Tier 4 - useful supporting resource,Christian Book,1020,"Home truths, miscellaneous addresses and tracts",John Charles Ryle,2026,Christian Living,Ryle Collection,https://archive.org/download/hometruthsmisce00rylegoog/hometruthsmisce00rylegoog_djvu.txt,https://archive.org/download/hometruthsmisce00rylegoog/hometruthsmisce00rylegoog_djvu.txt,verified,verified_allowed_public_domain,verified public domain. Source reviewed from https://archive.org/download/hometruthsmisce00rylegoog/hometruthsmisce00rylegoog_djvu.txt.,"J. C. Ryle practical Christian resource for discipleship, teaching, and devotional reading. OCR text should be spot-checked before quotation.",data/library/verified/home-truths-miscellaneous-addresses-and-tracts-john-charles-ryle.txt,88120,9.8,home truths miscellaneous addresses and tracts|john charles ryle,1
979,Tier 4 - useful supporting resource,Christian Book,1020,Hymns for the church on earth,"Ryle, J. C.",2026,Christian Living,Ryle Collection,https://archive.org/download/hymnsforchurchon0000ryle/hymnsforchurchon0000ryle_djvu.txt,https://archive.org/download/hymnsforchurchon0000ryle/hymnsforchurchon0000ryle_djvu.txt,verified,verified_allowed_public_domain,verified public domain. Source reviewed from https://archive.org/download/hymnsforchurchon0000ryle/hymnsforchurchon0000ryle_djvu.txt.,"J. C. Ryle practical Christian resource for discipleship, teaching, and devotional reading. OCR text should be spot-checked before quotation.",data/library/verified/hymns-for-the-church-on-earth-ryle-j-c.txt,61606,6.8,hymns for the church on earth|ryle j c,1
980,Tier 4 - useful supporting resource,Christian Book,1020,"Hymns for the Church on earth, selected and arranged by J.C. Ryle: Being Three Hundred Hymns and ...",John Charles Ryle,2026,Christian Living,Ryle Collection,https://archive.org/download/hymnsforchurcho01rylegoog/hymnsforchurcho01rylegoog_djvu.txt,https://archive.org/download/hymnsforchurcho01rylegoog/hymnsforchurcho01rylegoog_djvu.txt,verified,verified_allowed_public_domain,verified public domain. Source reviewed from https://archive.org/download/hymnsforchurcho01rylegoog/hymnsforchurcho01rylegoog_djvu.txt.,"J. C. Ryle practical Christian resource for discipleship, teaching, and devotional reading. OCR text should be spot-checked before quotation.",data/library/verified/hymns-for-the-church-on-earth-selected-and-arranged-by-j-c-ryle-being-three-hundred-hymns-and-john-charles-ryl.txt,64772,7.2,hymns for the church on earth selected and arranged by j c ryle being three hundred hymns and|john charles ryle,1
981,Tier 4 - useful supporting resource,Christian Book,1020,Hymns for the church on earth. ..,"Ryle, J. C. (John Charles), 1816-1900 comp",1883,Christian Living,Ryle Collection,https://archive.org/download/hymnsforchurchon00ryl/hymnsforchurchon00ryl_djvu.txt,https://archive.org/download/hymnsforchurchon00ryl/hymnsforchurchon00ryl_djvu.txt,verified,verified_allowed_public_domain,verified public domain. Source reviewed from https://archive.org/download/hymnsforchurchon00ryl/hymnsforchurchon00ryl_djvu.txt.,"J. C. Ryle practical Christian resource for discipleship, teaching, and devotional reading. OCR text should be spot-checked before quotation.",data/library/verified/hymns-for-the-church-on-earth-ryle-j-c-john-charles-1816-1900-comp.txt,73939,8.2,hymns for the church on earth|ryle j c john charles 1816 1900 comp,1
982,Tier 4 - useful supporting resource,Christian Book,1020,John Ploughman's Pictures,C. H. Spurgeon,1896,Christian Living,Spurgeon Collection,https://archive.org/download/johnploughmanspi00spurrich/johnploughmanspi00spurrich_djvu.txt,https://archive.org/download/johnploughmanspi00spurrich/johnploughmanspi00spurrich_djvu.txt,verified,verified_allowed_public_domain,Internet Archive item johnploughmanspi00spurrich lists public-domain or NOT_IN_COPYRIGHT status. Direct IA OCR text imported for beta reading with use-with-discernment and OCR spot-check labels.,Plain practical Christian living resource with illustrations useful for teaching and sermon application.,data/library/verified/john-ploughman-s-pictures-c-h-spurgeon.txt,42078,4.7,john ploughman s pictures|c h spurgeon,1
983,Tier 4 - useful supporting resource,Christian Book,1020,John Ploughman's Talk,C. H. Spurgeon,1896,Christian Living,Spurgeon Collection,https://archive.org/download/johnploughmansta00spur/johnploughmansta00spur_djvu.txt,https://archive.org/download/johnploughmansta00spur/johnploughmansta00spur_djvu.txt,verified,verified_allowed_public_domain,"Published in 1896, before the current U.S. public-domain cutoff for 2026. Direct Internet Archive OCR text from item johnploughmansta00spur imported with source-edition review and OCR spot-check labels.",Plain practical Christian living resource with illustrations useful for teaching and sermon application.,data/library/verified/john-ploughman-s-talk-c-h-spurgeon.txt,45553,5.1,john ploughman s talk|c h spurgeon,1
984,Tier 4 - useful supporting resource,Christian Book,1020,Knots Untied,J. C. Ryle,1885,Christian Living,J. C. Ryle Collection,https://archive.org/download/knotsuntied00ryleuoft/knotsuntied00ryleuoft_djvu.txt,https://archive.org/download/knotsuntied00ryleuoft/knotsuntied00ryleuoft_djvu.txt,verified,verified_allowed_public_domain,Internet Archive item knotsuntied00ryleuoft lists possible copyright status NOT_IN_COPYRIGHT. Direct IA OCR text imported for beta reading with use-with-discernment and OCR spot-check labels.,Plain doctrinal and practical Christian living resource with perspective labels.,data/library/verified/knots-untied-j-c-ryle.txt,186031,20.7,knots untied|j c ryle,1
985,Tier 4 - useful supporting resource,Christian Book,1020,Knots Untied,John Charles Ryle,1607,Christian Living,Ryle Collection,https://archive.org/download/knotsuntied0000john/knotsuntied0000john_djvu.txt,https://archive.org/download/knotsuntied0000john/knotsuntied0000john_djvu.txt,verified,verified_allowed_public_domain,verified public domain. Source reviewed from https://archive.org/download/knotsuntied0000john/knotsuntied0000john_djvu.txt.,"J. C. Ryle practical Christian resource for discipleship, teaching, and devotional reading. OCR text should be spot-checked before quotation.",data/library/verified/knots-untied-john-charles-ryle.txt,119847,13.3,knots untied|john charles ryle,1
986,Tier 4 - useful supporting resource,Christian Book,1020,"Letters on the Nicobar islands, their natural productions, and the manners, customs, and superstitions of the natives with an account of an attempt made by the Church of the United Brethren, to convert them to Christianity",Johann Gottfried Haensel and Christian Ignatius Latrobe,2008,Missions,Missions Biographies,https://www.gutenberg.org/ebooks/26781,https://www.gutenberg.org/ebooks/26781.txt.utf-8,verified,verified_allowed_with_project_gutenberg_terms,verified public domain. Source reviewed from https://www.gutenberg.org/ebooks/26781.,"Missions biography and history for examples, context, and burden for evangelism and prayer.",data/library/verified/letters-on-the-nicobar-islands-their-natural-productions-and-the-manners-customs-and-superstitions-of-the-nati.txt,15933,1.8,letters on the nicobar islands their natural productions and the manners customs and superstitions of the natives with an account of an attempt made by the church of the united brethren to convert them to christianity|johann gottfried haensel and christian ignatius latrobe,1
987,Tier 4 - useful supporting resource,Christian Book,1020,Light from old times : or Protestant facts and men,"Ryle, J. C. (John Charles), 1816-1900",1550,Christian Living,Ryle Collection,https://archive.org/download/lightfromoldtime00ryleuoft/lightfromoldtime00ryleuoft_djvu.txt,https://archive.org/download/lightfromoldtime00ryleuoft/lightfromoldtime00ryleuoft_djvu.txt,verified,verified_allowed_public_domain,verified public domain. Source reviewed from https://archive.org/download/lightfromoldtime00ryleuoft/lightfromoldtime00ryleuoft_djvu.txt.,"J. C. Ryle practical Christian resource for discipleship, teaching, and devotional reading. OCR text should be spot-checked before quotation.",data/library/verified/light-from-old-times-or-protestant-facts-and-men-ryle-j-c-john-charles-1816-1900.txt,150200,16.7,light from old times or protestant facts and men|ryle j c john charles 1816 1900,1
988,Tier 4 - useful supporting resource,Christian Book,1020,Living or dead?,"Ryle, J. C. (John Charles), 1816-1900",2026,Christian Living,Ryle Collection,https://archive.org/download/livingordead00ryle/livingordead00ryle_djvu.txt,https://archive.org/download/livingordead00ryle/livingordead00ryle_djvu.txt,verified,verified_allowed_public_domain,verified public domain. Source reviewed from https://archive.org/download/livingordead00ryle/livingordead00ryle_djvu.txt.,"J. C. Ryle practical Christian resource for discipleship, teaching, and devotional reading. OCR text should be spot-checked before quotation.",data/library/verified/living-or-dead-ryle-j-c-john-charles-1816-1900.txt,74118,8.2,living or dead|ryle j c john charles 1816 1900,1
989,Tier 4 - useful supporting resource,Christian Book,1020,Living or dead? : a series of home truths,"Ryle, J. C. (John Charles), 1816-1900",2026,Christian Living,Ryle Collection,https://archive.org/download/livingordeadseri00ryle/livingordeadseri00ryle_djvu.txt,https://archive.org/download/livingordeadseri00ryle/livingordeadseri00ryle_djvu.txt,verified,verified_allowed_public_domain,verified public domain. Source reviewed from https://archive.org/download/livingordeadseri00ryle/livingordeadseri00ryle_djvu.txt.,"J. C. Ryle practical Christian resource for discipleship, teaching, and devotional reading. OCR text should be spot-checked before quotation.",data/library/verified/living-or-dead-a-series-of-home-truths-ryle-j-c-john-charles-1816-1900-2.txt,74221,8.2,living or dead a series of home truths|ryle j c john charles 1816 1900,1
990,Tier 4 - useful supporting resource,Christian Book,1020,Living Or Dead?: A Series of Home Truths,John Charles Ryle,2026,Christian Living,Ryle Collection,https://archive.org/download/livingordeadase01rylegoog/livingordeadase01rylegoog_djvu.txt,https://archive.org/download/livingordeadase01rylegoog/livingordeadase01rylegoog_djvu.txt,verified,verified_allowed_public_domain,verified public domain. Source reviewed from https://archive.org/download/livingordeadase01rylegoog/livingordeadase01rylegoog_djvu.txt.,"J. C. Ryle practical Christian resource for discipleship, teaching, and devotional reading. OCR text should be spot-checked before quotation.",data/library/verified/living-or-dead-a-series-of-home-truths-john-charles-ryle.txt,66609,7.4,living or dead a series of home truths|john charles ryle,1
991,Tier 4 - useful supporting resource,Christian Book,1020,Principles for churchmen : a manual of positive statements on some subjects of controversy ..,"Ryle, J. C. (John Charles), 1816-1900",1607,Christian Living,Ryle Collection,https://archive.org/download/principlesforchu00ryleuoft/principlesforchu00ryleuoft_djvu.txt,https://archive.org/download/principlesforchu00ryleuoft/principlesforchu00ryleuoft_djvu.txt,verified,verified_allowed_public_domain,verified public domain. Source reviewed from https://archive.org/download/principlesforchu00ryleuoft/principlesforchu00ryleuoft_djvu.txt.,"J. C. Ryle practical Christian resource for discipleship, teaching, and devotional reading. OCR text should be spot-checked before quotation.",data/library/verified/principles-for-churchmen-a-manual-of-positive-statements-on-some-subjects-of-controversy-ryle-j-c-john-charles.txt,170470,18.9,principles for churchmen a manual of positive statements on some subjects of controversy|ryle j c john charles 1816 1900,1
992,Tier 4 - useful supporting resource,Christian Book,1020,Saint John,"Ryle, J. C. (John Charles), 1816-1900",2026,Christian Living,Ryle Collection,https://archive.org/download/saintjohn0000ryle/saintjohn0000ryle_djvu.txt,https://archive.org/download/saintjohn0000ryle/saintjohn0000ryle_djvu.txt,verified,verified_allowed_public_domain,verified public domain. Source reviewed from https://archive.org/download/saintjohn0000ryle/saintjohn0000ryle_djvu.txt.,"J. C. Ryle practical Christian resource for discipleship, teaching, and devotional reading. OCR text should be spot-checked before quotation.",data/library/verified/saint-john-ryle-j-c-john-charles-1816-1900.txt,191603,21.3,saint john|ryle j c john charles 1816 1900,1
993,Tier 4 - useful supporting resource,Christian Book,1020,Saint Luke,"Ryle, J. C. (John Charles), 1816-1900",2026,Christian Living,Ryle Collection,https://archive.org/download/saintluke0002ryle/saintluke0002ryle_djvu.txt,https://archive.org/download/saintluke0002ryle/saintluke0002ryle_djvu.txt,verified,verified_allowed_public_domain,verified public domain. Source reviewed from https://archive.org/download/saintluke0002ryle/saintluke0002ryle_djvu.txt.,"J. C. Ryle practical Christian resource for discipleship, teaching, and devotional reading. OCR text should be spot-checked before quotation.",data/library/verified/saint-luke-ryle-j-c-john-charles-1816-1900.txt,206546,22.9,saint luke|ryle j c john charles 1816 1900,1
994,Tier 4 - useful supporting resource,Christian Book,1020,Saint Mark,"Ryle, J. C. (John Charles), 1816-1900",1661,Christian Living,Ryle Collection,https://archive.org/download/saintmark0000ryle/saintmark0000ryle_djvu.txt,https://archive.org/download/saintmark0000ryle/saintmark0000ryle_djvu.txt,verified,verified_allowed_public_domain,verified public domain. Source reviewed from https://archive.org/download/saintmark0000ryle/saintmark0000ryle_djvu.txt.,"J. C. Ryle practical Christian resource for discipleship, teaching, and devotional reading. OCR text should be spot-checked before quotation.",data/library/verified/saint-mark-ryle-j-c-john-charles-1816-1900.txt,129047,14.3,saint mark|ryle j c john charles 1816 1900,1
995,Tier 4 - useful supporting resource,Christian Book,1020,Startling questions,"Ryle, J. C. (John Charles), 1816-1900",2026,Christian Living,Ryle Collection,https://archive.org/download/startlingquestio00ryle/startlingquestio00ryle_djvu.txt,https://archive.org/download/startlingquestio00ryle/startlingquestio00ryle_djvu.txt,verified,verified_allowed_public_domain,verified public domain. Source reviewed from https://archive.org/download/startlingquestio00ryle/startlingquestio00ryle_djvu.txt.,"J. C. Ryle practical Christian resource for discipleship, teaching, and devotional reading. OCR text should be spot-checked before quotation.",data/library/verified/startling-questions-ryle-j-c-john-charles-1816-1900.txt,77723,8.6,startling questions|ryle j c john charles 1816 1900,1
996,Tier 4 - useful supporting resource,Christian Book,1020,The Life of Trust,George Müller,1861,Prayer,Prayer,https://www.gutenberg.org/ebooks/27288,https://www.gutenberg.org/ebooks/27288.txt.utf-8,verified,verified_allowed_with_project_gutenberg_terms,Project Gutenberg catalog page reports public domain in the USA. Retain source/license notes for redistributed Project Gutenberg files.,"Prayer meetings, missions emphasis, and devotional faith-building.",data/library/verified/the-life-of-trust.txt,162443,18.0,the life of trust|george mu ller,1
997,Tier 4 - useful supporting resource,Christian Book,1020,"The priest, the Puritan, and the preacher","Ryle, J. C. (John Charles), 1816-1900",2026,Christian Living,Ryle Collection,https://archive.org/download/priestpuritanpre00ryle/priestpuritanpre00ryle_djvu.txt,https://archive.org/download/priestpuritanpre00ryle/priestpuritanpre00ryle_djvu.txt,verified,verified_allowed_public_domain,verified public domain. Source reviewed from https://archive.org/download/priestpuritanpre00ryle/priestpuritanpre00ryle_djvu.txt.,"J. C. Ryle practical Christian resource for discipleship, teaching, and devotional reading. OCR text should be spot-checked before quotation.",data/library/verified/the-priest-the-puritan-and-the-preacher-ryle-j-c-john-charles-1816-1900.txt,66278,7.4,the priest the puritan and the preacher|ryle j c john charles 1816 1900,1
998,Tier 4 - useful supporting resource,Christian Book,1020,The Spirit-Filled Life,"MacNeil, John; Murray, Andrew",2010,Christian Living,Christian Living,https://www.gutenberg.org/ebooks/33247,https://www.gutenberg.org/ebooks/33247.txt.utf-8,verified,verified_allowed_with_project_gutenberg_terms,Project Gutenberg catalog/metadata source indicates public-domain availability in the USA. Retain source/license notes for redistributed Project Gutenberg files.,Christian classic or devotional resource for careful reading and practical application.,data/library/verified/the-spirit-filled-life.txt,29926,3.3,the spirit filled life|macneil john murray andrew,1
999,Tier 4 - useful supporting resource,Bible Study Reference,1020,The Translators Revived,Alexander W. McClure,1530,KJV / Textual Issues,English Bible History,https://archive.org/download/translatorsreviv00mclu/translatorsreviv00mclu_djvu.txt,https://archive.org/download/translatorsreviv00mclu/translatorsreviv00mclu_djvu.txt,verified,verified_allowed_public_domain,verified public domain. Source reviewed from https://archive.org/download/translatorsreviv00mclu/translatorsreviv00mclu_djvu.txt.,"Biographical study of the KJV translators. Useful for English Bible history, KJV background, and teacher preparation.",data/library/verified/the-translators-revived-alexander-w-mcclure.txt,52844,5.9,the translators revived|alexander w mcclure,1
1000,Tier 4 - useful supporting resource,Christian Book,1020,The way to God and how to find it [microform],"Moody, D. L. (Dwight Lyman), 1837-1899",2026,Evangelism,Moody Collection,https://archive.org/download/cihm_93790/cihm_93790_djvu.txt,https://archive.org/download/cihm_93790/cihm_93790_djvu.txt,verified,verified_allowed_public_domain,verified public domain. Source reviewed from https://archive.org/download/cihm_93790/cihm_93790_djvu.txt.,D. L. Moody evangelistic and devotional resource for Christian living and ministry use. OCR text should be spot-checked before quotation.,data/library/verified/the-way-to-god-and-how-to-find-it-microform-moody-d-l-dwight-lyman-1837-1899.txt,38943,4.3,the way to god and how to find it microform|moody d l dwight lyman 1837 1899,1
